model,participant,study,y,p
baseline: chance,GaCo01,Ga,0,0.5423728813559322
baseline: chance,GaCo02,Ga,0,0.5423728813559322
baseline: chance,GaCo03,Ga,0,0.5423728813559322
baseline: chance,GaCo04,Ga,0,0.5423728813559322
baseline: chance,GaCo05,Ga,0,0.5423728813559322
baseline: chance,GaCo06,Ga,0,0.5423728813559322
baseline: chance,GaCo07,Ga,0,0.5423728813559322
baseline: chance,GaCo08,Ga,0,0.5423728813559322
baseline: chance,GaCo09,Ga,0,0.5423728813559322
baseline: chance,GaCo10,Ga,0,0.5423728813559322
baseline: chance,GaCo11,Ga,0,0.5423728813559322
baseline: chance,GaCo12,Ga,0,0.5423728813559322
baseline: chance,GaCo13,Ga,0,0.5423728813559322
baseline: chance,GaCo14,Ga,0,0.5423728813559322
baseline: chance,GaCo15,Ga,0,0.5423728813559322
baseline: chance,GaCo16,Ga,0,0.5423728813559322
baseline: chance,GaCo17,Ga,0,0.5423728813559322
baseline: chance,GaCo22,Ga,0,0.5423728813559322
baseline: chance,GaPt03,Ga,1,0.5423728813559322
baseline: chance,GaPt04,Ga,1,0.5423728813559322
baseline: chance,GaPt05,Ga,1,0.5423728813559322
baseline: chance,GaPt06,Ga,1,0.5423728813559322
baseline: chance,GaPt07,Ga,1,0.5423728813559322
baseline: chance,GaPt08,Ga,1,0.5423728813559322
baseline: chance,GaPt09,Ga,1,0.5423728813559322
baseline: chance,GaPt12,Ga,1,0.5423728813559322
baseline: chance,GaPt13,Ga,1,0.5423728813559322
baseline: chance,GaPt14,Ga,1,0.5423728813559322
baseline: chance,GaPt15,Ga,1,0.5423728813559322
baseline: chance,GaPt16,Ga,1,0.5423728813559322
baseline: chance,GaPt17,Ga,1,0.5423728813559322
baseline: chance,GaPt18,Ga,1,0.5423728813559322
baseline: chance,GaPt19,Ga,1,0.5423728813559322
baseline: chance,GaPt20,Ga,1,0.5423728813559322
baseline: chance,GaPt21,Ga,1,0.5423728813559322
baseline: chance,GaPt22,Ga,1,0.5423728813559322
baseline: chance,GaPt23,Ga,1,0.5423728813559322
baseline: chance,GaPt24,Ga,1,0.5423728813559322
baseline: chance,GaPt25,Ga,1,0.5423728813559322
baseline: chance,GaPt26,Ga,1,0.5423728813559322
baseline: chance,GaPt27,Ga,1,0.5423728813559322
baseline: chance,GaPt28,Ga,1,0.5423728813559322
baseline: chance,GaPt29,Ga,1,0.5423728813559322
baseline: chance,GaPt30,Ga,1,0.5423728813559322
baseline: chance,GaPt31,Ga,1,0.5423728813559322
baseline: chance,GaPt32,Ga,1,0.5423728813559322
baseline: chance,GaPt33,Ga,1,0.5423728813559322
baseline: chance,JuCo01,Ju,0,0.5765765765765766
baseline: chance,JuCo02,Ju,0,0.5765765765765766
baseline: chance,JuCo03,Ju,0,0.5765765765765766
baseline: chance,JuCo04,Ju,0,0.5765765765765766
baseline: chance,JuCo05,Ju,0,0.5765765765765766
baseline: chance,JuCo06,Ju,0,0.5765765765765766
baseline: chance,JuCo07,Ju,0,0.5765765765765766
baseline: chance,JuCo08,Ju,0,0.5765765765765766
baseline: chance,JuCo09,Ju,0,0.5765765765765766
baseline: chance,JuCo11,Ju,0,0.5765765765765766
baseline: chance,JuCo12,Ju,0,0.5765765765765766
baseline: chance,JuCo13,Ju,0,0.5765765765765766
baseline: chance,JuCo14,Ju,0,0.5765765765765766
baseline: chance,JuCo15,Ju,0,0.5765765765765766
baseline: chance,JuCo16,Ju,0,0.5765765765765766
baseline: chance,JuCo17,Ju,0,0.5765765765765766
baseline: chance,JuCo18,Ju,0,0.5765765765765766
baseline: chance,JuCo19,Ju,0,0.5765765765765766
baseline: chance,JuCo20,Ju,0,0.5765765765765766
baseline: chance,JuCo21,Ju,0,0.5765765765765766
baseline: chance,JuCo22,Ju,0,0.5765765765765766
baseline: chance,JuCo23,Ju,0,0.5765765765765766
baseline: chance,JuCo24,Ju,0,0.5765765765765766
baseline: chance,JuCo25,Ju,0,0.5765765765765766
baseline: chance,JuCo26,Ju,0,0.5765765765765766
baseline: chance,JuPt01,Ju,1,0.5765765765765766
baseline: chance,JuPt02,Ju,1,0.5765765765765766
baseline: chance,JuPt03,Ju,1,0.5765765765765766
baseline: chance,JuPt04,Ju,1,0.5765765765765766
baseline: chance,JuPt05,Ju,1,0.5765765765765766
baseline: chance,JuPt06,Ju,1,0.5765765765765766
baseline: chance,JuPt07,Ju,1,0.5765765765765766
baseline: chance,JuPt08,Ju,1,0.5765765765765766
baseline: chance,JuPt09,Ju,1,0.5765765765765766
baseline: chance,JuPt10,Ju,1,0.5765765765765766
baseline: chance,JuPt11,Ju,1,0.5765765765765766
baseline: chance,JuPt12,Ju,1,0.5765765765765766
baseline: chance,JuPt13,Ju,1,0.5765765765765766
baseline: chance,JuPt14,Ju,1,0.5765765765765766
baseline: chance,JuPt15,Ju,1,0.5765765765765766
baseline: chance,JuPt16,Ju,1,0.5765765765765766
baseline: chance,JuPt17,Ju,1,0.5765765765765766
baseline: chance,JuPt18,Ju,1,0.5765765765765766
baseline: chance,JuPt19,Ju,1,0.5765765765765766
baseline: chance,JuPt20,Ju,1,0.5765765765765766
baseline: chance,JuPt21,Ju,1,0.5765765765765766
baseline: chance,JuPt22,Ju,1,0.5765765765765766
baseline: chance,JuPt23,Ju,1,0.5765765765765766
baseline: chance,JuPt24,Ju,1,0.5765765765765766
baseline: chance,JuPt25,Ju,1,0.5765765765765766
baseline: chance,JuPt26,Ju,1,0.5765765765765766
baseline: chance,JuPt27,Ju,1,0.5765765765765766
baseline: chance,JuPt28,Ju,1,0.5765765765765766
baseline: chance,JuPt29,Ju,1,0.5765765765765766
baseline: chance,SiCo01,Si,0,0.5742574257425742
baseline: chance,SiCo03,Si,0,0.5742574257425742
baseline: chance,SiCo04,Si,0,0.5742574257425742
baseline: chance,SiCo05,Si,0,0.5742574257425742
baseline: chance,SiCo06,Si,0,0.5742574257425742
baseline: chance,SiCo07,Si,0,0.5742574257425742
baseline: chance,SiCo08,Si,0,0.5742574257425742
baseline: chance,SiCo09,Si,0,0.5742574257425742
baseline: chance,SiCo10,Si,0,0.5742574257425742
baseline: chance,SiCo11,Si,0,0.5742574257425742
baseline: chance,SiCo12,Si,0,0.5742574257425742
baseline: chance,SiCo13,Si,0,0.5742574257425742
baseline: chance,SiCo14,Si,0,0.5742574257425742
baseline: chance,SiCo15,Si,0,0.5742574257425742
baseline: chance,SiCo16,Si,0,0.5742574257425742
baseline: chance,SiCo17,Si,0,0.5742574257425742
baseline: chance,SiCo18,Si,0,0.5742574257425742
baseline: chance,SiCo19,Si,0,0.5742574257425742
baseline: chance,SiCo20,Si,0,0.5742574257425742
baseline: chance,SiCo21,Si,0,0.5742574257425742
baseline: chance,SiCo22,Si,0,0.5742574257425742
baseline: chance,SiCo23,Si,0,0.5742574257425742
baseline: chance,SiCo24,Si,0,0.5742574257425742
baseline: chance,SiCo25,Si,0,0.5742574257425742
baseline: chance,SiCo26,Si,0,0.5742574257425742
baseline: chance,SiCo27,Si,0,0.5742574257425742
baseline: chance,SiCo28,Si,0,0.5742574257425742
baseline: chance,SiCo29,Si,0,0.5742574257425742
baseline: chance,SiCo30,Si,0,0.5742574257425742
baseline: chance,SiPt02,Si,1,0.5742574257425742
baseline: chance,SiPt04,Si,1,0.5742574257425742
baseline: chance,SiPt05,Si,1,0.5742574257425742
baseline: chance,SiPt07,Si,1,0.5742574257425742
baseline: chance,SiPt08,Si,1,0.5742574257425742
baseline: chance,SiPt09,Si,1,0.5742574257425742
baseline: chance,SiPt10,Si,1,0.5742574257425742
baseline: chance,SiPt12,Si,1,0.5742574257425742
baseline: chance,SiPt13,Si,1,0.5742574257425742
baseline: chance,SiPt14,Si,1,0.5742574257425742
baseline: chance,SiPt15,Si,1,0.5742574257425742
baseline: chance,SiPt16,Si,1,0.5742574257425742
baseline: chance,SiPt17,Si,1,0.5742574257425742
baseline: chance,SiPt18,Si,1,0.5742574257425742
baseline: chance,SiPt19,Si,1,0.5742574257425742
baseline: chance,SiPt20,Si,1,0.5742574257425742
baseline: chance,SiPt21,Si,1,0.5742574257425742
baseline: chance,SiPt22,Si,1,0.5742574257425742
baseline: chance,SiPt23,Si,1,0.5742574257425742
baseline: chance,SiPt24,Si,1,0.5742574257425742
baseline: chance,SiPt25,Si,1,0.5742574257425742
baseline: chance,SiPt27,Si,1,0.5742574257425742
baseline: chance,SiPt28,Si,1,0.5742574257425742
baseline: chance,SiPt29,Si,1,0.5742574257425742
baseline: chance,SiPt30,Si,1,0.5742574257425742
baseline: chance,SiPt31,Si,1,0.5742574257425742
baseline: chance,SiPt32,Si,1,0.5742574257425742
baseline: chance,SiPt33,Si,1,0.5742574257425742
baseline: chance,SiPt34,Si,1,0.5742574257425742
baseline: chance,SiPt35,Si,1,0.5742574257425742
baseline: chance,SiPt36,Si,1,0.5742574257425742
baseline: chance,SiPt37,Si,1,0.5742574257425742
baseline: chance,SiPt38,Si,1,0.5742574257425742
baseline: chance,SiPt39,Si,1,0.5742574257425742
baseline: chance,SiPt40,Si,1,0.5742574257425742
single: stride_time_mean_s,GaCo01,Ga,0,0.6298656697818489
single: stride_time_mean_s,GaCo02,Ga,0,0.5450392353470296
single: stride_time_mean_s,GaCo03,Ga,0,0.6357313878983081
single: stride_time_mean_s,GaCo04,Ga,0,0.6421209334595182
single: stride_time_mean_s,GaCo05,Ga,0,0.5103990453946569
single: stride_time_mean_s,GaCo06,Ga,0,0.5888369239271503
single: stride_time_mean_s,GaCo07,Ga,0,0.5045232520061562
single: stride_time_mean_s,GaCo08,Ga,0,0.6158675543993876
single: stride_time_mean_s,GaCo09,Ga,0,0.5185098298344554
single: stride_time_mean_s,GaCo10,Ga,0,0.5235243743531214
single: stride_time_mean_s,GaCo11,Ga,0,0.4821351981988414
single: stride_time_mean_s,GaCo12,Ga,0,0.4758026052986876
single: stride_time_mean_s,GaCo13,Ga,0,0.4803077221156316
single: stride_time_mean_s,GaCo14,Ga,0,0.5366023489680725
single: stride_time_mean_s,GaCo15,Ga,0,0.5062628187262997
single: stride_time_mean_s,GaCo16,Ga,0,0.5114320245239558
single: stride_time_mean_s,GaCo17,Ga,0,0.5396876918033122
single: stride_time_mean_s,GaCo22,Ga,0,0.5388855147812316
single: stride_time_mean_s,GaPt03,Ga,1,0.7901354992761799
single: stride_time_mean_s,GaPt04,Ga,1,0.6634633678159804
single: stride_time_mean_s,GaPt05,Ga,1,0.5324184880439597
single: stride_time_mean_s,GaPt06,Ga,1,0.5816344122781706
single: stride_time_mean_s,GaPt07,Ga,1,0.7372937659396966
single: stride_time_mean_s,GaPt08,Ga,1,0.5784117358030574
single: stride_time_mean_s,GaPt09,Ga,1,0.46593967730653074
single: stride_time_mean_s,GaPt12,Ga,1,0.47037549607088086
single: stride_time_mean_s,GaPt13,Ga,1,0.45979716246514774
single: stride_time_mean_s,GaPt14,Ga,1,0.4818980200570362
single: stride_time_mean_s,GaPt15,Ga,1,0.5323925669639609
single: stride_time_mean_s,GaPt16,Ga,1,0.5140178032785744
single: stride_time_mean_s,GaPt17,Ga,1,0.5912793031660173
single: stride_time_mean_s,GaPt18,Ga,1,0.5736516115355089
single: stride_time_mean_s,GaPt19,Ga,1,0.4372028813592647
single: stride_time_mean_s,GaPt20,Ga,1,0.5553147562379416
single: stride_time_mean_s,GaPt21,Ga,1,0.48971184217667435
single: stride_time_mean_s,GaPt22,Ga,1,0.6434554673508059
single: stride_time_mean_s,GaPt23,Ga,1,0.8332161559080324
single: stride_time_mean_s,GaPt24,Ga,1,0.4939395556744382
single: stride_time_mean_s,GaPt25,Ga,1,0.45640457911760435
single: stride_time_mean_s,GaPt26,Ga,1,0.5579499956207229
single: stride_time_mean_s,GaPt27,Ga,1,0.5511627369271394
single: stride_time_mean_s,GaPt28,Ga,1,0.5523860806524219
single: stride_time_mean_s,GaPt29,Ga,1,0.47746539833973883
single: stride_time_mean_s,GaPt30,Ga,1,0.5340820980945659
single: stride_time_mean_s,GaPt31,Ga,1,0.5482334066216278
single: stride_time_mean_s,GaPt32,Ga,1,0.47238793867210666
single: stride_time_mean_s,GaPt33,Ga,1,0.6305730938284471
single: stride_time_mean_s,JuCo01,Ju,0,0.6572044283397328
single: stride_time_mean_s,JuCo02,Ju,0,0.521913089177715
single: stride_time_mean_s,JuCo03,Ju,0,0.47119547447471516
single: stride_time_mean_s,JuCo04,Ju,0,0.5261857055505184
single: stride_time_mean_s,JuCo05,Ju,0,0.5598873991662137
single: stride_time_mean_s,JuCo06,Ju,0,0.4903765846489521
single: stride_time_mean_s,JuCo07,Ju,0,0.42089059499916587
single: stride_time_mean_s,JuCo08,Ju,0,0.5051745708432378
single: stride_time_mean_s,JuCo09,Ju,0,0.37633164090304544
single: stride_time_mean_s,JuCo11,Ju,0,0.6591354236049177
single: stride_time_mean_s,JuCo12,Ju,0,0.5564979924296757
single: stride_time_mean_s,JuCo13,Ju,0,0.5792501319764987
single: stride_time_mean_s,JuCo14,Ju,0,0.5604940277954487
single: stride_time_mean_s,JuCo15,Ju,0,0.5773974290595674
single: stride_time_mean_s,JuCo16,Ju,0,0.43840665013387164
single: stride_time_mean_s,JuCo17,Ju,0,0.5216798877291803
single: stride_time_mean_s,JuCo18,Ju,0,0.5544121774727901
single: stride_time_mean_s,JuCo19,Ju,0,0.5368511853048911
single: stride_time_mean_s,JuCo20,Ju,0,0.5290654475977657
single: stride_time_mean_s,JuCo21,Ju,0,0.6565214025553329
single: stride_time_mean_s,JuCo22,Ju,0,0.581660907108378
single: stride_time_mean_s,JuCo23,Ju,0,0.776991972692704
single: stride_time_mean_s,JuCo24,Ju,0,0.515655091770112
single: stride_time_mean_s,JuCo25,Ju,0,0.716162829314322
single: stride_time_mean_s,JuCo26,Ju,0,0.5731830885778144
single: stride_time_mean_s,JuPt01,Ju,1,0.5731830885778144
single: stride_time_mean_s,JuPt02,Ju,1,0.502377238125633
single: stride_time_mean_s,JuPt03,Ju,1,0.6051873366686228
single: stride_time_mean_s,JuPt04,Ju,1,0.5340260941837994
single: stride_time_mean_s,JuPt05,Ju,1,0.583725722792156
single: stride_time_mean_s,JuPt06,Ju,1,0.5087586484710991
single: stride_time_mean_s,JuPt07,Ju,1,0.32993695225499853
single: stride_time_mean_s,JuPt08,Ju,1,0.38241560084649157
single: stride_time_mean_s,JuPt09,Ju,1,0.4710447431290908
single: stride_time_mean_s,JuPt10,Ju,1,0.5262633673141546
single: stride_time_mean_s,JuPt11,Ju,1,0.44239234036610703
single: stride_time_mean_s,JuPt12,Ju,1,0.49248837229253317
single: stride_time_mean_s,JuPt13,Ju,1,0.5545340372152922
single: stride_time_mean_s,JuPt14,Ju,1,0.7416879832370928
single: stride_time_mean_s,JuPt15,Ju,1,0.45231960754558803
single: stride_time_mean_s,JuPt16,Ju,1,0.6598361178420178
single: stride_time_mean_s,JuPt17,Ju,1,0.48145066923949187
single: stride_time_mean_s,JuPt18,Ju,1,0.8826577834643822
single: stride_time_mean_s,JuPt19,Ju,1,0.5035752852790967
single: stride_time_mean_s,JuPt20,Ju,1,0.500388191653284
single: stride_time_mean_s,JuPt21,Ju,1,0.7139841369088581
single: stride_time_mean_s,JuPt22,Ju,1,0.45558825376007517
single: stride_time_mean_s,JuPt23,Ju,1,0.42511376992197547
single: stride_time_mean_s,JuPt24,Ju,1,0.5389636288258328
single: stride_time_mean_s,JuPt25,Ju,1,0.5923504517117384
single: stride_time_mean_s,JuPt26,Ju,1,0.6599087027274494
single: stride_time_mean_s,JuPt27,Ju,1,0.5703108665066322
single: stride_time_mean_s,JuPt28,Ju,1,0.5277609332314
single: stride_time_mean_s,JuPt29,Ju,1,0.5121038289218705
single: stride_time_mean_s,SiCo01,Si,0,0.6038015947377707
single: stride_time_mean_s,SiCo03,Si,0,0.5624290707407923
single: stride_time_mean_s,SiCo04,Si,0,0.5666962103577524
single: stride_time_mean_s,SiCo05,Si,0,0.5714426798503331
single: stride_time_mean_s,SiCo06,Si,0,0.5676587790717008
single: stride_time_mean_s,SiCo07,Si,0,0.564059840520478
single: stride_time_mean_s,SiCo08,Si,0,0.5592675764188703
single: stride_time_mean_s,SiCo09,Si,0,0.572480991868237
single: stride_time_mean_s,SiCo10,Si,0,0.5529019707691725
single: stride_time_mean_s,SiCo11,Si,0,0.5363545550855955
single: stride_time_mean_s,SiCo12,Si,0,0.5419674115459646
single: stride_time_mean_s,SiCo13,Si,0,0.5664444322858795
single: stride_time_mean_s,SiCo14,Si,0,0.5813996071122318
single: stride_time_mean_s,SiCo15,Si,0,0.5598737304029647
single: stride_time_mean_s,SiCo16,Si,0,0.5978786163335752
single: stride_time_mean_s,SiCo17,Si,0,0.5749807454904523
single: stride_time_mean_s,SiCo18,Si,0,0.5722206061096685
single: stride_time_mean_s,SiCo19,Si,0,0.5870879132974856
single: stride_time_mean_s,SiCo20,Si,0,0.5800862074165418
single: stride_time_mean_s,SiCo21,Si,0,0.5678979275186445
single: stride_time_mean_s,SiCo22,Si,0,0.5576599855806456
single: stride_time_mean_s,SiCo23,Si,0,0.5788882487822627
single: stride_time_mean_s,SiCo24,Si,0,0.5851542875239035
single: stride_time_mean_s,SiCo25,Si,0,0.5791014214208982
single: stride_time_mean_s,SiCo26,Si,0,0.5951112605616748
single: stride_time_mean_s,SiCo27,Si,0,0.5634349164743345
single: stride_time_mean_s,SiCo28,Si,0,0.5892505040525458
single: stride_time_mean_s,SiCo29,Si,0,0.5660154978210321
single: stride_time_mean_s,SiCo30,Si,0,0.5680282943866873
single: stride_time_mean_s,SiPt02,Si,1,0.5774562440927092
single: stride_time_mean_s,SiPt04,Si,1,0.5849207568966327
single: stride_time_mean_s,SiPt05,Si,1,0.5732608074905098
single: stride_time_mean_s,SiPt07,Si,1,0.5856206446537571
single: stride_time_mean_s,SiPt08,Si,1,0.5779478859172191
single: stride_time_mean_s,SiPt09,Si,1,0.5801736161459408
single: stride_time_mean_s,SiPt10,Si,1,0.5939813837128946
single: stride_time_mean_s,SiPt12,Si,1,0.5927470607135812
single: stride_time_mean_s,SiPt13,Si,1,0.5721882253013959
single: stride_time_mean_s,SiPt14,Si,1,0.5729666167162514
single: stride_time_mean_s,SiPt15,Si,1,0.5638451956086017
single: stride_time_mean_s,SiPt16,Si,1,0.5922958537428157
single: stride_time_mean_s,SiPt17,Si,1,0.5821775347397482
single: stride_time_mean_s,SiPt18,Si,1,0.5977150870743418
single: stride_time_mean_s,SiPt19,Si,1,0.5778901441214235
single: stride_time_mean_s,SiPt20,Si,1,0.5980379032247549
single: stride_time_mean_s,SiPt21,Si,1,0.5675593420052145
single: stride_time_mean_s,SiPt22,Si,1,0.5738269856986054
single: stride_time_mean_s,SiPt23,Si,1,0.5744558665057914
single: stride_time_mean_s,SiPt24,Si,1,0.5782129542066289
single: stride_time_mean_s,SiPt25,Si,1,0.5647999478796211
single: stride_time_mean_s,SiPt27,Si,1,0.5770291889056495
single: stride_time_mean_s,SiPt28,Si,1,0.5774106875661856
single: stride_time_mean_s,SiPt29,Si,1,0.604686362826896
single: stride_time_mean_s,SiPt30,Si,1,0.5750445149871808
single: stride_time_mean_s,SiPt31,Si,1,0.5790710011722133
single: stride_time_mean_s,SiPt32,Si,1,0.6019407021124912
single: stride_time_mean_s,SiPt33,Si,1,0.581178895039663
single: stride_time_mean_s,SiPt34,Si,1,0.5703414939859245
single: stride_time_mean_s,SiPt35,Si,1,0.5825675078376682
single: stride_time_mean_s,SiPt36,Si,1,0.5680573422425732
single: stride_time_mean_s,SiPt37,Si,1,0.5939418771227372
single: stride_time_mean_s,SiPt38,Si,1,0.5853257201574257
single: stride_time_mean_s,SiPt39,Si,1,0.5691613671242634
single: stride_time_mean_s,SiPt40,Si,1,0.5573331941463906
single: stride_time_cv_pct,GaCo01,Ga,0,0.39261321743854766
single: stride_time_cv_pct,GaCo02,Ga,0,0.44769858584916206
single: stride_time_cv_pct,GaCo03,Ga,0,0.6500842394391264
single: stride_time_cv_pct,GaCo04,Ga,0,0.7329457742069267
single: stride_time_cv_pct,GaCo05,Ga,0,0.5034871812507594
single: stride_time_cv_pct,GaCo06,Ga,0,0.6950489883549629
single: stride_time_cv_pct,GaCo07,Ga,0,0.49645344898384763
single: stride_time_cv_pct,GaCo08,Ga,0,0.7446204821217726
single: stride_time_cv_pct,GaCo09,Ga,0,0.6054692072333143
single: stride_time_cv_pct,GaCo10,Ga,0,0.6619386528317717
single: stride_time_cv_pct,GaCo11,Ga,0,0.5509989546948012
single: stride_time_cv_pct,GaCo12,Ga,0,0.47369236077359966
single: stride_time_cv_pct,GaCo13,Ga,0,0.4849903274753868
single: stride_time_cv_pct,GaCo14,Ga,0,0.6879278481229487
single: stride_time_cv_pct,GaCo15,Ga,0,0.71191264721589
single: stride_time_cv_pct,GaCo16,Ga,0,0.8541728279345869
single: stride_time_cv_pct,GaCo17,Ga,0,0.740107551792973
single: stride_time_cv_pct,GaCo22,Ga,0,0.7486266171420148
single: stride_time_cv_pct,GaPt03,Ga,1,0.8854767210107488
single: stride_time_cv_pct,GaPt04,Ga,1,0.7273949998322887
single: stride_time_cv_pct,GaPt05,Ga,1,0.7291014070156158
single: stride_time_cv_pct,GaPt06,Ga,1,0.6221838945752369
single: stride_time_cv_pct,GaPt07,Ga,1,0.9465585794456565
single: stride_time_cv_pct,GaPt08,Ga,1,0.6419020801645239
single: stride_time_cv_pct,GaPt09,Ga,1,0.6259271270139253
single: stride_time_cv_pct,GaPt12,Ga,1,0.494216562175599
single: stride_time_cv_pct,GaPt13,Ga,1,0.6061140470642459
single: stride_time_cv_pct,GaPt14,Ga,1,0.6316371188593602
single: stride_time_cv_pct,GaPt15,Ga,1,0.5685510863384767
single: stride_time_cv_pct,GaPt16,Ga,1,0.2493724602398687
single: stride_time_cv_pct,GaPt17,Ga,1,0.7409701394714815
single: stride_time_cv_pct,GaPt18,Ga,1,0.6345918933209859
single: stride_time_cv_pct,GaPt19,Ga,1,0.4492664265595853
single: stride_time_cv_pct,GaPt20,Ga,1,0.6868292437355854
single: stride_time_cv_pct,GaPt21,Ga,1,0.5486350596101104
single: stride_time_cv_pct,GaPt22,Ga,1,0.4462856452288066
single: stride_time_cv_pct,GaPt23,Ga,1,0.8303780491831323
single: stride_time_cv_pct,GaPt24,Ga,1,0.7030855693432925
single: stride_time_cv_pct,GaPt25,Ga,1,0.663374686051271
single: stride_time_cv_pct,GaPt26,Ga,1,0.5850390412719587
single: stride_time_cv_pct,GaPt27,Ga,1,0.46240819244275605
single: stride_time_cv_pct,GaPt28,Ga,1,0.4588176079538286
single: stride_time_cv_pct,GaPt29,Ga,1,0.615100435966517
single: stride_time_cv_pct,GaPt30,Ga,1,0.5479092428597806
single: stride_time_cv_pct,GaPt31,Ga,1,0.6261335034160112
single: stride_time_cv_pct,GaPt32,Ga,1,0.5595510562079887
single: stride_time_cv_pct,GaPt33,Ga,1,0.48604256487289066
single: stride_time_cv_pct,JuCo01,Ju,0,0.5430939654443374
single: stride_time_cv_pct,JuCo02,Ju,0,0.4311883456418061
single: stride_time_cv_pct,JuCo03,Ju,0,0.5200525645959975
single: stride_time_cv_pct,JuCo04,Ju,0,0.6390557005565672
single: stride_time_cv_pct,JuCo05,Ju,0,0.6818944581016769
single: stride_time_cv_pct,JuCo06,Ju,0,0.6307057242646007
single: stride_time_cv_pct,JuCo07,Ju,0,0.5885283777848542
single: stride_time_cv_pct,JuCo08,Ju,0,0.4574721873834973
single: stride_time_cv_pct,JuCo09,Ju,0,0.6424523771629211
single: stride_time_cv_pct,JuCo11,Ju,0,0.7233844914229457
single: stride_time_cv_pct,JuCo12,Ju,0,0.693644595747066
single: stride_time_cv_pct,JuCo13,Ju,0,0.40886269001638287
single: stride_time_cv_pct,JuCo14,Ju,0,0.4087938621876544
single: stride_time_cv_pct,JuCo15,Ju,0,0.5780660529142376
single: stride_time_cv_pct,JuCo16,Ju,0,0.682264648602033
single: stride_time_cv_pct,JuCo17,Ju,0,0.5941161837726199
single: stride_time_cv_pct,JuCo18,Ju,0,0.33840841778672387
single: stride_time_cv_pct,JuCo19,Ju,0,0.6560917944374334
single: stride_time_cv_pct,JuCo20,Ju,0,0.6626011057253939
single: stride_time_cv_pct,JuCo21,Ju,0,0.4168308987796402
single: stride_time_cv_pct,JuCo22,Ju,0,0.7395152410902022
single: stride_time_cv_pct,JuCo23,Ju,0,0.7022548248084912
single: stride_time_cv_pct,JuCo24,Ju,0,0.6226955020745266
single: stride_time_cv_pct,JuCo25,Ju,0,0.708608917090196
single: stride_time_cv_pct,JuCo26,Ju,0,0.564744355624103
single: stride_time_cv_pct,JuPt01,Ju,1,0.564744355624103
single: stride_time_cv_pct,JuPt02,Ju,1,0.6452058246229337
single: stride_time_cv_pct,JuPt03,Ju,1,0.5317259741761198
single: stride_time_cv_pct,JuPt04,Ju,1,0.546126446544517
single: stride_time_cv_pct,JuPt05,Ju,1,0.4637782417966669
single: stride_time_cv_pct,JuPt06,Ju,1,0.6201330601419338
single: stride_time_cv_pct,JuPt07,Ju,1,0.6692418770119202
single: stride_time_cv_pct,JuPt08,Ju,1,0.6028998102612372
single: stride_time_cv_pct,JuPt09,Ju,1,0.5713110889418479
single: stride_time_cv_pct,JuPt10,Ju,1,0.6964729450724709
single: stride_time_cv_pct,JuPt11,Ju,1,0.6946925502851147
single: stride_time_cv_pct,JuPt12,Ju,1,0.6387331605430676
single: stride_time_cv_pct,JuPt13,Ju,1,0.8317662307902393
single: stride_time_cv_pct,JuPt14,Ju,1,0.6653268900312265
single: stride_time_cv_pct,JuPt15,Ju,1,0.43257542364170365
single: stride_time_cv_pct,JuPt16,Ju,1,0.7111530706683735
single: stride_time_cv_pct,JuPt17,Ju,1,0.6409890758931298
single: stride_time_cv_pct,JuPt18,Ju,1,0.714413351564084
single: stride_time_cv_pct,JuPt19,Ju,1,0.4734397057819984
single: stride_time_cv_pct,JuPt20,Ju,1,0.6679966507214813
single: stride_time_cv_pct,JuPt21,Ju,1,0.6934259227354547
single: stride_time_cv_pct,JuPt22,Ju,1,0.44897974099844984
single: stride_time_cv_pct,JuPt23,Ju,1,0.5466824585477494
single: stride_time_cv_pct,JuPt24,Ju,1,0.493116314986462
single: stride_time_cv_pct,JuPt25,Ju,1,0.7665971612608886
single: stride_time_cv_pct,JuPt26,Ju,1,0.6568230799748325
single: stride_time_cv_pct,JuPt27,Ju,1,0.6461662524614423
single: stride_time_cv_pct,JuPt28,Ju,1,0.5562118137529384
single: stride_time_cv_pct,JuPt29,Ju,1,0.6670219377255406
single: stride_time_cv_pct,SiCo01,Si,0,0.5823949079518265
single: stride_time_cv_pct,SiCo03,Si,0,0.5109372959543254
single: stride_time_cv_pct,SiCo04,Si,0,0.5104107355339857
single: stride_time_cv_pct,SiCo05,Si,0,0.5622082952941658
single: stride_time_cv_pct,SiCo06,Si,0,0.5426726198866325
single: stride_time_cv_pct,SiCo07,Si,0,0.520388650769496
single: stride_time_cv_pct,SiCo08,Si,0,0.5135334536010522
single: stride_time_cv_pct,SiCo09,Si,0,0.5061314612358077
single: stride_time_cv_pct,SiCo10,Si,0,0.5491146012834484
single: stride_time_cv_pct,SiCo11,Si,0,0.5644201603799557
single: stride_time_cv_pct,SiCo12,Si,0,0.5205122383634005
single: stride_time_cv_pct,SiCo13,Si,0,0.5363884025641716
single: stride_time_cv_pct,SiCo14,Si,0,0.5521946771313058
single: stride_time_cv_pct,SiCo15,Si,0,0.5405183916171595
single: stride_time_cv_pct,SiCo16,Si,0,0.5070558037977143
single: stride_time_cv_pct,SiCo17,Si,0,0.5668685829304033
single: stride_time_cv_pct,SiCo18,Si,0,0.5983717175453317
single: stride_time_cv_pct,SiCo19,Si,0,0.5219159948310496
single: stride_time_cv_pct,SiCo20,Si,0,0.5203051032197605
single: stride_time_cv_pct,SiCo21,Si,0,0.4705162808660447
single: stride_time_cv_pct,SiCo22,Si,0,0.531223387946236
single: stride_time_cv_pct,SiCo23,Si,0,0.4558883371285445
single: stride_time_cv_pct,SiCo24,Si,0,0.5741288659896563
single: stride_time_cv_pct,SiCo25,Si,0,0.544459851939307
single: stride_time_cv_pct,SiCo26,Si,0,0.5062219865352786
single: stride_time_cv_pct,SiCo27,Si,0,0.4881855582355035
single: stride_time_cv_pct,SiCo28,Si,0,0.5278678096469356
single: stride_time_cv_pct,SiCo29,Si,0,0.5526906712175036
single: stride_time_cv_pct,SiCo30,Si,0,0.5341519216466668
single: stride_time_cv_pct,SiPt02,Si,1,0.5573995654892838
single: stride_time_cv_pct,SiPt04,Si,1,0.5597923845105103
single: stride_time_cv_pct,SiPt05,Si,1,0.6730834113069176
single: stride_time_cv_pct,SiPt07,Si,1,0.5583269899324186
single: stride_time_cv_pct,SiPt08,Si,1,0.5627084335354329
single: stride_time_cv_pct,SiPt09,Si,1,0.5856953705248467
single: stride_time_cv_pct,SiPt10,Si,1,0.6225447961532734
single: stride_time_cv_pct,SiPt12,Si,1,0.6032312471663767
single: stride_time_cv_pct,SiPt13,Si,1,0.5187182140377894
single: stride_time_cv_pct,SiPt14,Si,1,0.5669620944074744
single: stride_time_cv_pct,SiPt15,Si,1,0.5723867467667354
single: stride_time_cv_pct,SiPt16,Si,1,0.5419944382532096
single: stride_time_cv_pct,SiPt17,Si,1,0.4991337875427845
single: stride_time_cv_pct,SiPt18,Si,1,0.5430460212109871
single: stride_time_cv_pct,SiPt19,Si,1,0.5161451908355471
single: stride_time_cv_pct,SiPt20,Si,1,0.5192475394654527
single: stride_time_cv_pct,SiPt21,Si,1,0.5126799544880485
single: stride_time_cv_pct,SiPt22,Si,1,0.546873990704712
single: stride_time_cv_pct,SiPt23,Si,1,0.5313411020946356
single: stride_time_cv_pct,SiPt24,Si,1,0.5402406684859142
single: stride_time_cv_pct,SiPt25,Si,1,0.5782646767033097
single: stride_time_cv_pct,SiPt27,Si,1,0.5698453906387926
single: stride_time_cv_pct,SiPt28,Si,1,0.5807043882319995
single: stride_time_cv_pct,SiPt29,Si,1,0.5623246262745603
single: stride_time_cv_pct,SiPt30,Si,1,0.5986958996990217
single: stride_time_cv_pct,SiPt31,Si,1,0.5563865408127339
single: stride_time_cv_pct,SiPt32,Si,1,0.5847864980848192
single: stride_time_cv_pct,SiPt33,Si,1,0.5693736437867488
single: stride_time_cv_pct,SiPt34,Si,1,0.5948160606130546
single: stride_time_cv_pct,SiPt35,Si,1,0.5514866218550334
single: stride_time_cv_pct,SiPt36,Si,1,0.5531102101492847
single: stride_time_cv_pct,SiPt37,Si,1,0.6122233055145329
single: stride_time_cv_pct,SiPt38,Si,1,0.5475470271712914
single: stride_time_cv_pct,SiPt39,Si,1,0.5121569863723043
single: stride_time_cv_pct,SiPt40,Si,1,0.5568171830619969
single: swing_time_cv_pct,GaCo01,Ga,0,0.5884014439653124
single: swing_time_cv_pct,GaCo02,Ga,0,0.45616979761345
single: swing_time_cv_pct,GaCo03,Ga,0,0.6369337215941313
single: swing_time_cv_pct,GaCo04,Ga,0,0.4984803938696267
single: swing_time_cv_pct,GaCo05,Ga,0,0.7279132287384137
single: swing_time_cv_pct,GaCo06,Ga,0,0.6617766614212279
single: swing_time_cv_pct,GaCo07,Ga,0,0.7149734657392792
single: swing_time_cv_pct,GaCo08,Ga,0,0.6272771953175136
single: swing_time_cv_pct,GaCo09,Ga,0,0.4821179019108058
single: swing_time_cv_pct,GaCo10,Ga,0,0.4388964600936029
single: swing_time_cv_pct,GaCo11,Ga,0,0.6450217455123637
single: swing_time_cv_pct,GaCo12,Ga,0,0.4002066595420682
single: swing_time_cv_pct,GaCo13,Ga,0,0.6263218183983338
single: swing_time_cv_pct,GaCo14,Ga,0,0.5621978241988911
single: swing_time_cv_pct,GaCo15,Ga,0,0.4343528164165572
single: swing_time_cv_pct,GaCo16,Ga,0,0.6281034544010654
single: swing_time_cv_pct,GaCo17,Ga,0,0.4448754940712258
single: swing_time_cv_pct,GaCo22,Ga,0,0.69021886919818
single: swing_time_cv_pct,GaPt03,Ga,1,0.9479982887171684
single: swing_time_cv_pct,GaPt04,Ga,1,0.6438404603082596
single: swing_time_cv_pct,GaPt05,Ga,1,0.7475642997107241
single: swing_time_cv_pct,GaPt06,Ga,1,0.6284104985245754
single: swing_time_cv_pct,GaPt07,Ga,1,0.971627409433965
single: swing_time_cv_pct,GaPt08,Ga,1,0.655012035562573
single: swing_time_cv_pct,GaPt09,Ga,1,0.6810969345216391
single: swing_time_cv_pct,GaPt12,Ga,1,0.6330321113266286
single: swing_time_cv_pct,GaPt13,Ga,1,0.6779721115326984
single: swing_time_cv_pct,GaPt14,Ga,1,0.5656068575244549
single: swing_time_cv_pct,GaPt15,Ga,1,0.7224562783450811
single: swing_time_cv_pct,GaPt16,Ga,1,0.3601344478433466
single: swing_time_cv_pct,GaPt17,Ga,1,0.7944239417187486
single: swing_time_cv_pct,GaPt18,Ga,1,0.8241596409898158
single: swing_time_cv_pct,GaPt19,Ga,1,0.6007513181659369
single: swing_time_cv_pct,GaPt20,Ga,1,0.5517173791208475
single: swing_time_cv_pct,GaPt21,Ga,1,0.5926574673070141
single: swing_time_cv_pct,GaPt22,Ga,1,0.5400460506748662
single: swing_time_cv_pct,GaPt23,Ga,1,0.8103081647078911
single: swing_time_cv_pct,GaPt24,Ga,1,0.6679283887990023
single: swing_time_cv_pct,GaPt25,Ga,1,0.6178307200122909
single: swing_time_cv_pct,GaPt26,Ga,1,0.6903837076450752
single: swing_time_cv_pct,GaPt27,Ga,1,0.6008769287113087
single: swing_time_cv_pct,GaPt28,Ga,1,0.7193358970389321
single: swing_time_cv_pct,GaPt29,Ga,1,0.5879654890044274
single: swing_time_cv_pct,GaPt30,Ga,1,0.7532240318826348
single: swing_time_cv_pct,GaPt31,Ga,1,0.6932120466256159
single: swing_time_cv_pct,GaPt32,Ga,1,0.5844491773026764
single: swing_time_cv_pct,GaPt33,Ga,1,0.6284058760840711
single: swing_time_cv_pct,JuCo01,Ju,0,0.6368212203145237
single: swing_time_cv_pct,JuCo02,Ju,0,0.5304086904789553
single: swing_time_cv_pct,JuCo03,Ju,0,0.33134363682074497
single: swing_time_cv_pct,JuCo04,Ju,0,0.7765874175346784
single: swing_time_cv_pct,JuCo05,Ju,0,0.3955439322430162
single: swing_time_cv_pct,JuCo06,Ju,0,0.530535552056989
single: swing_time_cv_pct,JuCo07,Ju,0,0.5780407686772765
single: swing_time_cv_pct,JuCo08,Ju,0,0.5596488884827745
single: swing_time_cv_pct,JuCo09,Ju,0,0.5354663340542948
single: swing_time_cv_pct,JuCo11,Ju,0,0.351174777877316
single: swing_time_cv_pct,JuCo12,Ju,0,0.46032565514881635
single: swing_time_cv_pct,JuCo13,Ju,0,0.6426059356831509
single: swing_time_cv_pct,JuCo14,Ju,0,0.47443494827912436
single: swing_time_cv_pct,JuCo15,Ju,0,0.29412177342870843
single: swing_time_cv_pct,JuCo16,Ju,0,0.7816164209104574
single: swing_time_cv_pct,JuCo17,Ju,0,0.5293660344044675
single: swing_time_cv_pct,JuCo18,Ju,0,0.6728512162105473
single: swing_time_cv_pct,JuCo19,Ju,0,0.7135219496763349
single: swing_time_cv_pct,JuCo20,Ju,0,0.8038430742752397
single: swing_time_cv_pct,JuCo21,Ju,0,0.45305377118528084
single: swing_time_cv_pct,JuCo22,Ju,0,0.6507766323162719
single: swing_time_cv_pct,JuCo23,Ju,0,0.6540272840370104
single: swing_time_cv_pct,JuCo24,Ju,0,0.8566167967003101
single: swing_time_cv_pct,JuCo25,Ju,0,0.600972554199822
single: swing_time_cv_pct,JuCo26,Ju,0,0.4113323226583693
single: swing_time_cv_pct,JuPt01,Ju,1,0.4113323226583693
single: swing_time_cv_pct,JuPt02,Ju,1,0.8010589140050737
single: swing_time_cv_pct,JuPt03,Ju,1,0.31184995248422
single: swing_time_cv_pct,JuPt04,Ju,1,0.8016212354641196
single: swing_time_cv_pct,JuPt05,Ju,1,0.3543967292473061
single: swing_time_cv_pct,JuPt06,Ju,1,0.5975449799179283
single: swing_time_cv_pct,JuPt07,Ju,1,0.49010794050037304
single: swing_time_cv_pct,JuPt08,Ju,1,0.5422805037566457
single: swing_time_cv_pct,JuPt09,Ju,1,0.7540285038668041
single: swing_time_cv_pct,JuPt10,Ju,1,0.7274405603433117
single: swing_time_cv_pct,JuPt11,Ju,1,0.6813255541445601
single: swing_time_cv_pct,JuPt12,Ju,1,0.6834891888611119
single: swing_time_cv_pct,JuPt13,Ju,1,0.9786079904947352
single: swing_time_cv_pct,JuPt14,Ju,1,0.5217919343212754
single: swing_time_cv_pct,JuPt15,Ju,1,0.4448371259118278
single: swing_time_cv_pct,JuPt16,Ju,1,0.4679549215838836
single: swing_time_cv_pct,JuPt17,Ju,1,0.471090329134523
single: swing_time_cv_pct,JuPt18,Ju,1,0.9436620069688448
single: swing_time_cv_pct,JuPt19,Ju,1,0.6532577371405287
single: swing_time_cv_pct,JuPt20,Ju,1,0.7262075394731327
single: swing_time_cv_pct,JuPt21,Ju,1,0.8582632142842039
single: swing_time_cv_pct,JuPt22,Ju,1,0.5790325171703602
single: swing_time_cv_pct,JuPt23,Ju,1,0.5006458039866517
single: swing_time_cv_pct,JuPt24,Ju,1,0.5615529004419826
single: swing_time_cv_pct,JuPt25,Ju,1,0.8865890244895437
single: swing_time_cv_pct,JuPt26,Ju,1,0.5363693032395926
single: swing_time_cv_pct,JuPt27,Ju,1,0.7070369220831331
single: swing_time_cv_pct,JuPt28,Ju,1,0.6958774162596251
single: swing_time_cv_pct,JuPt29,Ju,1,0.47612291464703504
single: swing_time_cv_pct,SiCo01,Si,0,0.2698828405647574
single: swing_time_cv_pct,SiCo03,Si,0,0.307886616922239
single: swing_time_cv_pct,SiCo04,Si,0,0.5782244375738617
single: swing_time_cv_pct,SiCo05,Si,0,0.5335534142118679
single: swing_time_cv_pct,SiCo06,Si,0,0.2950852107198194
single: swing_time_cv_pct,SiCo07,Si,0,0.4530449684866415
single: swing_time_cv_pct,SiCo08,Si,0,0.5302947268583864
single: swing_time_cv_pct,SiCo09,Si,0,0.4124047453621846
single: swing_time_cv_pct,SiCo10,Si,0,0.27443989461779233
single: swing_time_cv_pct,SiCo11,Si,0,0.43765045412661757
single: swing_time_cv_pct,SiCo12,Si,0,0.7767159004697518
single: swing_time_cv_pct,SiCo13,Si,0,0.4966948223503692
single: swing_time_cv_pct,SiCo14,Si,0,0.6701202091197415
single: swing_time_cv_pct,SiCo15,Si,0,0.32897996441458355
single: swing_time_cv_pct,SiCo16,Si,0,0.6399539032102137
single: swing_time_cv_pct,SiCo17,Si,0,0.3724579739830714
single: swing_time_cv_pct,SiCo18,Si,0,0.5509711515490097
single: swing_time_cv_pct,SiCo19,Si,0,0.23310994011606836
single: swing_time_cv_pct,SiCo20,Si,0,0.4617461948896712
single: swing_time_cv_pct,SiCo21,Si,0,0.2726699887728575
single: swing_time_cv_pct,SiCo22,Si,0,0.40274246440025935
single: swing_time_cv_pct,SiCo23,Si,0,0.3022386008471055
single: swing_time_cv_pct,SiCo24,Si,0,0.2997484936521042
single: swing_time_cv_pct,SiCo25,Si,0,0.34469529080563865
single: swing_time_cv_pct,SiCo26,Si,0,0.3124906669549718
single: swing_time_cv_pct,SiCo27,Si,0,0.27460919465720174
single: swing_time_cv_pct,SiCo28,Si,0,0.32996423770261196
single: swing_time_cv_pct,SiCo29,Si,0,0.4082994233133882
single: swing_time_cv_pct,SiCo30,Si,0,0.41159295740586477
single: swing_time_cv_pct,SiPt02,Si,1,0.6562897137281063
single: swing_time_cv_pct,SiPt04,Si,1,0.3818494288204632
single: swing_time_cv_pct,SiPt05,Si,1,0.7824664684374159
single: swing_time_cv_pct,SiPt07,Si,1,0.4638417537406965
single: swing_time_cv_pct,SiPt08,Si,1,0.7036710001588756
single: swing_time_cv_pct,SiPt09,Si,1,0.5570624040527213
single: swing_time_cv_pct,SiPt10,Si,1,0.5834464501549624
single: swing_time_cv_pct,SiPt12,Si,1,0.5804155786089891
single: swing_time_cv_pct,SiPt13,Si,1,0.4003018512561697
single: swing_time_cv_pct,SiPt14,Si,1,0.3136441522847426
single: swing_time_cv_pct,SiPt15,Si,1,0.4741966577998685
single: swing_time_cv_pct,SiPt16,Si,1,0.41269296361761404
single: swing_time_cv_pct,SiPt17,Si,1,0.5112455156012577
single: swing_time_cv_pct,SiPt18,Si,1,0.6871117823157891
single: swing_time_cv_pct,SiPt19,Si,1,0.843571170714616
single: swing_time_cv_pct,SiPt20,Si,1,0.34648897275645707
single: swing_time_cv_pct,SiPt21,Si,1,0.4831541678390435
single: swing_time_cv_pct,SiPt22,Si,1,0.6165989571913395
single: swing_time_cv_pct,SiPt23,Si,1,0.3390866431586141
single: swing_time_cv_pct,SiPt24,Si,1,0.5074227755793034
single: swing_time_cv_pct,SiPt25,Si,1,0.4073346681337564
single: swing_time_cv_pct,SiPt27,Si,1,0.5299668170621997
single: swing_time_cv_pct,SiPt28,Si,1,0.3344469378221699
single: swing_time_cv_pct,SiPt29,Si,1,0.6141482149941333
single: swing_time_cv_pct,SiPt30,Si,1,0.3042394841525561
single: swing_time_cv_pct,SiPt31,Si,1,0.4332115075132837
single: swing_time_cv_pct,SiPt32,Si,1,0.49988634427903966
single: swing_time_cv_pct,SiPt33,Si,1,0.5050953491952129
single: swing_time_cv_pct,SiPt34,Si,1,0.4220722881570417
single: swing_time_cv_pct,SiPt35,Si,1,0.589579716106652
single: swing_time_cv_pct,SiPt36,Si,1,0.6172685830874272
single: swing_time_cv_pct,SiPt37,Si,1,0.7202491072295689
single: swing_time_cv_pct,SiPt38,Si,1,0.40275998907569205
single: swing_time_cv_pct,SiPt39,Si,1,0.5561550269600197
single: swing_time_cv_pct,SiPt40,Si,1,0.41039398545584155
single: swing_pct_mean,GaCo01,Ga,0,0.3877315647238057
single: swing_pct_mean,GaCo02,Ga,0,0.482738281966445
single: swing_pct_mean,GaCo03,Ga,0,0.6543368458362891
single: swing_pct_mean,GaCo04,Ga,0,0.4776430083182823
single: swing_pct_mean,GaCo05,Ga,0,0.7273096515711198
single: swing_pct_mean,GaCo06,Ga,0,0.37529188966143967
single: swing_pct_mean,GaCo07,Ga,0,0.3788027534318793
single: swing_pct_mean,GaCo08,Ga,0,0.4635608466638755
single: swing_pct_mean,GaCo09,Ga,0,0.4038511219133157
single: swing_pct_mean,GaCo10,Ga,0,0.4337386347896306
single: swing_pct_mean,GaCo11,Ga,0,0.5760897902120715
single: swing_pct_mean,GaCo12,Ga,0,0.3531720533040034
single: swing_pct_mean,GaCo13,Ga,0,0.6191548097613258
single: swing_pct_mean,GaCo14,Ga,0,0.23299971406435183
single: swing_pct_mean,GaCo15,Ga,0,0.3424266683834193
single: swing_pct_mean,GaCo16,Ga,0,0.37514329499414645
single: swing_pct_mean,GaCo17,Ga,0,0.20174758074864338
single: swing_pct_mean,GaCo22,Ga,0,0.4929601665409947
single: swing_pct_mean,GaPt03,Ga,1,0.8875235191250401
single: swing_pct_mean,GaPt04,Ga,1,0.8591794184086293
single: swing_pct_mean,GaPt05,Ga,1,0.62987902863232
single: swing_pct_mean,GaPt06,Ga,1,0.7719109128901537
single: swing_pct_mean,GaPt07,Ga,1,0.8602012112889754
single: swing_pct_mean,GaPt08,Ga,1,0.5367789924913269
single: swing_pct_mean,GaPt09,Ga,1,0.6415032063528349
single: swing_pct_mean,GaPt12,Ga,1,0.5749999501881459
single: swing_pct_mean,GaPt13,Ga,1,0.8546263206143557
single: swing_pct_mean,GaPt14,Ga,1,0.42251078441807777
single: swing_pct_mean,GaPt15,Ga,1,0.45993836259780213
single: swing_pct_mean,GaPt16,Ga,1,0.5874127714851107
single: swing_pct_mean,GaPt17,Ga,1,0.7524457624454196
single: swing_pct_mean,GaPt18,Ga,1,0.7424283267002026
single: swing_pct_mean,GaPt19,Ga,1,0.7680653349698835
single: swing_pct_mean,GaPt20,Ga,1,0.6674353894737705
single: swing_pct_mean,GaPt21,Ga,1,0.45880943976251876
single: swing_pct_mean,GaPt22,Ga,1,0.5390708648891096
single: swing_pct_mean,GaPt23,Ga,1,0.973785006906862
single: swing_pct_mean,GaPt24,Ga,1,0.42447348260300444
single: swing_pct_mean,GaPt25,Ga,1,0.6699623895679052
single: swing_pct_mean,GaPt26,Ga,1,0.7098385377895016
single: swing_pct_mean,GaPt27,Ga,1,0.6973781535907971
single: swing_pct_mean,GaPt28,Ga,1,0.8382192895506907
single: swing_pct_mean,GaPt29,Ga,1,0.6723263533063356
single: swing_pct_mean,GaPt30,Ga,1,0.8257971505496667
single: swing_pct_mean,GaPt31,Ga,1,0.7125728491062724
single: swing_pct_mean,GaPt32,Ga,1,0.5187899657373083
single: swing_pct_mean,GaPt33,Ga,1,0.9299123506210296
single: swing_pct_mean,JuCo01,Ju,0,0.5357068750347852
single: swing_pct_mean,JuCo02,Ju,0,0.5803053187903039
single: swing_pct_mean,JuCo03,Ju,0,0.34636649495583605
single: swing_pct_mean,JuCo04,Ju,0,0.38981704892110064
single: swing_pct_mean,JuCo05,Ju,0,0.28117515142228583
single: swing_pct_mean,JuCo06,Ju,0,0.6671865800513971
single: swing_pct_mean,JuCo07,Ju,0,0.43443301286915864
single: swing_pct_mean,JuCo08,Ju,0,0.3631666173588478
single: swing_pct_mean,JuCo09,Ju,0,0.3869014221031346
single: swing_pct_mean,JuCo11,Ju,0,0.25534522822621486
single: swing_pct_mean,JuCo12,Ju,0,0.4424051267274453
single: swing_pct_mean,JuCo13,Ju,0,0.42876793930138796
single: swing_pct_mean,JuCo14,Ju,0,0.6486271362379437
single: swing_pct_mean,JuCo15,Ju,0,0.4837933006315301
single: swing_pct_mean,JuCo16,Ju,0,0.279263630220878
single: swing_pct_mean,JuCo17,Ju,0,0.2949006756855816
single: swing_pct_mean,JuCo18,Ju,0,0.4879164099901423
single: swing_pct_mean,JuCo19,Ju,0,0.4035162627983124
single: swing_pct_mean,JuCo20,Ju,0,0.5790998257659239
single: swing_pct_mean,JuCo21,Ju,0,0.6584748615214927
single: swing_pct_mean,JuCo22,Ju,0,0.5910795358112156
single: swing_pct_mean,JuCo23,Ju,0,0.4775395926074452
single: swing_pct_mean,JuCo24,Ju,0,0.408371777830566
single: swing_pct_mean,JuCo25,Ju,0,0.46416236375305886
single: swing_pct_mean,JuCo26,Ju,0,0.35158562908484065
single: swing_pct_mean,JuPt01,Ju,1,0.35158562908484065
single: swing_pct_mean,JuPt02,Ju,1,0.8301749913310194
single: swing_pct_mean,JuPt03,Ju,1,0.5891025475397572
single: swing_pct_mean,JuPt04,Ju,1,0.9202025668332454
single: swing_pct_mean,JuPt05,Ju,1,0.13112022008431934
single: swing_pct_mean,JuPt06,Ju,1,0.7884640804778529
single: swing_pct_mean,JuPt07,Ju,1,0.38828573511672304
single: swing_pct_mean,JuPt08,Ju,1,0.5070102865397835
single: swing_pct_mean,JuPt09,Ju,1,0.8209271638780458
single: swing_pct_mean,JuPt10,Ju,1,0.6388702515458636
single: swing_pct_mean,JuPt11,Ju,1,0.7623713800094406
single: swing_pct_mean,JuPt12,Ju,1,0.8566528454631372
single: swing_pct_mean,JuPt13,Ju,1,0.8989705287065868
single: swing_pct_mean,JuPt14,Ju,1,0.6200624355054591
single: swing_pct_mean,JuPt15,Ju,1,0.5200174076037232
single: swing_pct_mean,JuPt16,Ju,1,0.5264743755959599
single: swing_pct_mean,JuPt17,Ju,1,0.519188270170092
single: swing_pct_mean,JuPt18,Ju,1,0.9494511870781814
single: swing_pct_mean,JuPt19,Ju,1,0.5075516354100756
single: swing_pct_mean,JuPt20,Ju,1,0.4583132214094826
single: swing_pct_mean,JuPt21,Ju,1,0.9386237497413437
single: swing_pct_mean,JuPt22,Ju,1,0.3891077829841538
single: swing_pct_mean,JuPt23,Ju,1,0.375878354710024
single: swing_pct_mean,JuPt24,Ju,1,0.4883376215062184
single: swing_pct_mean,JuPt25,Ju,1,0.7108328751545268
single: swing_pct_mean,JuPt26,Ju,1,0.7089759738767947
single: swing_pct_mean,JuPt27,Ju,1,0.47463780510370945
single: swing_pct_mean,JuPt28,Ju,1,0.6158337096081943
single: swing_pct_mean,JuPt29,Ju,1,0.46240608983443027
single: swing_pct_mean,SiCo01,Si,0,0.5553793151810494
single: swing_pct_mean,SiCo03,Si,0,0.23486378890668483
single: swing_pct_mean,SiCo04,Si,0,0.37542728176568874
single: swing_pct_mean,SiCo05,Si,0,0.7139794048214756
single: swing_pct_mean,SiCo06,Si,0,0.3259542850665135
single: swing_pct_mean,SiCo07,Si,0,0.14428628302487953
single: swing_pct_mean,SiCo08,Si,0,0.4943345693244569
single: swing_pct_mean,SiCo09,Si,0,0.3040073320995512
single: swing_pct_mean,SiCo10,Si,0,0.20851663842787374
single: swing_pct_mean,SiCo11,Si,0,0.28415319498187064
single: swing_pct_mean,SiCo12,Si,0,0.8644912881295022
single: swing_pct_mean,SiCo13,Si,0,0.42477091906772363
single: swing_pct_mean,SiCo14,Si,0,0.9802854707629606
single: swing_pct_mean,SiCo15,Si,0,0.7474256032737687
single: swing_pct_mean,SiCo16,Si,0,0.9377355773491292
single: swing_pct_mean,SiCo17,Si,0,0.6431749999273967
single: swing_pct_mean,SiCo18,Si,0,0.41636847224544377
single: swing_pct_mean,SiCo19,Si,0,0.5048436070769996
single: swing_pct_mean,SiCo20,Si,0,0.6261005642470384
single: swing_pct_mean,SiCo21,Si,0,0.5447027219700225
single: swing_pct_mean,SiCo22,Si,0,0.5987226193954936
single: swing_pct_mean,SiCo23,Si,0,0.47550114843039143
single: swing_pct_mean,SiCo24,Si,0,0.47075687780224684
single: swing_pct_mean,SiCo25,Si,0,0.4575701727545819
single: swing_pct_mean,SiCo26,Si,0,0.5547163542881468
single: swing_pct_mean,SiCo27,Si,0,0.5186137417669974
single: swing_pct_mean,SiCo28,Si,0,0.7836805890849525
single: swing_pct_mean,SiCo29,Si,0,0.35350764075295205
single: swing_pct_mean,SiCo30,Si,0,0.43377757884070683
single: swing_pct_mean,SiPt02,Si,1,0.947914681358159
single: swing_pct_mean,SiPt04,Si,1,0.09577669589825571
single: swing_pct_mean,SiPt05,Si,1,0.4066923250750275
single: swing_pct_mean,SiPt07,Si,1,0.25075675157935495
single: swing_pct_mean,SiPt08,Si,1,0.43324783494223257
single: swing_pct_mean,SiPt09,Si,1,0.4769396003559781
single: swing_pct_mean,SiPt10,Si,1,0.4266828481407629
single: swing_pct_mean,SiPt12,Si,1,0.6482531627872412
single: swing_pct_mean,SiPt13,Si,1,0.5692375753856079
single: swing_pct_mean,SiPt14,Si,1,0.4104801312389166
single: swing_pct_mean,SiPt15,Si,1,0.7490356381768658
single: swing_pct_mean,SiPt16,Si,1,0.5680622671318738
single: swing_pct_mean,SiPt17,Si,1,0.5719896792719251
single: swing_pct_mean,SiPt18,Si,1,0.8485622822615275
single: swing_pct_mean,SiPt19,Si,1,0.6983984566397832
single: swing_pct_mean,SiPt20,Si,1,0.5156392344378155
single: swing_pct_mean,SiPt21,Si,1,0.6707465409492867
single: swing_pct_mean,SiPt22,Si,1,0.8199000394681365
single: swing_pct_mean,SiPt23,Si,1,0.368862807415162
single: swing_pct_mean,SiPt24,Si,1,0.23569454978895377
single: swing_pct_mean,SiPt25,Si,1,0.5538609245282579
single: swing_pct_mean,SiPt27,Si,1,0.79132248362784
single: swing_pct_mean,SiPt28,Si,1,0.7449703453152584
single: swing_pct_mean,SiPt29,Si,1,0.9067999292443641
single: swing_pct_mean,SiPt30,Si,1,0.24925752132320583
single: swing_pct_mean,SiPt31,Si,1,0.9722257299277226
single: swing_pct_mean,SiPt32,Si,1,0.7724737751789641
single: swing_pct_mean,SiPt33,Si,1,0.5551977462611417
single: swing_pct_mean,SiPt34,Si,1,0.214332003060827
single: swing_pct_mean,SiPt35,Si,1,0.4171278256070888
single: swing_pct_mean,SiPt36,Si,1,0.8699648505155572
single: swing_pct_mean,SiPt37,Si,1,0.7250455738587476
single: swing_pct_mean,SiPt38,Si,1,0.7384884060848153
single: swing_pct_mean,SiPt39,Si,1,0.9543634803254044
single: swing_pct_mean,SiPt40,Si,1,0.7795370875314065
single: stride_time_asymmetry_pct,GaCo01,Ga,0,0.5288914128357667
single: stride_time_asymmetry_pct,GaCo02,Ga,0,0.5510854867100545
single: stride_time_asymmetry_pct,GaCo03,Ga,0,0.552247522726383
single: stride_time_asymmetry_pct,GaCo04,Ga,0,0.559456352605146
single: stride_time_asymmetry_pct,GaCo05,Ga,0,0.5279630761721389
single: stride_time_asymmetry_pct,GaCo06,Ga,0,0.5444035607421066
single: stride_time_asymmetry_pct,GaCo07,Ga,0,0.5254271253295058
single: stride_time_asymmetry_pct,GaCo08,Ga,0,0.5300927214831295
single: stride_time_asymmetry_pct,GaCo09,Ga,0,0.5519125332019346
single: stride_time_asymmetry_pct,GaCo10,Ga,0,0.5166022366887987
single: stride_time_asymmetry_pct,GaCo11,Ga,0,0.5565248780764896
single: stride_time_asymmetry_pct,GaCo12,Ga,0,0.5456069072655008
single: stride_time_asymmetry_pct,GaCo13,Ga,0,0.5136202855306276
single: stride_time_asymmetry_pct,GaCo14,Ga,0,0.5524789951334308
single: stride_time_asymmetry_pct,GaCo15,Ga,0,0.6051275063178135
single: stride_time_asymmetry_pct,GaCo16,Ga,0,0.6816315520433325
single: stride_time_asymmetry_pct,GaCo17,Ga,0,0.6143822328950588
single: stride_time_asymmetry_pct,GaCo22,Ga,0,0.5919192076844803
single: stride_time_asymmetry_pct,GaPt03,Ga,1,0.5239546885439972
single: stride_time_asymmetry_pct,GaPt04,Ga,1,0.5423322049416914
single: stride_time_asymmetry_pct,GaPt05,Ga,1,0.5219303397860193
single: stride_time_asymmetry_pct,GaPt06,Ga,1,0.517474359857731
single: stride_time_asymmetry_pct,GaPt07,Ga,1,0.5718808934531263
single: stride_time_asymmetry_pct,GaPt08,Ga,1,0.5363826543349377
single: stride_time_asymmetry_pct,GaPt09,Ga,1,0.5671821415744664
single: stride_time_asymmetry_pct,GaPt12,Ga,1,0.5134099113331133
single: stride_time_asymmetry_pct,GaPt13,Ga,1,0.5813189762238785
single: stride_time_asymmetry_pct,GaPt14,Ga,1,0.5483319638224983
single: stride_time_asymmetry_pct,GaPt15,Ga,1,0.5286616916392652
single: stride_time_asymmetry_pct,GaPt16,Ga,1,0.5299292563761286
single: stride_time_asymmetry_pct,GaPt17,Ga,1,0.5224046122504353
single: stride_time_asymmetry_pct,GaPt18,Ga,1,0.5362301898315726
single: stride_time_asymmetry_pct,GaPt19,Ga,1,0.5744822812515119
single: stride_time_asymmetry_pct,GaPt20,Ga,1,0.5222272086328434
single: stride_time_asymmetry_pct,GaPt21,Ga,1,0.5410941966783089
single: stride_time_asymmetry_pct,GaPt22,Ga,1,0.5159737393841208
single: stride_time_asymmetry_pct,GaPt23,Ga,1,0.5400058819538588
single: stride_time_asymmetry_pct,GaPt24,Ga,1,0.55435387451739
single: stride_time_asymmetry_pct,GaPt25,Ga,1,0.559951252053836
single: stride_time_asymmetry_pct,GaPt26,Ga,1,0.5998990725553535
single: stride_time_asymmetry_pct,GaPt27,Ga,1,0.5334094042336088
single: stride_time_asymmetry_pct,GaPt28,Ga,1,0.5281864212752471
single: stride_time_asymmetry_pct,GaPt29,Ga,1,0.5292689929775415
single: stride_time_asymmetry_pct,GaPt30,Ga,1,0.5873586838230274
single: stride_time_asymmetry_pct,GaPt31,Ga,1,0.565942736168654
single: stride_time_asymmetry_pct,GaPt32,Ga,1,0.5134157088176035
single: stride_time_asymmetry_pct,GaPt33,Ga,1,0.5175915309287231
single: stride_time_asymmetry_pct,JuCo01,Ju,0,0.5776557948575639
single: stride_time_asymmetry_pct,JuCo02,Ju,0,0.5820480226500189
single: stride_time_asymmetry_pct,JuCo03,Ju,0,0.5849513243157586
single: stride_time_asymmetry_pct,JuCo04,Ju,0,0.5808210965245157
single: stride_time_asymmetry_pct,JuCo05,Ju,0,0.5765606678243941
single: stride_time_asymmetry_pct,JuCo06,Ju,0,0.5752628955175102
single: stride_time_asymmetry_pct,JuCo07,Ju,0,0.586828858933274
single: stride_time_asymmetry_pct,JuCo08,Ju,0,0.5814335455450567
single: stride_time_asymmetry_pct,JuCo09,Ju,0,0.5868014505509928
single: stride_time_asymmetry_pct,JuCo11,Ju,0,0.5800055790141649
single: stride_time_asymmetry_pct,JuCo12,Ju,0,0.576636836592589
single: stride_time_asymmetry_pct,JuCo13,Ju,0,0.5768614750776774
single: stride_time_asymmetry_pct,JuCo14,Ju,0,0.57339968901276
single: stride_time_asymmetry_pct,JuCo15,Ju,0,0.5772900214750672
single: stride_time_asymmetry_pct,JuCo16,Ju,0,0.5749933475283141
single: stride_time_asymmetry_pct,JuCo17,Ju,0,0.5748643349016663
single: stride_time_asymmetry_pct,JuCo18,Ju,0,0.5776100804706753
single: stride_time_asymmetry_pct,JuCo19,Ju,0,0.5762294445609324
single: stride_time_asymmetry_pct,JuCo20,Ju,0,0.5791979915877132
single: stride_time_asymmetry_pct,JuCo21,Ju,0,0.580512841282878
single: stride_time_asymmetry_pct,JuCo22,Ju,0,0.5787414207645631
single: stride_time_asymmetry_pct,JuCo23,Ju,0,0.5753278302327856
single: stride_time_asymmetry_pct,JuCo24,Ju,0,0.5764087937118648
single: stride_time_asymmetry_pct,JuCo25,Ju,0,0.5737409974328855
single: stride_time_asymmetry_pct,JuCo26,Ju,0,0.5739218579530689
single: stride_time_asymmetry_pct,JuPt01,Ju,1,0.5739218579530689
single: stride_time_asymmetry_pct,JuPt02,Ju,1,0.5772921840173602
single: stride_time_asymmetry_pct,JuPt03,Ju,1,0.5815153516375391
single: stride_time_asymmetry_pct,JuPt04,Ju,1,0.57974668857727
single: stride_time_asymmetry_pct,JuPt05,Ju,1,0.5729603272347884
single: stride_time_asymmetry_pct,JuPt06,Ju,1,0.5733426406887474
single: stride_time_asymmetry_pct,JuPt07,Ju,1,0.5779554939211489
single: stride_time_asymmetry_pct,JuPt08,Ju,1,0.5757036100782512
single: stride_time_asymmetry_pct,JuPt09,Ju,1,0.577065799058114
single: stride_time_asymmetry_pct,JuPt10,Ju,1,0.5814032031808858
single: stride_time_asymmetry_pct,JuPt11,Ju,1,0.5784333364620466
single: stride_time_asymmetry_pct,JuPt12,Ju,1,0.5882898236919895
single: stride_time_asymmetry_pct,JuPt13,Ju,1,0.577440464884961
single: stride_time_asymmetry_pct,JuPt14,Ju,1,0.5909435783270582
single: stride_time_asymmetry_pct,JuPt15,Ju,1,0.5772918392330978
single: stride_time_asymmetry_pct,JuPt16,Ju,1,0.5793495275527368
single: stride_time_asymmetry_pct,JuPt17,Ju,1,0.5748841003277377
single: stride_time_asymmetry_pct,JuPt18,Ju,1,0.5755318302597217
single: stride_time_asymmetry_pct,JuPt19,Ju,1,0.5750543602681629
single: stride_time_asymmetry_pct,JuPt20,Ju,1,0.5743599850327263
single: stride_time_asymmetry_pct,JuPt21,Ju,1,0.5761334584840254
single: stride_time_asymmetry_pct,JuPt22,Ju,1,0.5729628103491193
single: stride_time_asymmetry_pct,JuPt23,Ju,1,0.5733731037828446
single: stride_time_asymmetry_pct,JuPt24,Ju,1,0.5739060373018502
single: stride_time_asymmetry_pct,JuPt25,Ju,1,0.5833645951157154
single: stride_time_asymmetry_pct,JuPt26,Ju,1,0.5743999966396166
single: stride_time_asymmetry_pct,JuPt27,Ju,1,0.5784339933468884
single: stride_time_asymmetry_pct,JuPt28,Ju,1,0.5766791436711627
single: stride_time_asymmetry_pct,JuPt29,Ju,1,0.5818120597683464
single: stride_time_asymmetry_pct,SiCo01,Si,0,0.4479211363314044
single: stride_time_asymmetry_pct,SiCo03,Si,0,0.6600678926362606
single: stride_time_asymmetry_pct,SiCo04,Si,0,0.5964418887348191
single: stride_time_asymmetry_pct,SiCo05,Si,0,0.5481166473387024
single: stride_time_asymmetry_pct,SiCo06,Si,0,0.6454008340496149
single: stride_time_asymmetry_pct,SiCo07,Si,0,0.6475341578561202
single: stride_time_asymmetry_pct,SiCo08,Si,0,0.637412283862702
single: stride_time_asymmetry_pct,SiCo09,Si,0,0.648256856472376
single: stride_time_asymmetry_pct,SiCo10,Si,0,0.6306243009799325
single: stride_time_asymmetry_pct,SiCo11,Si,0,0.6424350683638598
single: stride_time_asymmetry_pct,SiCo12,Si,0,0.6308289458263919
single: stride_time_asymmetry_pct,SiCo13,Si,0,0.6522691975116288
single: stride_time_asymmetry_pct,SiCo14,Si,0,0.6649002903858727
single: stride_time_asymmetry_pct,SiCo15,Si,0,0.5351875715404627
single: stride_time_asymmetry_pct,SiCo16,Si,0,0.6637060159003731
single: stride_time_asymmetry_pct,SiCo17,Si,0,0.660082108557837
single: stride_time_asymmetry_pct,SiCo18,Si,0,0.6169597774707002
single: stride_time_asymmetry_pct,SiCo19,Si,0,0.53462090497406
single: stride_time_asymmetry_pct,SiCo20,Si,0,0.6143318932282021
single: stride_time_asymmetry_pct,SiCo21,Si,0,0.6333543707505528
single: stride_time_asymmetry_pct,SiCo22,Si,0,0.6331771147619473
single: stride_time_asymmetry_pct,SiCo23,Si,0,0.6546721189442192
single: stride_time_asymmetry_pct,SiCo24,Si,0,0.6378620878629563
single: stride_time_asymmetry_pct,SiCo25,Si,0,0.6502373039668076
single: stride_time_asymmetry_pct,SiCo26,Si,0,0.6429575215919604
single: stride_time_asymmetry_pct,SiCo27,Si,0,0.6622871865919966
single: stride_time_asymmetry_pct,SiCo28,Si,0,0.6528338200942007
single: stride_time_asymmetry_pct,SiCo29,Si,0,0.6527766677782783
single: stride_time_asymmetry_pct,SiCo30,Si,0,0.6495505228936017
single: stride_time_asymmetry_pct,SiPt02,Si,1,0.618090515340662
single: stride_time_asymmetry_pct,SiPt04,Si,1,0.35010439071074834
single: stride_time_asymmetry_pct,SiPt05,Si,1,0.6220954231987147
single: stride_time_asymmetry_pct,SiPt07,Si,1,0.6601664601308731
single: stride_time_asymmetry_pct,SiPt08,Si,1,0.6649002903858727
single: stride_time_asymmetry_pct,SiPt09,Si,1,0.6329407660939436
single: stride_time_asymmetry_pct,SiPt10,Si,1,0.5747252321502936
single: stride_time_asymmetry_pct,SiPt12,Si,1,0.652668035231463
single: stride_time_asymmetry_pct,SiPt13,Si,1,0.6329333790933036
single: stride_time_asymmetry_pct,SiPt14,Si,1,0.5140440336170559
single: stride_time_asymmetry_pct,SiPt15,Si,1,0.6451371097210441
single: stride_time_asymmetry_pct,SiPt16,Si,1,0.6567762541743977
single: stride_time_asymmetry_pct,SiPt17,Si,1,0.6370973652730272
single: stride_time_asymmetry_pct,SiPt18,Si,1,0.6372049175277802
single: stride_time_asymmetry_pct,SiPt19,Si,1,0.6527437656341779
single: stride_time_asymmetry_pct,SiPt20,Si,1,0.6494442318496747
single: stride_time_asymmetry_pct,SiPt21,Si,1,0.6630272230849181
single: stride_time_asymmetry_pct,SiPt22,Si,1,0.6196583712605682
single: stride_time_asymmetry_pct,SiPt23,Si,1,0.6594345606810217
single: stride_time_asymmetry_pct,SiPt24,Si,1,0.5595764295542003
single: stride_time_asymmetry_pct,SiPt25,Si,1,0.48607591076196727
single: stride_time_asymmetry_pct,SiPt27,Si,1,0.6186810371660277
single: stride_time_asymmetry_pct,SiPt28,Si,1,0.6346615891291901
single: stride_time_asymmetry_pct,SiPt29,Si,1,0.6339264219706826
single: stride_time_asymmetry_pct,SiPt30,Si,1,0.6466131406713813
single: stride_time_asymmetry_pct,SiPt31,Si,1,0.5892593921269225
single: stride_time_asymmetry_pct,SiPt32,Si,1,0.4795875632055774
single: stride_time_asymmetry_pct,SiPt33,Si,1,0.5452365763186191
single: stride_time_asymmetry_pct,SiPt34,Si,1,0.5489320408949394
single: stride_time_asymmetry_pct,SiPt35,Si,1,0.4257131378629432
single: stride_time_asymmetry_pct,SiPt36,Si,1,0.6454421780103634
single: stride_time_asymmetry_pct,SiPt37,Si,1,0.5348371485643834
single: stride_time_asymmetry_pct,SiPt38,Si,1,0.6331393175521821
single: stride_time_asymmetry_pct,SiPt39,Si,1,0.5959809738876639
single: stride_time_asymmetry_pct,SiPt40,Si,1,0.6608740036670514
single: swing_time_asymmetry_pct,GaCo01,Ga,0,0.3733557632907008
single: swing_time_asymmetry_pct,GaCo02,Ga,0,0.274685437696507
single: swing_time_asymmetry_pct,GaCo03,Ga,0,0.8090271867238459
single: swing_time_asymmetry_pct,GaCo04,Ga,0,0.5502686454307584
single: swing_time_asymmetry_pct,GaCo05,Ga,0,0.2529508027420082
single: swing_time_asymmetry_pct,GaCo06,Ga,0,0.23194613175475254
single: swing_time_asymmetry_pct,GaCo07,Ga,0,0.7159051943067166
single: swing_time_asymmetry_pct,GaCo08,Ga,0,0.5123179227016514
single: swing_time_asymmetry_pct,GaCo09,Ga,0,0.16274098616185667
single: swing_time_asymmetry_pct,GaCo10,Ga,0,0.3197587029706524
single: swing_time_asymmetry_pct,GaCo11,Ga,0,0.6777508956813008
single: swing_time_asymmetry_pct,GaCo12,Ga,0,0.5217125137882732
single: swing_time_asymmetry_pct,GaCo13,Ga,0,0.4380674722702453
single: swing_time_asymmetry_pct,GaCo14,Ga,0,0.5592477893903642
single: swing_time_asymmetry_pct,GaCo15,Ga,0,0.3466125624503321
single: swing_time_asymmetry_pct,GaCo16,Ga,0,0.37109798726613147
single: swing_time_asymmetry_pct,GaCo17,Ga,0,0.24959858905791268
single: swing_time_asymmetry_pct,GaCo22,Ga,0,0.3092354542698774
single: swing_time_asymmetry_pct,GaPt03,Ga,1,0.6398089045609292
single: swing_time_asymmetry_pct,GaPt04,Ga,1,0.7815512543922097
single: swing_time_asymmetry_pct,GaPt05,Ga,1,0.7843562208382212
single: swing_time_asymmetry_pct,GaPt06,Ga,1,0.7815769374565458
single: swing_time_asymmetry_pct,GaPt07,Ga,1,0.8356584549866968
single: swing_time_asymmetry_pct,GaPt08,Ga,1,0.6967449691368892
single: swing_time_asymmetry_pct,GaPt09,Ga,1,0.3159768463236504
single: swing_time_asymmetry_pct,GaPt12,Ga,1,0.5512241953664931
single: swing_time_asymmetry_pct,GaPt13,Ga,1,0.7158150191851828
single: swing_time_asymmetry_pct,GaPt14,Ga,1,0.684965221810403
single: swing_time_asymmetry_pct,GaPt15,Ga,1,0.7268438939861839
single: swing_time_asymmetry_pct,GaPt16,Ga,1,0.6329671713704385
single: swing_time_asymmetry_pct,GaPt17,Ga,1,0.7946068029247415
single: swing_time_asymmetry_pct,GaPt18,Ga,1,0.7875785402026538
single: swing_time_asymmetry_pct,GaPt19,Ga,1,0.20972733856919987
single: swing_time_asymmetry_pct,GaPt20,Ga,1,0.5970897161234476
single: swing_time_asymmetry_pct,GaPt21,Ga,1,0.4739802941021093
single: swing_time_asymmetry_pct,GaPt22,Ga,1,0.4940952065936835
single: swing_time_asymmetry_pct,GaPt23,Ga,1,0.9442066903730825
single: swing_time_asymmetry_pct,GaPt24,Ga,1,0.5913101996661202
single: swing_time_asymmetry_pct,GaPt25,Ga,1,0.7994514898298462
single: swing_time_asymmetry_pct,GaPt26,Ga,1,0.23481688682445742
single: swing_time_asymmetry_pct,GaPt27,Ga,1,0.6481610005370201
single: swing_time_asymmetry_pct,GaPt28,Ga,1,0.6846822789470844
single: swing_time_asymmetry_pct,GaPt29,Ga,1,0.6749659932836045
single: swing_time_asymmetry_pct,GaPt30,Ga,1,0.1570554489233002
single: swing_time_asymmetry_pct,GaPt31,Ga,1,0.6853934316685311
single: swing_time_asymmetry_pct,GaPt32,Ga,1,0.6607949110709603
single: swing_time_asymmetry_pct,GaPt33,Ga,1,0.5476494788933525
single: swing_time_asymmetry_pct,JuCo01,Ju,0,0.5216792626577507
single: swing_time_asymmetry_pct,JuCo02,Ju,0,0.29230875032930687
single: swing_time_asymmetry_pct,JuCo03,Ju,0,0.6286868675821282
single: swing_time_asymmetry_pct,JuCo04,Ju,0,0.2672520268941795
single: swing_time_asymmetry_pct,JuCo05,Ju,0,0.2835854639928621
single: swing_time_asymmetry_pct,JuCo06,Ju,0,0.24998595831469847
single: swing_time_asymmetry_pct,JuCo07,Ju,0,0.7798948382876776
single: swing_time_asymmetry_pct,JuCo08,Ju,0,0.68190317333255
single: swing_time_asymmetry_pct,JuCo09,Ju,0,0.6757984949416058
single: swing_time_asymmetry_pct,JuCo11,Ju,0,0.3217425164996015
single: swing_time_asymmetry_pct,JuCo12,Ju,0,0.41152079529809327
single: swing_time_asymmetry_pct,JuCo13,Ju,0,0.3937327536043647
single: swing_time_asymmetry_pct,JuCo14,Ju,0,0.7085300955328958
single: swing_time_asymmetry_pct,JuCo15,Ju,0,0.5562290892135993
single: swing_time_asymmetry_pct,JuCo16,Ju,0,0.3545907855240309
single: swing_time_asymmetry_pct,JuCo17,Ju,0,0.6539944543175756
single: swing_time_asymmetry_pct,JuCo18,Ju,0,0.6368317041535894
single: swing_time_asymmetry_pct,JuCo19,Ju,0,0.20456436396068534
single: swing_time_asymmetry_pct,JuCo20,Ju,0,0.580946453508908
single: swing_time_asymmetry_pct,JuCo21,Ju,0,0.5365279856249927
single: swing_time_asymmetry_pct,JuCo22,Ju,0,0.2002783657062949
single: swing_time_asymmetry_pct,JuCo23,Ju,0,0.7651543645586761
single: swing_time_asymmetry_pct,JuCo24,Ju,0,0.6143951514613647
single: swing_time_asymmetry_pct,JuCo25,Ju,0,0.6681671066193843
single: swing_time_asymmetry_pct,JuCo26,Ju,0,0.722410687440886
single: swing_time_asymmetry_pct,JuPt01,Ju,1,0.722410687440886
single: swing_time_asymmetry_pct,JuPt02,Ju,1,0.36233490818139785
single: swing_time_asymmetry_pct,JuPt03,Ju,1,0.3799531557863246
single: swing_time_asymmetry_pct,JuPt04,Ju,1,0.8674999803522602
single: swing_time_asymmetry_pct,JuPt05,Ju,1,0.6236879434168077
single: swing_time_asymmetry_pct,JuPt06,Ju,1,0.7493676815819126
single: swing_time_asymmetry_pct,JuPt07,Ju,1,0.5623931431070573
single: swing_time_asymmetry_pct,JuPt08,Ju,1,0.6334750566471987
single: swing_time_asymmetry_pct,JuPt09,Ju,1,0.5123429303667831
single: swing_time_asymmetry_pct,JuPt10,Ju,1,0.7153375160052632
single: swing_time_asymmetry_pct,JuPt11,Ju,1,0.4275791579574375
single: swing_time_asymmetry_pct,JuPt12,Ju,1,0.30043506205341725
single: swing_time_asymmetry_pct,JuPt13,Ju,1,0.7770235465986007
single: swing_time_asymmetry_pct,JuPt14,Ju,1,0.7908518335619235
single: swing_time_asymmetry_pct,JuPt15,Ju,1,0.432093737067929
single: swing_time_asymmetry_pct,JuPt16,Ju,1,0.8340799409569161
single: swing_time_asymmetry_pct,JuPt17,Ju,1,0.9284901007867054
single: swing_time_asymmetry_pct,JuPt18,Ju,1,0.9061595207879337
single: swing_time_asymmetry_pct,JuPt19,Ju,1,0.9031663291333379
single: swing_time_asymmetry_pct,JuPt20,Ju,1,0.6117887759175175
single: swing_time_asymmetry_pct,JuPt21,Ju,1,0.832459290453205
single: swing_time_asymmetry_pct,JuPt22,Ju,1,0.7033785072857139
single: swing_time_asymmetry_pct,JuPt23,Ju,1,0.6625722550149283
single: swing_time_asymmetry_pct,JuPt24,Ju,1,0.7368973702669042
single: swing_time_asymmetry_pct,JuPt25,Ju,1,0.903523874682321
single: swing_time_asymmetry_pct,JuPt26,Ju,1,0.7128437924882307
single: swing_time_asymmetry_pct,JuPt27,Ju,1,0.5014382774319143
single: swing_time_asymmetry_pct,JuPt28,Ju,1,0.8455727563575848
single: swing_time_asymmetry_pct,JuPt29,Ju,1,0.613390132278312
single: swing_time_asymmetry_pct,SiCo01,Si,0,0.3058900572508305
single: swing_time_asymmetry_pct,SiCo03,Si,0,0.26341573651565264
single: swing_time_asymmetry_pct,SiCo04,Si,0,0.6587891904960798
single: swing_time_asymmetry_pct,SiCo05,Si,0,0.6908671526586128
single: swing_time_asymmetry_pct,SiCo06,Si,0,0.2988517953520409
single: swing_time_asymmetry_pct,SiCo07,Si,0,0.4601833714236163
single: swing_time_asymmetry_pct,SiCo08,Si,0,0.1673468492940766
single: swing_time_asymmetry_pct,SiCo09,Si,0,0.45386378432841695
single: swing_time_asymmetry_pct,SiCo10,Si,0,0.415690513464943
single: swing_time_asymmetry_pct,SiCo11,Si,0,0.3636219725336604
single: swing_time_asymmetry_pct,SiCo12,Si,0,0.886599781681135
single: swing_time_asymmetry_pct,SiCo13,Si,0,0.36053253149789094
single: swing_time_asymmetry_pct,SiCo14,Si,0,0.9402962171977355
single: swing_time_asymmetry_pct,SiCo15,Si,0,0.24563205020733123
single: swing_time_asymmetry_pct,SiCo16,Si,0,0.6975365068836319
single: swing_time_asymmetry_pct,SiCo17,Si,0,0.3618462013078892
single: swing_time_asymmetry_pct,SiCo18,Si,0,0.23778211807950253
single: swing_time_asymmetry_pct,SiCo19,Si,0,0.15332832342763694
single: swing_time_asymmetry_pct,SiCo20,Si,0,0.4025708432572137
single: swing_time_asymmetry_pct,SiCo21,Si,0,0.6939889229811456
single: swing_time_asymmetry_pct,SiCo22,Si,0,0.4173262495642399
single: swing_time_asymmetry_pct,SiCo23,Si,0,0.16308554249022494
single: swing_time_asymmetry_pct,SiCo24,Si,0,0.6123043188366531
single: swing_time_asymmetry_pct,SiCo25,Si,0,0.7219597287243101
single: swing_time_asymmetry_pct,SiCo26,Si,0,0.49395208439258853
single: swing_time_asymmetry_pct,SiCo27,Si,0,0.23231993941941054
single: swing_time_asymmetry_pct,SiCo28,Si,0,0.2210745700054346
single: swing_time_asymmetry_pct,SiCo29,Si,0,0.2507531381236036
single: swing_time_asymmetry_pct,SiCo30,Si,0,0.4800203580165261
single: swing_time_asymmetry_pct,SiPt02,Si,1,0.42865697516622153
single: swing_time_asymmetry_pct,SiPt04,Si,1,0.25228314689340103
single: swing_time_asymmetry_pct,SiPt05,Si,1,0.21196711189473827
single: swing_time_asymmetry_pct,SiPt07,Si,1,0.806101848843877
single: swing_time_asymmetry_pct,SiPt08,Si,1,0.7447747177857098
single: swing_time_asymmetry_pct,SiPt09,Si,1,0.7818685208553263
single: swing_time_asymmetry_pct,SiPt10,Si,1,0.5565749560908567
single: swing_time_asymmetry_pct,SiPt12,Si,1,0.799641588573472
single: swing_time_asymmetry_pct,SiPt13,Si,1,0.8017527642490893
single: swing_time_asymmetry_pct,SiPt14,Si,1,0.6323704942694035
single: swing_time_asymmetry_pct,SiPt15,Si,1,0.7004705881819736
single: swing_time_asymmetry_pct,SiPt16,Si,1,0.2747358918889461
single: swing_time_asymmetry_pct,SiPt17,Si,1,0.3624028098205053
single: swing_time_asymmetry_pct,SiPt18,Si,1,0.7023493620652085
single: swing_time_asymmetry_pct,SiPt19,Si,1,0.6468936791019493
single: swing_time_asymmetry_pct,SiPt20,Si,1,0.9271371431819494
single: swing_time_asymmetry_pct,SiPt21,Si,1,0.9008319365463614
single: swing_time_asymmetry_pct,SiPt22,Si,1,0.7563656492267642
single: swing_time_asymmetry_pct,SiPt23,Si,1,0.7915743547785319
single: swing_time_asymmetry_pct,SiPt24,Si,1,0.9101354202882473
single: swing_time_asymmetry_pct,SiPt25,Si,1,0.4743585133059952
single: swing_time_asymmetry_pct,SiPt27,Si,1,0.6755091887877384
single: swing_time_asymmetry_pct,SiPt28,Si,1,0.781190562416399
single: swing_time_asymmetry_pct,SiPt29,Si,1,0.5896300308824737
single: swing_time_asymmetry_pct,SiPt30,Si,1,0.81164788742412
single: swing_time_asymmetry_pct,SiPt31,Si,1,0.8596075134261396
single: swing_time_asymmetry_pct,SiPt32,Si,1,0.5846916972449114
single: swing_time_asymmetry_pct,SiPt33,Si,1,0.8116634783863457
single: swing_time_asymmetry_pct,SiPt34,Si,1,0.6964771142928117
single: swing_time_asymmetry_pct,SiPt35,Si,1,0.5802606935932811
single: swing_time_asymmetry_pct,SiPt36,Si,1,0.7430539054319204
single: swing_time_asymmetry_pct,SiPt37,Si,1,0.3172869243498152
single: swing_time_asymmetry_pct,SiPt38,Si,1,0.2821734774465419
single: swing_time_asymmetry_pct,SiPt39,Si,1,0.754581448422293
single: swing_time_asymmetry_pct,SiPt40,Si,1,0.44164840180874865
