model,scheme,repeat,fold,auc,brier,balanced_accuracy,sensitivity,specificity,n_test,n_test_pd,n_train,test_ids
baseline: chance,cv,0,0,0.5,0.24845041322314051,0.5,1.0,0.0,33,18,132,24b4a5bc1ffd
baseline: chance,cv,0,1,0.5,0.24449035812672176,0.5,1.0,0.0,33,19,132,fe60184df670
baseline: chance,cv,0,2,0.5,0.24845041322314051,0.5,1.0,0.0,33,18,132,b8b519c41e08
baseline: chance,cv,0,3,0.5,0.24449035812672176,0.5,1.0,0.0,33,19,132,d2b1a28d9f34
baseline: chance,cv,0,4,0.5,0.24449035812672176,0.5,1.0,0.0,33,19,132,6ed3ff9a3e83
baseline: chance,cv,1,0,0.5,0.24449035812672176,0.5,1.0,0.0,33,19,132,9112032a5620
baseline: chance,cv,1,1,0.5,0.24845041322314046,0.5,1.0,0.0,33,18,132,04d8049c005e
baseline: chance,cv,1,2,0.5,0.24845041322314051,0.5,1.0,0.0,33,18,132,52f2adc657c5
baseline: chance,cv,1,3,0.5,0.24449035812672176,0.5,1.0,0.0,33,19,132,7172e7bcf481
baseline: chance,cv,1,4,0.5,0.24449035812672176,0.5,1.0,0.0,33,19,132,1d0bdc35b55f
baseline: chance,cv,2,0,0.5,0.24449035812672176,0.5,1.0,0.0,33,19,132,6322fd710919
baseline: chance,cv,2,1,0.5,0.24449035812672176,0.5,1.0,0.0,33,19,132,3ddfe2be301e
baseline: chance,cv,2,2,0.5,0.24449035812672176,0.5,1.0,0.0,33,19,132,442ee4dce73d
baseline: chance,cv,2,3,0.5,0.24845041322314051,0.5,1.0,0.0,33,18,132,1eda9017ac51
baseline: chance,cv,2,4,0.5,0.24845041322314046,0.5,1.0,0.0,33,18,132,274d2c831dc7
baseline: chance,cv,3,0,0.5,0.24845041322314051,0.5,1.0,0.0,33,18,132,881430db55b4
baseline: chance,cv,3,1,0.5,0.24449035812672176,0.5,1.0,0.0,33,19,132,328edb901d59
baseline: chance,cv,3,2,0.5,0.24449035812672176,0.5,1.0,0.0,33,19,132,d946e7b8a014
baseline: chance,cv,3,3,0.5,0.24449035812672176,0.5,1.0,0.0,33,19,132,06fd8b07c3dd
baseline: chance,cv,3,4,0.5,0.24845041322314051,0.5,1.0,0.0,33,18,132,15f31a2e8e70
baseline: chance,cv,4,0,0.5,0.24449035812672176,0.5,1.0,0.0,33,19,132,d003d404b7fa
baseline: chance,cv,4,1,0.5,0.24845041322314051,0.5,1.0,0.0,33,18,132,3fcb47922003
baseline: chance,cv,4,2,0.5,0.24845041322314051,0.5,1.0,0.0,33,18,132,0105fa096502
baseline: chance,cv,4,3,0.5,0.24449035812672176,0.5,1.0,0.0,33,19,132,4449cfa53280
baseline: chance,cv,4,4,0.5,0.24449035812672176,0.5,1.0,0.0,33,19,132,a0a81576e177
baseline: chance,cv,5,0,0.5,0.24845041322314051,0.5,1.0,0.0,33,18,132,08fd3e16c8bb
baseline: chance,cv,5,1,0.5,0.24449035812672176,0.5,1.0,0.0,33,19,132,2ea1ecf4ddc0
baseline: chance,cv,5,2,0.5,0.24449035812672176,0.5,1.0,0.0,33,19,132,9c330070896d
baseline: chance,cv,5,3,0.5,0.24845041322314046,0.5,1.0,0.0,33,18,132,092415dfb15c
baseline: chance,cv,5,4,0.5,0.24449035812672176,0.5,1.0,0.0,33,19,132,971dfd714d58
baseline: chance,cv,6,0,0.5,0.24449035812672176,0.5,1.0,0.0,33,19,132,46bf58cb2b11
baseline: chance,cv,6,1,0.5,0.24845041322314051,0.5,1.0,0.0,33,18,132,347c2dd9eee0
baseline: chance,cv,6,2,0.5,0.24845041322314046,0.5,1.0,0.0,33,18,132,7aba26c001d1
baseline: chance,cv,6,3,0.5,0.24449035812672176,0.5,1.0,0.0,33,19,132,6a7bafe925d2
baseline: chance,cv,6,4,0.5,0.24449035812672176,0.5,1.0,0.0,33,19,132,9b723c362f6b
baseline: chance,cv,7,0,0.5,0.24845041322314051,0.5,1.0,0.0,33,18,132,0c70b32d21f2
baseline: chance,cv,7,1,0.5,0.24449035812672176,0.5,1.0,0.0,33,19,132,c5f2aae1f621
baseline: chance,cv,7,2,0.5,0.24845041322314046,0.5,1.0,0.0,33,18,132,e54b36a7b238
baseline: chance,cv,7,3,0.5,0.24449035812672176,0.5,1.0,0.0,33,19,132,2111b6a311f0
baseline: chance,cv,7,4,0.5,0.24449035812672176,0.5,1.0,0.0,33,19,132,61a680919f0d
baseline: chance,cv,8,0,0.5,0.24449035812672176,0.5,1.0,0.0,33,19,132,60b20ac6522a
baseline: chance,cv,8,1,0.5,0.24449035812672176,0.5,1.0,0.0,33,19,132,9ebfe745f35f
baseline: chance,cv,8,2,0.5,0.24845041322314046,0.5,1.0,0.0,33,18,132,0c2cc334df24
baseline: chance,cv,8,3,0.5,0.24449035812672176,0.5,1.0,0.0,33,19,132,affc51715ed6
baseline: chance,cv,8,4,0.5,0.24845041322314051,0.5,1.0,0.0,33,18,132,0a57eeae24ef
baseline: chance,cv,9,0,0.5,0.24845041322314046,0.5,1.0,0.0,33,18,132,50ca097e3da3
baseline: chance,cv,9,1,0.5,0.24449035812672176,0.5,1.0,0.0,33,19,132,03a64b32aec3
baseline: chance,cv,9,2,0.5,0.24449035812672176,0.5,1.0,0.0,33,19,132,485aca3cdf4c
baseline: chance,cv,9,3,0.5,0.24449035812672176,0.5,1.0,0.0,33,19,132,f550b9be9e59
baseline: chance,cv,9,4,0.5,0.24845041322314051,0.5,1.0,0.0,33,18,132,99b4d195a2c9
baseline: chance,cv,10,0,0.5,0.24845041322314046,0.5,1.0,0.0,33,18,132,806fd96bcf6b
baseline: chance,cv,10,1,0.5,0.24449035812672176,0.5,1.0,0.0,33,19,132,6360bd6eb4f2
baseline: chance,cv,10,2,0.5,0.24449035812672176,0.5,1.0,0.0,33,19,132,ce843a5c5821
baseline: chance,cv,10,3,0.5,0.24449035812672176,0.5,1.0,0.0,33,19,132,efd5e5aef9ec
baseline: chance,cv,10,4,0.5,0.24845041322314051,0.5,1.0,0.0,33,18,132,6175a2660f55
baseline: chance,cv,11,0,0.5,0.24845041322314046,0.5,1.0,0.0,33,18,132,707954b77555
baseline: chance,cv,11,1,0.5,0.24449035812672176,0.5,1.0,0.0,33,19,132,4f38e613e242
baseline: chance,cv,11,2,0.5,0.24845041322314051,0.5,1.0,0.0,33,18,132,00b5a22ac9cf
baseline: chance,cv,11,3,0.5,0.24449035812672176,0.5,1.0,0.0,33,19,132,c28723cfd424
baseline: chance,cv,11,4,0.5,0.24449035812672176,0.5,1.0,0.0,33,19,132,ead9a1f1b2b8
baseline: chance,cv,12,0,0.5,0.24845041322314051,0.5,1.0,0.0,33,18,132,07d339bba3c9
baseline: chance,cv,12,1,0.5,0.24845041322314051,0.5,1.0,0.0,33,18,132,c093bb82b990
baseline: chance,cv,12,2,0.5,0.24449035812672176,0.5,1.0,0.0,33,19,132,5667f2030a7b
baseline: chance,cv,12,3,0.5,0.24449035812672176,0.5,1.0,0.0,33,19,132,2adde8dc797d
baseline: chance,cv,12,4,0.5,0.24449035812672176,0.5,1.0,0.0,33,19,132,d20beb687f56
baseline: chance,cv,13,0,0.5,0.24449035812672176,0.5,1.0,0.0,33,19,132,dcb1012df53d
baseline: chance,cv,13,1,0.5,0.24845041322314046,0.5,1.0,0.0,33,18,132,473120c3ecb8
baseline: chance,cv,13,2,0.5,0.24845041322314046,0.5,1.0,0.0,33,18,132,1ef094fceeb1
baseline: chance,cv,13,3,0.5,0.24449035812672176,0.5,1.0,0.0,33,19,132,fc963a750db6
baseline: chance,cv,13,4,0.5,0.24449035812672176,0.5,1.0,0.0,33,19,132,69948fd44837
baseline: chance,cv,14,0,0.5,0.24449035812672176,0.5,1.0,0.0,33,19,132,9ffd922d28eb
baseline: chance,cv,14,1,0.5,0.24845041322314046,0.5,1.0,0.0,33,18,132,a57baa6647db
baseline: chance,cv,14,2,0.5,0.24449035812672176,0.5,1.0,0.0,33,19,132,3174fde86d0f
baseline: chance,cv,14,3,0.5,0.24449035812672176,0.5,1.0,0.0,33,19,132,e8b6f8fe93db
baseline: chance,cv,14,4,0.5,0.24845041322314051,0.5,1.0,0.0,33,18,132,5fa3e9cbd26e
baseline: chance,cv,15,0,0.5,0.24845041322314046,0.5,1.0,0.0,33,18,132,126fe3f2d28c
baseline: chance,cv,15,1,0.5,0.24845041322314046,0.5,1.0,0.0,33,18,132,53b990822c51
baseline: chance,cv,15,2,0.5,0.24449035812672176,0.5,1.0,0.0,33,19,132,f5ffb5647f43
baseline: chance,cv,15,3,0.5,0.24449035812672176,0.5,1.0,0.0,33,19,132,f4894ec977a6
baseline: chance,cv,15,4,0.5,0.24449035812672176,0.5,1.0,0.0,33,19,132,23921cf04050
baseline: chance,cv,16,0,0.5,0.24845041322314046,0.5,1.0,0.0,33,18,132,7069959f84df
baseline: chance,cv,16,1,0.5,0.24449035812672176,0.5,1.0,0.0,33,19,132,b51fa18909f0
baseline: chance,cv,16,2,0.5,0.24449035812672176,0.5,1.0,0.0,33,19,132,d0d899b8c5d8
baseline: chance,cv,16,3,0.5,0.24845041322314051,0.5,1.0,0.0,33,18,132,ec1a5b1579a6
baseline: chance,cv,16,4,0.5,0.24449035812672176,0.5,1.0,0.0,33,19,132,4390c0795e67
baseline: chance,cv,17,0,0.5,0.24845041322314046,0.5,1.0,0.0,33,18,132,35cf218f2da0
baseline: chance,cv,17,1,0.5,0.24449035812672176,0.5,1.0,0.0,33,19,132,606e35c9ba81
baseline: chance,cv,17,2,0.5,0.24449035812672176,0.5,1.0,0.0,33,19,132,b3b7a22a42c7
baseline: chance,cv,17,3,0.5,0.24449035812672176,0.5,1.0,0.0,33,19,132,1406112ac475
baseline: chance,cv,17,4,0.5,0.24845041322314051,0.5,1.0,0.0,33,18,132,9d518727c4ce
baseline: chance,cv,18,0,0.5,0.24845041322314051,0.5,1.0,0.0,33,18,132,f1367dcd57d7
baseline: chance,cv,18,1,0.5,0.24845041322314046,0.5,1.0,0.0,33,18,132,9c31bef5667a
baseline: chance,cv,18,2,0.5,0.24449035812672176,0.5,1.0,0.0,33,19,132,a423dc078097
baseline: chance,cv,18,3,0.5,0.24449035812672176,0.5,1.0,0.0,33,19,132,379c65a9aaf8
baseline: chance,cv,18,4,0.5,0.24449035812672176,0.5,1.0,0.0,33,19,132,9a3bd5035f3e
baseline: chance,cv,19,0,0.5,0.24845041322314046,0.5,1.0,0.0,33,18,132,b39262f0fe9d
baseline: chance,cv,19,1,0.5,0.24449035812672176,0.5,1.0,0.0,33,19,132,db9a77156af7
baseline: chance,cv,19,2,0.5,0.24449035812672176,0.5,1.0,0.0,33,19,132,4412b0675473
baseline: chance,cv,19,3,0.5,0.24845041322314046,0.5,1.0,0.0,33,18,132,b8613d3993a1
baseline: chance,cv,19,4,0.5,0.24449035812672176,0.5,1.0,0.0,33,19,132,e8577478125c
single: stride_time_mean_s,cv,0,0,0.5222222222222221,0.2472064101776486,0.5333333333333333,1.0,0.06666666666666665,33,18,132,24b4a5bc1ffd
single: stride_time_mean_s,cv,0,1,0.5413533834586466,0.24440782097330546,0.5375939849624061,0.7894736842105263,0.2857142857142857,33,19,132,fe60184df670
single: stride_time_mean_s,cv,0,2,0.6074074074074074,0.2401914469166177,0.5,1.0,0.0,33,18,132,b8b519c41e08
single: stride_time_mean_s,cv,0,3,0.575187969924812,0.23873871205093686,0.5093984962406015,0.9473684210526315,0.0714285714285714,33,19,132,d2b1a28d9f34
single: stride_time_mean_s,cv,0,4,0.5563909774436091,0.24659894710487404,0.4830827067669173,0.8947368421052632,0.0714285714285714,33,19,132,6ed3ff9a3e83
single: stride_time_mean_s,cv,1,0,0.575187969924812,0.24352280539191562,0.45676691729323304,0.8421052631578947,0.0714285714285714,33,19,132,9112032a5620
single: stride_time_mean_s,cv,1,1,0.4111111111111111,0.27020285990392634,0.45555555555555555,0.7777777777777778,0.1333333333333333,33,18,132,04d8049c005e
single: stride_time_mean_s,cv,1,2,0.5555555555555556,0.24554174318589314,0.5333333333333333,1.0,0.06666666666666665,33,18,132,52f2adc657c5
single: stride_time_mean_s,cv,1,3,0.6616541353383459,0.23490401010864848,0.5714285714285714,1.0,0.1428571428571429,33,19,132,7172e7bcf481
single: stride_time_mean_s,cv,1,4,0.575187969924812,0.2386621493700639,0.5093984962406015,0.9473684210526315,0.0714285714285714,33,19,132,1d0bdc35b55f
single: stride_time_mean_s,cv,2,0,0.5939849624060151,0.2435544529252005,0.45676691729323304,0.8421052631578947,0.0714285714285714,33,19,132,6322fd710919
single: stride_time_mean_s,cv,2,1,0.47744360902255634,0.2553127318560989,0.5112781954887218,0.7368421052631579,0.2857142857142857,33,19,132,3ddfe2be301e
single: stride_time_mean_s,cv,2,2,0.6484962406015037,0.23524495320576908,0.6428571428571428,1.0,0.2857142857142857,33,19,132,442ee4dce73d
single: stride_time_mean_s,cv,2,3,0.6407407407407407,0.24210876111937765,0.5,1.0,0.0,33,18,132,1eda9017ac51
single: stride_time_mean_s,cv,2,4,0.5037037037037037,0.24809765637715853,0.4722222222222222,0.9444444444444444,0.0,33,18,132,274d2c831dc7
single: stride_time_mean_s,cv,3,0,0.48333333333333334,0.252290586484294,0.46111111111111114,0.7222222222222222,0.19999999999999996,33,18,132,881430db55b4
single: stride_time_mean_s,cv,3,1,0.706766917293233,0.2345900484813197,0.5,1.0,0.0,33,19,132,328edb901d59
single: stride_time_mean_s,cv,3,2,0.5451127819548872,0.2436780546697689,0.5018796992481203,0.7894736842105263,0.2142857142857143,33,19,132,d946e7b8a014
single: stride_time_mean_s,cv,3,3,0.631578947368421,0.23820221988035017,0.5,1.0,0.0,33,19,132,06fd8b07c3dd
single: stride_time_mean_s,cv,3,4,0.4555555555555556,0.2582662860396496,0.5111111111111111,0.8888888888888888,0.1333333333333333,33,18,132,15f31a2e8e70
single: stride_time_mean_s,cv,4,0,0.5300751879699248,0.247040532654867,0.5808270676691729,0.9473684210526315,0.2142857142857143,33,19,132,d003d404b7fa
single: stride_time_mean_s,cv,4,1,0.6296296296296295,0.2384636171064761,0.5333333333333333,1.0,0.06666666666666665,33,18,132,3fcb47922003
single: stride_time_mean_s,cv,4,2,0.5,0.24839064859907706,0.45,0.8333333333333334,0.06666666666666665,33,18,132,0105fa096502
single: stride_time_mean_s,cv,4,3,0.556390977443609,0.24084395784404672,0.45676691729323304,0.8421052631578947,0.0714285714285714,33,19,132,4449cfa53280
single: stride_time_mean_s,cv,4,4,0.5864661654135339,0.24359692032097915,0.4473684210526316,0.8947368421052632,0.0,33,19,132,a0a81576e177
single: stride_time_mean_s,cv,5,0,0.6592592592592593,0.2393267938966182,0.5,1.0,0.0,33,18,132,08fd3e16c8bb
single: stride_time_mean_s,cv,5,1,0.5150375939849625,0.24354530663836269,0.5357142857142857,1.0,0.0714285714285714,33,19,132,2ea1ecf4ddc0
single: stride_time_mean_s,cv,5,2,0.5902255639097744,0.23529977312895348,0.5093984962406015,0.9473684210526315,0.0714285714285714,33,19,132,9c330070896d
single: stride_time_mean_s,cv,5,3,0.6222222222222222,0.24031608674444707,0.4722222222222222,0.9444444444444444,0.0,33,18,132,092415dfb15c
single: stride_time_mean_s,cv,5,4,0.37593984962406013,0.28181920024368207,0.4492481203007519,0.6842105263157895,0.2142857142857143,33,19,132,971dfd714d58
single: stride_time_mean_s,cv,6,0,0.4548872180451128,0.256433361965538,0.3515037593984962,0.631578947368421,0.0714285714285714,33,19,132,46bf58cb2b11
single: stride_time_mean_s,cv,6,1,0.5074074074074074,0.25367306388987443,0.45555555555555555,0.7777777777777778,0.1333333333333333,33,18,132,347c2dd9eee0
single: stride_time_mean_s,cv,6,2,0.6518518518518519,0.24124992034486958,0.5333333333333333,1.0,0.06666666666666665,33,18,132,7aba26c001d1
single: stride_time_mean_s,cv,6,3,0.5827067669172932,0.2391859327732266,0.49248120300751874,0.8421052631578947,0.1428571428571429,33,19,132,6a7bafe925d2
single: stride_time_mean_s,cv,6,4,0.6165413533834586,0.23645737086715224,0.5357142857142857,1.0,0.0714285714285714,33,19,132,9b723c362f6b
single: stride_time_mean_s,cv,7,0,0.5592592592592593,0.23927921143423247,0.4722222222222222,0.9444444444444444,0.0,33,18,132,0c70b32d21f2
single: stride_time_mean_s,cv,7,1,0.5714285714285714,0.242095056242259,0.518796992481203,0.8947368421052632,0.1428571428571429,33,19,132,c5f2aae1f621
single: stride_time_mean_s,cv,7,2,0.6555555555555554,0.24445905131026907,0.5666666666666667,1.0,0.1333333333333333,33,18,132,e54b36a7b238
single: stride_time_mean_s,cv,7,3,0.48496240601503754,0.24719570189282333,0.45676691729323304,0.8421052631578947,0.0714285714285714,33,19,132,2111b6a311f0
single: stride_time_mean_s,cv,7,4,0.5,0.24533977820413488,0.4492481203007519,0.6842105263157895,0.2142857142857143,33,19,132,61a680919f0d
single: stride_time_mean_s,cv,8,0,0.6165413533834587,0.24221015646049637,0.47368421052631576,0.9473684210526315,0.0,33,19,132,60b20ac6522a
single: stride_time_mean_s,cv,8,1,0.5488721804511278,0.2408970760207268,0.46616541353383456,0.7894736842105263,0.1428571428571429,33,19,132,9ebfe745f35f
single: stride_time_mean_s,cv,8,2,0.6666666666666666,0.23870879574223589,0.5055555555555555,0.9444444444444444,0.06666666666666665,33,18,132,0c2cc334df24
single: stride_time_mean_s,cv,8,3,0.39097744360902253,0.2624754407051307,0.4755639097744361,0.7368421052631579,0.2142857142857143,33,19,132,affc51715ed6
single: stride_time_mean_s,cv,8,4,0.5888888888888888,0.24280970600773447,0.5055555555555555,0.9444444444444444,0.06666666666666665,33,18,132,0a57eeae24ef
single: stride_time_mean_s,cv,9,0,0.6592592592592592,0.23917931985221277,0.5333333333333333,1.0,0.06666666666666665,33,18,132,50ca097e3da3
single: stride_time_mean_s,cv,9,1,0.5939849624060151,0.24201770846376727,0.47368421052631576,0.9473684210526315,0.0,33,19,132,03a64b32aec3
single: stride_time_mean_s,cv,9,2,0.5,0.2502598173077743,0.4398496240601504,0.7368421052631579,0.1428571428571429,33,19,132,485aca3cdf4c
single: stride_time_mean_s,cv,9,3,0.481203007518797,0.25385236746329676,0.4398496240601504,0.7368421052631579,0.1428571428571429,33,19,132,f550b9be9e59
single: stride_time_mean_s,cv,9,4,0.5962962962962963,0.2410082320915497,0.5333333333333333,1.0,0.06666666666666665,33,18,132,99b4d195a2c9
single: stride_time_mean_s,cv,10,0,0.48888888888888893,0.26495613923929545,0.45,0.8333333333333334,0.06666666666666665,33,18,132,806fd96bcf6b
single: stride_time_mean_s,cv,10,1,0.5526315789473684,0.24534324168421526,0.5112781954887218,0.7368421052631579,0.2857142857142857,33,19,132,6360bd6eb4f2
single: stride_time_mean_s,cv,10,2,0.6804511278195489,0.23457513799430083,0.5,1.0,0.0,33,19,132,ce843a5c5821
single: stride_time_mean_s,cv,10,3,0.6278195488721805,0.23631389339324907,0.47368421052631576,0.9473684210526315,0.0,33,19,132,efd5e5aef9ec
single: stride_time_mean_s,cv,10,4,0.4814814814814815,0.24733701590461638,0.5388888888888889,0.9444444444444444,0.1333333333333333,33,18,132,6175a2660f55
single: stride_time_mean_s,cv,11,0,0.4222222222222222,0.2597709957720673,0.3611111111111111,0.7222222222222222,0.0,33,18,132,707954b77555
single: stride_time_mean_s,cv,11,1,0.38721804511278196,0.2668884862409679,0.4135338345864662,0.6842105263157895,0.1428571428571429,33,19,132,4f38e613e242
single: stride_time_mean_s,cv,11,2,0.6814814814814815,0.24085200022311826,0.5333333333333333,1.0,0.06666666666666665,33,18,132,00b5a22ac9cf
single: stride_time_mean_s,cv,11,3,0.6090225563909774,0.23696330278165478,0.47368421052631576,0.9473684210526315,0.0,33,19,132,c28723cfd424
single: stride_time_mean_s,cv,11,4,0.7406015037593985,0.23508717707292065,0.47368421052631576,0.9473684210526315,0.0,33,19,132,ead9a1f1b2b8
single: stride_time_mean_s,cv,12,0,0.6074074074074074,0.24300521643964856,0.5111111111111111,0.8888888888888888,0.1333333333333333,33,18,132,07d339bba3c9
single: stride_time_mean_s,cv,12,1,0.6777777777777778,0.23853937712233397,0.5,1.0,0.0,33,18,132,c093bb82b990
single: stride_time_mean_s,cv,12,2,0.35526315789473684,0.2752343624627224,0.4041353383458646,0.7368421052631579,0.0714285714285714,33,19,132,5667f2030a7b
single: stride_time_mean_s,cv,12,3,0.5413533834586466,0.24421528849812513,0.43045112781954886,0.7894736842105263,0.0714285714285714,33,19,132,2adde8dc797d
single: stride_time_mean_s,cv,12,4,0.6052631578947368,0.2365525422022785,0.5,1.0,0.0,33,19,132,d20beb687f56
single: stride_time_mean_s,cv,13,0,0.48872180451127817,0.2494960492499595,0.5469924812030075,0.7368421052631579,0.3571428571428571,33,19,132,dcb1012df53d
single: stride_time_mean_s,cv,13,1,0.6296296296296297,0.24345405798328865,0.5,1.0,0.0,33,18,132,473120c3ecb8
single: stride_time_mean_s,cv,13,2,0.6,0.24016979116899267,0.5333333333333333,1.0,0.06666666666666665,33,18,132,1ef094fceeb1
single: stride_time_mean_s,cv,13,3,0.6203007518796992,0.23693085954531118,0.5,1.0,0.0,33,19,132,fc963a750db6
single: stride_time_mean_s,cv,13,4,0.4962406015037594,0.25189916783503014,0.5018796992481203,0.7894736842105263,0.2142857142857143,33,19,132,69948fd44837
single: stride_time_mean_s,cv,14,0,0.6390977443609023,0.2354728014492502,0.5,1.0,0.0,33,19,132,9ffd922d28eb
single: stride_time_mean_s,cv,14,1,0.6111111111111112,0.24130850707076457,0.5333333333333333,1.0,0.06666666666666665,33,18,132,a57baa6647db
single: stride_time_mean_s,cv,14,2,0.6804511278195489,0.2392424797589836,0.5451127819548872,0.9473684210526315,0.1428571428571429,33,19,132,3174fde86d0f
single: stride_time_mean_s,cv,14,3,0.5375939849624061,0.24403714071908608,0.43045112781954886,0.7894736842105263,0.0714285714285714,33,19,132,e8b6f8fe93db
single: stride_time_mean_s,cv,14,4,0.4185185185185185,0.2639863062438343,0.37222222222222223,0.6111111111111112,0.1333333333333333,33,18,132,5fa3e9cbd26e
single: stride_time_mean_s,cv,15,0,0.5962962962962963,0.24567413587691558,0.47777777777777775,0.8888888888888888,0.06666666666666665,33,18,132,126fe3f2d28c
single: stride_time_mean_s,cv,15,1,0.5296296296296297,0.24989030723660255,0.5444444444444444,0.8888888888888888,0.19999999999999996,33,18,132,53b990822c51
single: stride_time_mean_s,cv,15,2,0.593984962406015,0.23744021404605975,0.5357142857142857,1.0,0.0714285714285714,33,19,132,f5ffb5647f43
single: stride_time_mean_s,cv,15,3,0.49624060150375937,0.2483134162067127,0.49248120300751874,0.8421052631578947,0.1428571428571429,33,19,132,f4894ec977a6
single: stride_time_mean_s,cv,15,4,0.575187969924812,0.23731114002851647,0.47368421052631576,0.9473684210526315,0.0,33,19,132,23921cf04050
single: stride_time_mean_s,cv,16,0,0.5074074074074074,0.253689486247972,0.4444444444444444,0.8888888888888888,0.0,33,18,132,7069959f84df
single: stride_time_mean_s,cv,16,1,0.5263157894736842,0.24671192969981154,0.46616541353383456,0.7894736842105263,0.1428571428571429,33,19,132,b51fa18909f0
single: stride_time_mean_s,cv,16,2,0.42857142857142855,0.24915091625953645,0.5018796992481203,0.7894736842105263,0.2142857142857143,33,19,132,d0d899b8c5d8
single: stride_time_mean_s,cv,16,3,0.7407407407407407,0.24052339068598605,0.5,1.0,0.0,33,18,132,ec1a5b1579a6
single: stride_time_mean_s,cv,16,4,0.5676691729323308,0.24172931616029253,0.46616541353383456,0.7894736842105263,0.1428571428571429,33,19,132,4390c0795e67
single: stride_time_mean_s,cv,17,0,0.4851851851851851,0.2521842435200463,0.47777777777777775,0.8888888888888888,0.06666666666666665,33,18,132,35cf218f2da0
single: stride_time_mean_s,cv,17,1,0.3533834586466165,0.27857115684958433,0.4323308270676692,0.5789473684210527,0.2857142857142857,33,19,132,606e35c9ba81
single: stride_time_mean_s,cv,17,2,0.8082706766917294,0.23536646643904177,0.5,1.0,0.0,33,19,132,b3b7a22a42c7
single: stride_time_mean_s,cv,17,3,0.5451127819548872,0.24372991792230336,0.47368421052631576,0.9473684210526315,0.0,33,19,132,1406112ac475
single: stride_time_mean_s,cv,17,4,0.6370370370370371,0.2382024095691686,0.5,1.0,0.0,33,18,132,9d518727c4ce
single: stride_time_mean_s,cv,18,0,0.5148148148148148,0.2523309850736603,0.45,0.8333333333333334,0.06666666666666665,33,18,132,f1367dcd57d7
single: stride_time_mean_s,cv,18,1,0.5814814814814815,0.24619458694577268,0.4722222222222222,0.9444444444444444,0.0,33,18,132,9c31bef5667a
single: stride_time_mean_s,cv,18,2,0.5977443609022556,0.23566357688677975,0.5714285714285714,1.0,0.1428571428571429,33,19,132,a423dc078097
single: stride_time_mean_s,cv,18,3,0.5037593984962405,0.24874089418096992,0.4135338345864662,0.6842105263157895,0.1428571428571429,33,19,132,379c65a9aaf8
single: stride_time_mean_s,cv,18,4,0.6240601503759398,0.2378319758444653,0.5093984962406015,0.9473684210526315,0.0714285714285714,33,19,132,9a3bd5035f3e
single: stride_time_mean_s,cv,19,0,0.4962962962962963,0.2537250586258031,0.4222222222222222,0.7777777777777778,0.06666666666666665,33,18,132,b39262f0fe9d
single: stride_time_mean_s,cv,19,1,0.5864661654135339,0.24004860812535064,0.4830827067669173,0.8947368421052632,0.0714285714285714,33,19,132,db9a77156af7
single: stride_time_mean_s,cv,19,2,0.5827067669172932,0.23831418994854814,0.4830827067669173,0.8947368421052632,0.0714285714285714,33,19,132,4412b0675473
single: stride_time_mean_s,cv,19,3,0.7703703703703704,0.23990577303396388,0.5,1.0,0.0,33,18,132,b8613d3993a1
single: stride_time_mean_s,cv,19,4,0.37969924812030076,0.269301538909705,0.42293233082706766,0.631578947368421,0.2142857142857143,33,19,132,e8577478125c
single: stride_time_cv_pct,cv,0,0,0.35555555555555557,0.2896262856068026,0.5055555555555555,0.9444444444444444,0.06666666666666665,33,18,132,24b4a5bc1ffd
single: stride_time_cv_pct,cv,0,1,0.5601503759398496,0.24160251254242163,0.556390977443609,0.6842105263157895,0.4285714285714286,33,19,132,fe60184df670
single: stride_time_cv_pct,cv,0,2,0.837037037037037,0.22032233894600192,0.6388888888888888,0.9444444444444444,0.33333333333333337,33,18,132,b8b519c41e08
single: stride_time_cv_pct,cv,0,3,0.5714285714285714,0.24001865075246448,0.5300751879699248,0.631578947368421,0.4285714285714286,33,19,132,d2b1a28d9f34
single: stride_time_cv_pct,cv,0,4,0.6691729323308271,0.22484990779128458,0.6710526315789473,0.8421052631578947,0.5,33,19,132,6ed3ff9a3e83
single: stride_time_cv_pct,cv,1,0,0.7180451127819549,0.22920969183208548,0.6804511278195489,0.7894736842105263,0.5714285714285714,33,19,132,9112032a5620
single: stride_time_cv_pct,cv,1,1,0.5333333333333333,0.24601411636236506,0.5166666666666667,0.8333333333333334,0.19999999999999996,33,18,132,04d8049c005e
single: stride_time_cv_pct,cv,1,2,0.7037037037037037,0.22942139593525393,0.6444444444444444,0.8888888888888888,0.4,33,18,132,52f2adc657c5
single: stride_time_cv_pct,cv,1,3,0.5,0.2538259583700156,0.5037593984962406,0.5789473684210527,0.4285714285714286,33,19,132,7172e7bcf481
single: stride_time_cv_pct,cv,1,4,0.6090225563909775,0.23258981484134778,0.518796992481203,0.8947368421052632,0.1428571428571429,33,19,132,1d0bdc35b55f
single: stride_time_cv_pct,cv,2,0,0.6090225563909775,0.2322188802432748,0.6259398496240601,0.8947368421052632,0.3571428571428571,33,19,132,6322fd710919
single: stride_time_cv_pct,cv,2,1,0.7180451127819549,0.22037937451842082,0.599624060150376,0.8421052631578947,0.3571428571428571,33,19,132,3ddfe2be301e
single: stride_time_cv_pct,cv,2,2,0.618421052631579,0.2322200015642197,0.5018796992481203,0.7894736842105263,0.2142857142857143,33,19,132,442ee4dce73d
single: stride_time_cv_pct,cv,2,3,0.5037037037037037,0.26757707229270383,0.6,0.6666666666666666,0.5333333333333333,33,18,132,1eda9017ac51
single: stride_time_cv_pct,cv,2,4,0.5888888888888888,0.24174556027424812,0.5555555555555556,0.7777777777777778,0.33333333333333337,33,18,132,274d2c831dc7
single: stride_time_cv_pct,cv,3,0,0.7796296296296297,0.22186971579060277,0.6777777777777778,0.8888888888888888,0.4666666666666667,33,18,132,881430db55b4
single: stride_time_cv_pct,cv,3,1,0.4736842105263158,0.25428839249445206,0.4755639097744361,0.7368421052631579,0.2142857142857143,33,19,132,328edb901d59
single: stride_time_cv_pct,cv,3,2,0.4248120300751879,0.26034390326971607,0.4849624060150376,0.6842105263157895,0.2857142857142857,33,19,132,d946e7b8a014
single: stride_time_cv_pct,cv,3,3,0.6278195488721805,0.23497255095919176,0.6090225563909775,0.7894736842105263,0.4285714285714286,33,19,132,06fd8b07c3dd
single: stride_time_cv_pct,cv,3,4,0.6629629629629629,0.22762766072972568,0.7055555555555555,0.9444444444444444,0.4666666666666667,33,18,132,15f31a2e8e70
single: stride_time_cv_pct,cv,4,0,0.36842105263157887,0.28379081367196457,0.5281954887218044,0.8421052631578947,0.2142857142857143,33,19,132,d003d404b7fa
single: stride_time_cv_pct,cv,4,1,0.7814814814814814,0.22187779051848613,0.6444444444444444,0.8888888888888888,0.4,33,18,132,3fcb47922003
single: stride_time_cv_pct,cv,4,2,0.5518518518518518,0.2427772021039132,0.4388888888888889,0.6111111111111112,0.2666666666666667,33,18,132,0105fa096502
single: stride_time_cv_pct,cv,4,3,0.6278195488721805,0.23287987572310842,0.5902255639097744,0.8947368421052632,0.2857142857142857,33,19,132,4449cfa53280
single: stride_time_cv_pct,cv,4,4,0.6729323308270676,0.22664121154028852,0.6973684210526316,0.8947368421052632,0.5,33,19,132,a0a81576e177
single: stride_time_cv_pct,cv,5,0,0.5185185185185186,0.25649782441453794,0.48333333333333334,0.8333333333333334,0.1333333333333333,33,18,132,08fd3e16c8bb
single: stride_time_cv_pct,cv,5,1,0.5977443609022557,0.22918910521721372,0.599624060150376,0.8421052631578947,0.3571428571428571,33,19,132,2ea1ecf4ddc0
single: stride_time_cv_pct,cv,5,2,0.6729323308270676,0.22389078709140842,0.5827067669172932,0.7368421052631579,0.4285714285714286,33,19,132,9c330070896d
single: stride_time_cv_pct,cv,5,3,0.7259259259259259,0.22463510685229243,0.6388888888888888,0.9444444444444444,0.33333333333333337,33,18,132,092415dfb15c
single: stride_time_cv_pct,cv,5,4,0.4586466165413534,0.26074570775836237,0.6090225563909775,0.7894736842105263,0.4285714285714286,33,19,132,971dfd714d58
single: stride_time_cv_pct,cv,6,0,0.5601503759398496,0.24535376223816602,0.5018796992481203,0.7894736842105263,0.2142857142857143,33,19,132,46bf58cb2b11
single: stride_time_cv_pct,cv,6,1,0.6703703703703703,0.2260393251269289,0.7055555555555555,0.9444444444444444,0.4666666666666667,33,18,132,347c2dd9eee0
single: stride_time_cv_pct,cv,6,2,0.5148148148148148,0.2477616472539013,0.5277777777777778,0.7222222222222222,0.33333333333333337,33,18,132,7aba26c001d1
single: stride_time_cv_pct,cv,6,3,0.6954887218045114,0.22811109138319519,0.6447368421052632,0.7894736842105263,0.5,33,19,132,6a7bafe925d2
single: stride_time_cv_pct,cv,6,4,0.5263157894736842,0.24237620867203677,0.599624060150376,0.8421052631578947,0.3571428571428571,33,19,132,9b723c362f6b
single: stride_time_cv_pct,cv,7,0,0.8074074074074075,0.21991941573874005,0.6333333333333333,1.0,0.2666666666666667,33,18,132,0c70b32d21f2
single: stride_time_cv_pct,cv,7,1,0.4172932330827067,0.26622594117897175,0.5281954887218044,0.8421052631578947,0.2142857142857143,33,19,132,c5f2aae1f621
single: stride_time_cv_pct,cv,7,2,0.5703703703703704,0.24164735572409282,0.5277777777777778,0.7222222222222222,0.33333333333333337,33,18,132,e54b36a7b238
single: stride_time_cv_pct,cv,7,3,0.5977443609022556,0.2401706150783126,0.5921052631578947,0.6842105263157895,0.5,33,19,132,2111b6a311f0
single: stride_time_cv_pct,cv,7,4,0.5639097744360902,0.24005636927922044,0.6259398496240601,0.8947368421052632,0.3571428571428571,33,19,132,61a680919f0d
single: stride_time_cv_pct,cv,8,0,0.6278195488721804,0.23197255972690664,0.6090225563909775,0.7894736842105263,0.4285714285714286,33,19,132,60b20ac6522a
single: stride_time_cv_pct,cv,8,1,0.4887218045112782,0.256624495195766,0.5469924812030075,0.7368421052631579,0.3571428571428571,33,19,132,9ebfe745f35f
single: stride_time_cv_pct,cv,8,2,0.7,0.22586979532895873,0.5888888888888889,0.7777777777777778,0.4,33,18,132,0c2cc334df24
single: stride_time_cv_pct,cv,8,3,0.6090225563909775,0.2297836393218295,0.6353383458646616,0.8421052631578947,0.4285714285714286,33,19,132,affc51715ed6
single: stride_time_cv_pct,cv,8,4,0.5851851851851853,0.24335769813868946,0.5777777777777777,0.8888888888888888,0.2666666666666667,33,18,132,0a57eeae24ef
single: stride_time_cv_pct,cv,9,0,0.5740740740740741,0.24115341190376438,0.611111111111111,0.8888888888888888,0.33333333333333337,33,18,132,50ca097e3da3
single: stride_time_cv_pct,cv,9,1,0.6842105263157895,0.2252972378145464,0.5921052631578947,0.6842105263157895,0.5,33,19,132,03a64b32aec3
single: stride_time_cv_pct,cv,9,2,0.5789473684210527,0.23598561172719484,0.5545112781954887,0.8947368421052632,0.2142857142857143,33,19,132,485aca3cdf4c
single: stride_time_cv_pct,cv,9,3,0.5939849624060151,0.24274460490049157,0.5639097744360901,0.8421052631578947,0.2857142857142857,33,19,132,f550b9be9e59
single: stride_time_cv_pct,cv,9,4,0.5851851851851853,0.23913298641885558,0.5888888888888889,0.7777777777777778,0.4,33,18,132,99b4d195a2c9
single: stride_time_cv_pct,cv,10,0,0.6148148148148148,0.23587403456114545,0.5666666666666667,0.6666666666666666,0.4666666666666667,33,18,132,806fd96bcf6b
single: stride_time_cv_pct,cv,10,1,0.575187969924812,0.24423078899932066,0.599624060150376,0.8421052631578947,0.3571428571428571,33,19,132,6360bd6eb4f2
single: stride_time_cv_pct,cv,10,2,0.7255639097744361,0.21883528249020828,0.6616541353383458,0.8947368421052632,0.4285714285714286,33,19,132,ce843a5c5821
single: stride_time_cv_pct,cv,10,3,0.481203007518797,0.26080448911265,0.49248120300751874,0.8421052631578947,0.1428571428571429,33,19,132,efd5e5aef9ec
single: stride_time_cv_pct,cv,10,4,0.6185185185185185,0.23619673691296958,0.6444444444444444,0.8888888888888888,0.4,33,18,132,6175a2660f55
single: stride_time_cv_pct,cv,11,0,0.6333333333333333,0.22864172260487792,0.6666666666666666,1.0,0.33333333333333337,33,18,132,707954b77555
single: stride_time_cv_pct,cv,11,1,0.4887218045112782,0.2611298005753253,0.5112781954887218,0.7368421052631579,0.2857142857142857,33,19,132,4f38e613e242
single: stride_time_cv_pct,cv,11,2,0.6518518518518519,0.22886772154981835,0.611111111111111,0.8888888888888888,0.33333333333333337,33,18,132,00b5a22ac9cf
single: stride_time_cv_pct,cv,11,3,0.5977443609022557,0.24610898991574753,0.6278195488721805,0.6842105263157895,0.5714285714285714,33,19,132,c28723cfd424
single: stride_time_cv_pct,cv,11,4,0.6917293233082706,0.22871088252920832,0.6353383458646616,0.8421052631578947,0.4285714285714286,33,19,132,ead9a1f1b2b8
single: stride_time_cv_pct,cv,12,0,0.6407407407407407,0.23301029076968577,0.611111111111111,0.8888888888888888,0.33333333333333337,33,18,132,07d339bba3c9
single: stride_time_cv_pct,cv,12,1,0.6407407407407407,0.23296163021650115,0.5944444444444444,0.7222222222222222,0.4666666666666667,33,18,132,c093bb82b990
single: stride_time_cv_pct,cv,12,2,0.3590225563909774,0.28486383299853735,0.46616541353383456,0.7894736842105263,0.1428571428571429,33,19,132,5667f2030a7b
single: stride_time_cv_pct,cv,12,3,0.6804511278195489,0.22575712490064453,0.5902255639097744,0.8947368421052632,0.2857142857142857,33,19,132,2adde8dc797d
single: stride_time_cv_pct,cv,12,4,0.706766917293233,0.22893537941979458,0.6541353383458646,0.7368421052631579,0.5714285714285714,33,19,132,d20beb687f56
single: stride_time_cv_pct,cv,13,0,0.7518796992481203,0.2181432056849702,0.6428571428571428,1.0,0.2857142857142857,33,19,132,dcb1012df53d
single: stride_time_cv_pct,cv,13,1,0.6222222222222222,0.23576620120234487,0.55,0.8333333333333334,0.2666666666666667,33,18,132,473120c3ecb8
single: stride_time_cv_pct,cv,13,2,0.5629629629629629,0.24416681653259942,0.55,0.8333333333333334,0.2666666666666667,33,18,132,1ef094fceeb1
single: stride_time_cv_pct,cv,13,3,0.6804511278195489,0.22433892627235574,0.7161654135338347,0.7894736842105263,0.6428571428571428,33,19,132,fc963a750db6
single: stride_time_cv_pct,cv,13,4,0.3571428571428571,0.2838971971700925,0.5018796992481203,0.7894736842105263,0.2142857142857143,33,19,132,69948fd44837
single: stride_time_cv_pct,cv,14,0,0.5338345864661653,0.2440456948335323,0.5375939849624061,0.7894736842105263,0.2857142857142857,33,19,132,9ffd922d28eb
single: stride_time_cv_pct,cv,14,1,0.5518518518518518,0.24988989478592888,0.5166666666666667,0.8333333333333334,0.19999999999999996,33,18,132,a57baa6647db
single: stride_time_cv_pct,cv,14,2,0.5902255639097744,0.23960665478080861,0.599624060150376,0.8421052631578947,0.3571428571428571,33,19,132,3174fde86d0f
single: stride_time_cv_pct,cv,14,3,0.6541353383458647,0.22517919145351928,0.599624060150376,0.8421052631578947,0.3571428571428571,33,19,132,e8b6f8fe93db
single: stride_time_cv_pct,cv,14,4,0.6962962962962963,0.22856290225541967,0.6888888888888889,0.7777777777777778,0.6,33,18,132,5fa3e9cbd26e
single: stride_time_cv_pct,cv,15,0,0.5851851851851853,0.23802599435875132,0.5611111111111111,0.7222222222222222,0.4,33,18,132,126fe3f2d28c
single: stride_time_cv_pct,cv,15,1,0.5666666666666667,0.24661261417052768,0.5888888888888889,0.7777777777777778,0.4,33,18,132,53b990822c51
single: stride_time_cv_pct,cv,15,2,0.6278195488721805,0.22847002405753525,0.5375939849624061,0.7894736842105263,0.2857142857142857,33,19,132,f5ffb5647f43
single: stride_time_cv_pct,cv,15,3,0.6353383458646616,0.23032897187993995,0.6710526315789473,0.8421052631578947,0.5,33,19,132,f4894ec977a6
single: stride_time_cv_pct,cv,15,4,0.5939849624060151,0.23885257329653176,0.5451127819548872,0.9473684210526315,0.1428571428571429,33,19,132,23921cf04050
single: stride_time_cv_pct,cv,16,0,0.5962962962962962,0.2386544695347306,0.6444444444444444,0.8888888888888888,0.4,33,18,132,7069959f84df
single: stride_time_cv_pct,cv,16,1,0.5413533834586466,0.2521634978503746,0.5657894736842105,0.631578947368421,0.5,33,19,132,b51fa18909f0
single: stride_time_cv_pct,cv,16,2,0.5977443609022557,0.23728855784707503,0.556390977443609,0.6842105263157895,0.4285714285714286,33,19,132,d0d899b8c5d8
single: stride_time_cv_pct,cv,16,3,0.662962962962963,0.23094449644333914,0.6666666666666666,1.0,0.33333333333333337,33,18,132,ec1a5b1579a6
single: stride_time_cv_pct,cv,16,4,0.6052631578947368,0.22771935861788936,0.5808270676691729,0.9473684210526315,0.2142857142857143,33,19,132,4390c0795e67
single: stride_time_cv_pct,cv,17,0,0.6370370370370371,0.2343561383984204,0.7,1.0,0.4,33,18,132,35cf218f2da0
single: stride_time_cv_pct,cv,17,1,0.7142857142857143,0.2189726592630038,0.7236842105263157,0.9473684210526315,0.5,33,19,132,606e35c9ba81
single: stride_time_cv_pct,cv,17,2,0.41729323308270677,0.27517635258293016,0.3872180451127819,0.631578947368421,0.1428571428571429,33,19,132,b3b7a22a42c7
single: stride_time_cv_pct,cv,17,3,0.6052631578947368,0.23717292274460963,0.5657894736842105,0.631578947368421,0.5,33,19,132,1406112ac475
single: stride_time_cv_pct,cv,17,4,0.6333333333333333,0.2372599479082146,0.5777777777777777,0.8888888888888888,0.2666666666666667,33,18,132,9d518727c4ce
single: stride_time_cv_pct,cv,18,0,0.4111111111111111,0.27397679716824913,0.48888888888888893,0.7777777777777778,0.19999999999999996,33,18,132,f1367dcd57d7
single: stride_time_cv_pct,cv,18,1,0.6222222222222222,0.23406498942511345,0.5777777777777777,0.8888888888888888,0.2666666666666667,33,18,132,9c31bef5667a
single: stride_time_cv_pct,cv,18,2,0.7406015037593986,0.21779864540317753,0.6165413533834586,0.9473684210526315,0.2857142857142857,33,19,132,a423dc078097
single: stride_time_cv_pct,cv,18,3,0.6578947368421053,0.2283481847436311,0.6541353383458646,0.7368421052631579,0.5714285714285714,33,19,132,379c65a9aaf8
single: stride_time_cv_pct,cv,18,4,0.5714285714285714,0.2478667438458349,0.5206766917293233,0.6842105263157895,0.3571428571428571,33,19,132,9a3bd5035f3e
single: stride_time_cv_pct,cv,19,0,0.5518518518518518,0.2567734145176521,0.5388888888888889,0.9444444444444444,0.1333333333333333,33,18,132,b39262f0fe9d
single: stride_time_cv_pct,cv,19,1,0.8007518796992481,0.2199628113707502,0.6973684210526316,0.8947368421052632,0.5,33,19,132,db9a77156af7
single: stride_time_cv_pct,cv,19,2,0.650375939849624,0.22643447649641538,0.599624060150376,0.8421052631578947,0.3571428571428571,33,19,132,4412b0675473
single: stride_time_cv_pct,cv,19,3,0.49629629629629635,0.25942522807342167,0.4777777777777778,0.5555555555555556,0.4,33,18,132,b8613d3993a1
single: stride_time_cv_pct,cv,19,4,0.5488721804511278,0.2379481234616643,0.6353383458646616,0.8421052631578947,0.4285714285714286,33,19,132,e8577478125c
single: swing_time_cv_pct,cv,0,0,0.6814814814814816,0.2263524934209289,0.5611111111111111,0.7222222222222222,0.4,33,18,132,24b4a5bc1ffd
single: swing_time_cv_pct,cv,0,1,0.706766917293233,0.23752024958177123,0.6560150375939849,0.5263157894736842,0.7857142857142857,33,19,132,fe60184df670
single: swing_time_cv_pct,cv,0,2,0.7333333333333334,0.21382218785551851,0.6166666666666667,0.8333333333333334,0.4,33,18,132,b8b519c41e08
single: swing_time_cv_pct,cv,0,3,0.5375939849624061,0.24868383280387202,0.4849624060150376,0.6842105263157895,0.2857142857142857,33,19,132,d2b1a28d9f34
single: swing_time_cv_pct,cv,0,4,0.7744360902255639,0.20360277352475384,0.7330827067669172,0.8947368421052632,0.5714285714285714,33,19,132,6ed3ff9a3e83
single: swing_time_cv_pct,cv,1,0,0.7105263157894737,0.2178644804264442,0.5827067669172932,0.7368421052631579,0.4285714285714286,33,19,132,9112032a5620
single: swing_time_cv_pct,cv,1,1,0.625925925925926,0.23245484338119238,0.5944444444444444,0.7222222222222222,0.4666666666666667,33,18,132,04d8049c005e
single: swing_time_cv_pct,cv,1,2,0.6962962962962963,0.2174009548428507,0.6555555555555556,0.7777777777777778,0.5333333333333333,33,18,132,52f2adc657c5
single: swing_time_cv_pct,cv,1,3,0.650375939849624,0.22837894809145026,0.6447368421052632,0.7894736842105263,0.5,33,19,132,7172e7bcf481
single: swing_time_cv_pct,cv,1,4,0.6729323308270677,0.22141858473411838,0.618421052631579,0.7368421052631579,0.5,33,19,132,1d0bdc35b55f
single: swing_time_cv_pct,cv,2,0,0.8345864661654134,0.19902659024194647,0.768796992481203,0.8947368421052632,0.6428571428571428,33,19,132,6322fd710919
single: swing_time_cv_pct,cv,2,1,0.5526315789473684,0.24782523052772526,0.4849624060150376,0.6842105263157895,0.2857142857142857,33,19,132,3ddfe2be301e
single: swing_time_cv_pct,cv,2,2,0.6033834586466165,0.24996916144374343,0.5469924812030075,0.7368421052631579,0.3571428571428571,33,19,132,442ee4dce73d
single: swing_time_cv_pct,cv,2,3,0.6148148148148148,0.24437034363343388,0.6166666666666667,0.5,0.7333333333333334,33,18,132,1eda9017ac51
single: swing_time_cv_pct,cv,2,4,0.7962962962962963,0.1983791590450133,0.711111111111111,0.8888888888888888,0.5333333333333333,33,18,132,274d2c831dc7
single: swing_time_cv_pct,cv,3,0,0.661111111111111,0.229948616289922,0.5555555555555556,0.7777777777777778,0.33333333333333337,33,18,132,881430db55b4
single: swing_time_cv_pct,cv,3,1,0.7593984962406015,0.20278320010029824,0.7518796992481203,0.7894736842105263,0.7142857142857143,33,19,132,328edb901d59
single: swing_time_cv_pct,cv,3,2,0.5526315789473684,0.250801116317268,0.5921052631578947,0.6842105263157895,0.5,33,19,132,d946e7b8a014
single: swing_time_cv_pct,cv,3,3,0.7293233082706767,0.21380408716864913,0.556390977443609,0.6842105263157895,0.4285714285714286,33,19,132,06fd8b07c3dd
single: swing_time_cv_pct,cv,3,4,0.674074074074074,0.22551371423165814,0.6222222222222222,0.7777777777777778,0.4666666666666667,33,18,132,15f31a2e8e70
single: swing_time_cv_pct,cv,4,0,0.6616541353383458,0.22282565926340916,0.618421052631579,0.7368421052631579,0.5,33,19,132,d003d404b7fa
single: swing_time_cv_pct,cv,4,1,0.7592592592592592,0.20418090589009502,0.711111111111111,0.8888888888888888,0.5333333333333333,33,18,132,3fcb47922003
single: swing_time_cv_pct,cv,4,2,0.6222222222222222,0.24252984135056058,0.5833333333333334,0.8333333333333334,0.33333333333333337,33,18,132,0105fa096502
single: swing_time_cv_pct,cv,4,3,0.7105263157894737,0.2122855242700009,0.5921052631578947,0.6842105263157895,0.5,33,19,132,4449cfa53280
single: swing_time_cv_pct,cv,4,4,0.5902255639097744,0.2467639996102812,0.5845864661654135,0.5263157894736842,0.6428571428571428,33,19,132,a0a81576e177
single: swing_time_cv_pct,cv,5,0,0.46296296296296297,0.3045783409645397,0.5444444444444445,0.5555555555555556,0.5333333333333333,33,18,132,08fd3e16c8bb
single: swing_time_cv_pct,cv,5,1,0.7293233082706767,0.2061147902492452,0.6353383458646616,0.8421052631578947,0.4285714285714286,33,19,132,2ea1ecf4ddc0
single: swing_time_cv_pct,cv,5,2,0.7932330827067668,0.19111659614053716,0.6541353383458646,0.7368421052631579,0.5714285714285714,33,19,132,9c330070896d
single: swing_time_cv_pct,cv,5,3,0.8148148148148148,0.19837992847470184,0.711111111111111,0.8888888888888888,0.5333333333333333,33,18,132,092415dfb15c
single: swing_time_cv_pct,cv,5,4,0.5413533834586466,0.25376156786973986,0.556390977443609,0.6842105263157895,0.4285714285714286,33,19,132,971dfd714d58
single: swing_time_cv_pct,cv,6,0,0.650375939849624,0.23042392075264398,0.6353383458646616,0.8421052631578947,0.4285714285714286,33,19,132,46bf58cb2b11
single: swing_time_cv_pct,cv,6,1,0.6185185185185185,0.2362319609347849,0.5888888888888889,0.7777777777777778,0.4,33,18,132,347c2dd9eee0
single: swing_time_cv_pct,cv,6,2,0.6555555555555556,0.2218541168872546,0.6555555555555556,0.7777777777777778,0.5333333333333333,33,18,132,7aba26c001d1
single: swing_time_cv_pct,cv,6,3,0.8045112781954887,0.19451837534615388,0.7518796992481203,0.7894736842105263,0.7142857142857143,33,19,132,6a7bafe925d2
single: swing_time_cv_pct,cv,6,4,0.6390977443609023,0.24167786525252474,0.5037593984962406,0.5789473684210527,0.4285714285714286,33,19,132,9b723c362f6b
single: swing_time_cv_pct,cv,7,0,0.8074074074074074,0.19409709519122387,0.6944444444444444,0.7222222222222222,0.6666666666666667,33,18,132,0c70b32d21f2
single: swing_time_cv_pct,cv,7,1,0.612781954887218,0.24422399318360874,0.5469924812030075,0.7368421052631579,0.3571428571428571,33,19,132,c5f2aae1f621
single: swing_time_cv_pct,cv,7,2,0.662962962962963,0.23548183241272258,0.6166666666666667,0.8333333333333334,0.4,33,18,132,e54b36a7b238
single: swing_time_cv_pct,cv,7,3,0.6203007518796992,0.23784311556864038,0.556390977443609,0.6842105263157895,0.4285714285714286,33,19,132,2111b6a311f0
single: swing_time_cv_pct,cv,7,4,0.7030075187969924,0.21450758807267942,0.6541353383458646,0.7368421052631579,0.5714285714285714,33,19,132,61a680919f0d
single: swing_time_cv_pct,cv,8,0,0.5789473684210527,0.24191668647578238,0.618421052631579,0.7368421052631579,0.5,33,19,132,60b20ac6522a
single: swing_time_cv_pct,cv,8,1,0.5939849624060151,0.23911298668365571,0.5300751879699248,0.631578947368421,0.4285714285714286,33,19,132,9ebfe745f35f
single: swing_time_cv_pct,cv,8,2,0.6703703703703704,0.2266483105900096,0.6666666666666666,0.6666666666666666,0.6666666666666667,33,18,132,0c2cc334df24
single: swing_time_cv_pct,cv,8,3,0.8082706766917294,0.1897506396935961,0.7161654135338347,0.7894736842105263,0.6428571428571428,33,19,132,affc51715ed6
single: swing_time_cv_pct,cv,8,4,0.6962962962962963,0.23007210551144985,0.5444444444444444,0.8888888888888888,0.19999999999999996,33,18,132,0a57eeae24ef
single: swing_time_cv_pct,cv,9,0,0.5925925925925926,0.24935348241357524,0.5444444444444445,0.5555555555555556,0.5333333333333333,33,18,132,50ca097e3da3
single: swing_time_cv_pct,cv,9,1,0.5714285714285714,0.25541977410072897,0.5037593984962406,0.5789473684210527,0.4285714285714286,33,19,132,03a64b32aec3
single: swing_time_cv_pct,cv,9,2,0.7631578947368421,0.20273417463242996,0.6710526315789473,0.8421052631578947,0.5,33,19,132,485aca3cdf4c
single: swing_time_cv_pct,cv,9,3,0.669172932330827,0.22128488580384034,0.5827067669172932,0.7368421052631579,0.4285714285714286,33,19,132,f550b9be9e59
single: swing_time_cv_pct,cv,9,4,0.8111111111111111,0.2039212674878318,0.7333333333333334,1.0,0.4666666666666667,33,18,132,99b4d195a2c9
single: swing_time_cv_pct,cv,10,0,0.7148148148148148,0.20852141763200216,0.6722222222222223,0.6111111111111112,0.7333333333333334,33,18,132,806fd96bcf6b
single: swing_time_cv_pct,cv,10,1,0.6278195488721804,0.2317123787979459,0.5733082706766918,0.7894736842105263,0.3571428571428571,33,19,132,6360bd6eb4f2
single: swing_time_cv_pct,cv,10,2,0.7218045112781956,0.21095483396549394,0.6541353383458646,0.7368421052631579,0.5714285714285714,33,19,132,ce843a5c5821
single: swing_time_cv_pct,cv,10,3,0.5112781954887218,0.27207106894492195,0.5018796992481203,0.7894736842105263,0.2142857142857143,33,19,132,efd5e5aef9ec
single: swing_time_cv_pct,cv,10,4,0.7592592592592593,0.2108874216297882,0.7166666666666667,0.8333333333333334,0.6,33,18,132,6175a2660f55
single: swing_time_cv_pct,cv,11,0,0.6851851851851851,0.21898443618225083,0.6611111111111111,0.7222222222222222,0.6,33,18,132,707954b77555
single: swing_time_cv_pct,cv,11,1,0.7443609022556391,0.20833747941588676,0.7593984962406015,0.9473684210526315,0.5714285714285714,33,19,132,4f38e613e242
single: swing_time_cv_pct,cv,11,2,0.6851851851851851,0.2251323483549019,0.6166666666666667,0.8333333333333334,0.4,33,18,132,00b5a22ac9cf
single: swing_time_cv_pct,cv,11,3,0.5864661654135338,0.2390971577193901,0.5827067669172932,0.7368421052631579,0.4285714285714286,33,19,132,c28723cfd424
single: swing_time_cv_pct,cv,11,4,0.631578947368421,0.23333017118730567,0.49624060150375937,0.42105263157894735,0.5714285714285714,33,19,132,ead9a1f1b2b8
single: swing_time_cv_pct,cv,12,0,0.6037037037037037,0.24358954284324533,0.5722222222222222,0.6111111111111112,0.5333333333333333,33,18,132,07d339bba3c9
single: swing_time_cv_pct,cv,12,1,0.8074074074074075,0.2019600283100383,0.6722222222222223,0.9444444444444444,0.4,33,18,132,c093bb82b990
single: swing_time_cv_pct,cv,12,2,0.6296992481203008,0.22774688641824803,0.6278195488721805,0.6842105263157895,0.5714285714285714,33,19,132,5667f2030a7b
single: swing_time_cv_pct,cv,12,3,0.6090225563909775,0.2335413696003932,0.5827067669172932,0.7368421052631579,0.4285714285714286,33,19,132,2adde8dc797d
single: swing_time_cv_pct,cv,12,4,0.6729323308270676,0.21882848787311854,0.6541353383458646,0.7368421052631579,0.5714285714285714,33,19,132,d20beb687f56
single: swing_time_cv_pct,cv,13,0,0.7481203007518796,0.20921332780588633,0.6541353383458646,0.7368421052631579,0.5714285714285714,33,19,132,dcb1012df53d
single: swing_time_cv_pct,cv,13,1,0.8222222222222222,0.2003622130168978,0.7333333333333334,1.0,0.4666666666666667,33,18,132,473120c3ecb8
single: swing_time_cv_pct,cv,13,2,0.5740740740740741,0.2551961186167639,0.5611111111111111,0.7222222222222222,0.4,33,18,132,1ef094fceeb1
single: swing_time_cv_pct,cv,13,3,0.5488721804511278,0.2538857735676793,0.5939849624060151,0.47368421052631576,0.7142857142857143,33,19,132,fc963a750db6
single: swing_time_cv_pct,cv,13,4,0.6654135338345865,0.22177804453746544,0.6353383458646616,0.8421052631578947,0.4285714285714286,33,19,132,69948fd44837
single: swing_time_cv_pct,cv,14,0,0.7218045112781954,0.20754379404109263,0.6447368421052632,0.7894736842105263,0.5,33,19,132,9ffd922d28eb
single: swing_time_cv_pct,cv,14,1,0.5740740740740741,0.26843598623567855,0.5555555555555556,0.7777777777777778,0.33333333333333337,33,18,132,a57baa6647db
single: swing_time_cv_pct,cv,14,2,0.6015037593984962,0.23485736066777588,0.5733082706766918,0.7894736842105263,0.3571428571428571,33,19,132,3174fde86d0f
single: swing_time_cv_pct,cv,14,3,0.7857142857142858,0.1948345865407702,0.706766917293233,0.8421052631578947,0.5714285714285714,33,19,132,e8b6f8fe93db
single: swing_time_cv_pct,cv,14,4,0.6814814814814815,0.23185633924802201,0.6444444444444444,0.5555555555555556,0.7333333333333334,33,18,132,5fa3e9cbd26e
single: swing_time_cv_pct,cv,15,0,0.7,0.21654603219791566,0.6277777777777778,0.7222222222222222,0.5333333333333333,33,18,132,126fe3f2d28c
single: swing_time_cv_pct,cv,15,1,0.737037037037037,0.2100662070695589,0.6,0.6666666666666666,0.5333333333333333,33,18,132,53b990822c51
single: swing_time_cv_pct,cv,15,2,0.5939849624060151,0.23372983712020656,0.5469924812030075,0.7368421052631579,0.3571428571428571,33,19,132,f5ffb5647f43
single: swing_time_cv_pct,cv,15,3,0.6015037593984962,0.25062380910469806,0.6278195488721805,0.6842105263157895,0.5714285714285714,33,19,132,f4894ec977a6
single: swing_time_cv_pct,cv,15,4,0.6842105263157895,0.21503917715768542,0.6616541353383458,0.8947368421052632,0.4285714285714286,33,19,132,23921cf04050
single: swing_time_cv_pct,cv,16,0,0.5481481481481482,0.26937034578640895,0.4388888888888889,0.6111111111111112,0.2666666666666667,33,18,132,7069959f84df
single: swing_time_cv_pct,cv,16,1,0.6541353383458647,0.22959300994239604,0.6992481203007519,0.6842105263157895,0.7142857142857143,33,19,132,b51fa18909f0
single: swing_time_cv_pct,cv,16,2,0.8270676691729323,0.1913074743928535,0.7781954887218046,0.8421052631578947,0.7142857142857143,33,19,132,d0d899b8c5d8
single: swing_time_cv_pct,cv,16,3,0.6592592592592592,0.2272861839022379,0.5833333333333334,0.8333333333333334,0.33333333333333337,33,18,132,ec1a5b1579a6
single: swing_time_cv_pct,cv,16,4,0.6842105263157895,0.21863347209766626,0.5827067669172932,0.7368421052631579,0.4285714285714286,33,19,132,4390c0795e67
single: swing_time_cv_pct,cv,17,0,0.6296296296296295,0.23710699508074398,0.5833333333333334,0.8333333333333334,0.33333333333333337,33,18,132,35cf218f2da0
single: swing_time_cv_pct,cv,17,1,0.7969924812030076,0.1944131813270169,0.7518796992481203,0.7894736842105263,0.7142857142857143,33,19,132,606e35c9ba81
single: swing_time_cv_pct,cv,17,2,0.6203007518796992,0.24179802404214223,0.556390977443609,0.6842105263157895,0.4285714285714286,33,19,132,b3b7a22a42c7
single: swing_time_cv_pct,cv,17,3,0.6240601503759398,0.23503647452577445,0.5206766917293233,0.6842105263157895,0.3571428571428571,33,19,132,1406112ac475
single: swing_time_cv_pct,cv,17,4,0.7037037037037037,0.21890781330849096,0.6611111111111111,0.7222222222222222,0.6,33,18,132,9d518727c4ce
single: swing_time_cv_pct,cv,18,0,0.662962962962963,0.2272141851634539,0.6555555555555556,0.7777777777777778,0.5333333333333333,33,18,132,f1367dcd57d7
single: swing_time_cv_pct,cv,18,1,0.7,0.20829185572564488,0.65,0.8333333333333334,0.4666666666666667,33,18,132,9c31bef5667a
single: swing_time_cv_pct,cv,18,2,0.7857142857142857,0.1970572029844602,0.6353383458646616,0.8421052631578947,0.4285714285714286,33,19,132,a423dc078097
single: swing_time_cv_pct,cv,18,3,0.7030075187969925,0.22561941236470862,0.6560150375939849,0.5263157894736842,0.7857142857142857,33,19,132,379c65a9aaf8
single: swing_time_cv_pct,cv,18,4,0.46240601503759404,0.2739363437825828,0.5469924812030075,0.7368421052631579,0.3571428571428571,33,19,132,9a3bd5035f3e
single: swing_time_cv_pct,cv,19,0,0.6185185185185185,0.24003959311798198,0.5277777777777778,0.7222222222222222,0.33333333333333337,33,18,132,b39262f0fe9d
single: swing_time_cv_pct,cv,19,1,0.8082706766917293,0.19712395790074105,0.7330827067669172,0.8947368421052632,0.5714285714285714,33,19,132,db9a77156af7
single: swing_time_cv_pct,cv,19,2,0.575187969924812,0.24604722417517028,0.556390977443609,0.6842105263157895,0.4285714285714286,33,19,132,4412b0675473
single: swing_time_cv_pct,cv,19,3,0.7037037037037037,0.21845749696612612,0.6277777777777778,0.7222222222222222,0.5333333333333333,33,18,132,b8613d3993a1
single: swing_time_cv_pct,cv,19,4,0.650375939849624,0.2298243827540309,0.6541353383458646,0.7368421052631579,0.5714285714285714,33,19,132,e8577478125c
single: swing_pct_mean,cv,0,0,0.8444444444444444,0.16931495184373715,0.8500000000000001,0.8333333333333334,0.8666666666666667,33,18,132,24b4a5bc1ffd
single: swing_pct_mean,cv,0,1,0.7255639097744361,0.20770681426171722,0.6898496240601504,0.7368421052631579,0.6428571428571428,33,19,132,fe60184df670
single: swing_pct_mean,cv,0,2,0.8037037037037037,0.18713513910717877,0.6611111111111111,0.7222222222222222,0.6,33,18,132,b8b519c41e08
single: swing_pct_mean,cv,0,3,0.6766917293233081,0.22388058526197785,0.6804511278195489,0.7894736842105263,0.5714285714285714,33,19,132,d2b1a28d9f34
single: swing_pct_mean,cv,0,4,0.6240601503759399,0.24347176814634297,0.575187969924812,0.5789473684210527,0.5714285714285714,33,19,132,6ed3ff9a3e83
single: swing_pct_mean,cv,1,0,0.7518796992481204,0.19815481833970638,0.6278195488721805,0.6842105263157895,0.5714285714285714,33,19,132,9112032a5620
single: swing_pct_mean,cv,1,1,0.7518518518518519,0.1994718611815827,0.6444444444444444,0.5555555555555556,0.7333333333333334,33,18,132,04d8049c005e
single: swing_pct_mean,cv,1,2,0.6555555555555554,0.24587767186393275,0.6666666666666666,0.6666666666666666,0.6666666666666667,33,18,132,52f2adc657c5
single: swing_pct_mean,cv,1,3,0.7593984962406015,0.2045303380725466,0.706766917293233,0.8421052631578947,0.5714285714285714,33,19,132,7172e7bcf481
single: swing_pct_mean,cv,1,4,0.8270676691729324,0.17882934164711684,0.768796992481203,0.8947368421052632,0.6428571428571428,33,19,132,1d0bdc35b55f
single: swing_pct_mean,cv,2,0,0.7443609022556391,0.20239940297592457,0.6898496240601504,0.7368421052631579,0.6428571428571428,33,19,132,6322fd710919
single: swing_pct_mean,cv,2,1,0.6766917293233083,0.23283354218972768,0.6729323308270676,0.631578947368421,0.7142857142857143,33,19,132,3ddfe2be301e
single: swing_pct_mean,cv,2,2,0.6860902255639098,0.22778837671717092,0.637218045112782,0.631578947368421,0.6428571428571428,33,19,132,442ee4dce73d
single: swing_pct_mean,cv,2,3,0.7925925925925925,0.18523564824788485,0.6888888888888889,0.7777777777777778,0.6,33,18,132,1eda9017ac51
single: swing_pct_mean,cv,2,4,0.8037037037037037,0.18070757073280475,0.6555555555555556,0.7777777777777778,0.5333333333333333,33,18,132,274d2c831dc7
single: swing_pct_mean,cv,3,0,0.7314814814814815,0.2120221347162326,0.7,0.6666666666666666,0.7333333333333334,33,18,132,881430db55b4
single: swing_pct_mean,cv,3,1,0.7330827067669172,0.2222489527368268,0.618421052631579,0.7368421052631579,0.5,33,19,132,328edb901d59
single: swing_pct_mean,cv,3,2,0.7857142857142857,0.18866095226637994,0.6992481203007519,0.6842105263157895,0.7142857142857143,33,19,132,d946e7b8a014
single: swing_pct_mean,cv,3,3,0.7819548872180452,0.20026064021945883,0.7424812030075187,0.8421052631578947,0.6428571428571428,33,19,132,06fd8b07c3dd
single: swing_pct_mean,cv,3,4,0.7629629629629628,0.20025816454572665,0.6611111111111111,0.7222222222222222,0.6,33,18,132,15f31a2e8e70
single: swing_pct_mean,cv,4,0,0.8458646616541353,0.18126923034517076,0.8233082706766917,0.7894736842105263,0.8571428571428572,33,19,132,d003d404b7fa
single: swing_pct_mean,cv,4,1,0.7777777777777778,0.1914021055184198,0.6611111111111111,0.7222222222222222,0.6,33,18,132,3fcb47922003
single: swing_pct_mean,cv,4,2,0.7777777777777777,0.20428994794267494,0.7555555555555555,0.7777777777777778,0.7333333333333334,33,18,132,0105fa096502
single: swing_pct_mean,cv,4,3,0.6278195488721804,0.2543477821873168,0.637218045112782,0.631578947368421,0.6428571428571428,33,19,132,4449cfa53280
single: swing_pct_mean,cv,4,4,0.7330827067669173,0.20506301043559827,0.618421052631579,0.7368421052631579,0.5,33,19,132,a0a81576e177
single: swing_pct_mean,cv,5,0,0.788888888888889,0.19486229642682307,0.7833333333333333,0.8333333333333334,0.7333333333333334,33,18,132,08fd3e16c8bb
single: swing_pct_mean,cv,5,1,0.650375939849624,0.23183344172742365,0.5921052631578947,0.6842105263157895,0.5,33,19,132,2ea1ecf4ddc0
single: swing_pct_mean,cv,5,2,0.7142857142857142,0.21398735856556073,0.5827067669172932,0.7368421052631579,0.4285714285714286,33,19,132,9c330070896d
single: swing_pct_mean,cv,5,3,0.7444444444444445,0.19221374225697924,0.6388888888888888,0.6111111111111112,0.6666666666666667,33,18,132,092415dfb15c
single: swing_pct_mean,cv,5,4,0.8195488721804511,0.19229057030646432,0.7969924812030075,0.7368421052631579,0.8571428571428572,33,19,132,971dfd714d58
single: swing_pct_mean,cv,6,0,0.6954887218045112,0.22013842211482423,0.6015037593984962,0.631578947368421,0.5714285714285714,33,19,132,46bf58cb2b11
single: swing_pct_mean,cv,6,1,0.762962962962963,0.19608074512298615,0.6666666666666666,0.6666666666666666,0.6666666666666667,33,18,132,347c2dd9eee0
single: swing_pct_mean,cv,6,2,0.7555555555555555,0.21094850579784385,0.6888888888888889,0.7777777777777778,0.6,33,18,132,7aba26c001d1
single: swing_pct_mean,cv,6,3,0.7368421052631579,0.2018354097386702,0.7781954887218046,0.8421052631578947,0.7142857142857143,33,19,132,6a7bafe925d2
single: swing_pct_mean,cv,6,4,0.7819548872180451,0.19347355030835806,0.6992481203007519,0.6842105263157895,0.7142857142857143,33,19,132,9b723c362f6b
single: swing_pct_mean,cv,7,0,0.7555555555555555,0.2044659498465624,0.6833333333333333,0.8333333333333334,0.5333333333333333,33,18,132,0c70b32d21f2
single: swing_pct_mean,cv,7,1,0.7030075187969925,0.2143445508711103,0.637218045112782,0.631578947368421,0.6428571428571428,33,19,132,c5f2aae1f621
single: swing_pct_mean,cv,7,2,0.6925925925925925,0.21738815193340774,0.6111111111111112,0.5555555555555556,0.6666666666666667,33,18,132,e54b36a7b238
single: swing_pct_mean,cv,7,3,0.81203007518797,0.1810787655804487,0.768796992481203,0.8947368421052632,0.6428571428571428,33,19,132,2111b6a311f0
single: swing_pct_mean,cv,7,4,0.7518796992481203,0.20523227152089918,0.7349624060150376,0.6842105263157895,0.7857142857142857,33,19,132,61a680919f0d
single: swing_pct_mean,cv,8,0,0.7142857142857142,0.22219085050083534,0.706766917293233,0.8421052631578947,0.5714285714285714,33,19,132,60b20ac6522a
single: swing_pct_mean,cv,8,1,0.6804511278195489,0.2298440336867106,0.575187969924812,0.5789473684210527,0.5714285714285714,33,19,132,9ebfe745f35f
single: swing_pct_mean,cv,8,2,0.774074074074074,0.19940382262141845,0.7666666666666666,0.6666666666666666,0.8666666666666667,33,18,132,0c2cc334df24
single: swing_pct_mean,cv,8,3,0.6691729323308271,0.21242883523731848,0.5827067669172932,0.7368421052631579,0.4285714285714286,33,19,132,affc51715ed6
single: swing_pct_mean,cv,8,4,0.8629629629629629,0.16658487854259954,0.7555555555555555,0.7777777777777778,0.7333333333333334,33,18,132,0a57eeae24ef
single: swing_pct_mean,cv,9,0,0.7370370370370369,0.21116462343873899,0.7,0.6666666666666666,0.7333333333333334,33,18,132,50ca097e3da3
single: swing_pct_mean,cv,9,1,0.6654135338345866,0.23593488825320164,0.6203007518796992,0.5263157894736842,0.7142857142857143,33,19,132,03a64b32aec3
single: swing_pct_mean,cv,9,2,0.8383458646616541,0.17892593258636802,0.706766917293233,0.8421052631578947,0.5714285714285714,33,19,132,485aca3cdf4c
single: swing_pct_mean,cv,9,3,0.7293233082706767,0.20927810429420823,0.6804511278195489,0.7894736842105263,0.5714285714285714,33,19,132,f550b9be9e59
single: swing_pct_mean,cv,9,4,0.7592592592592593,0.19448014565429556,0.7222222222222222,0.7777777777777778,0.6666666666666667,33,18,132,99b4d195a2c9
single: swing_pct_mean,cv,10,0,0.7666666666666666,0.1976437800960602,0.6944444444444444,0.7222222222222222,0.6666666666666667,33,18,132,806fd96bcf6b
single: swing_pct_mean,cv,10,1,0.8045112781954887,0.1785014476265303,0.7424812030075187,0.8421052631578947,0.6428571428571428,33,19,132,6360bd6eb4f2
single: swing_pct_mean,cv,10,2,0.7368421052631579,0.20479471030456883,0.6804511278195489,0.7894736842105263,0.5714285714285714,33,19,132,ce843a5c5821
single: swing_pct_mean,cv,10,3,0.6842105263157894,0.22256500698205675,0.5921052631578947,0.6842105263157895,0.5,33,19,132,efd5e5aef9ec
single: swing_pct_mean,cv,10,4,0.6962962962962963,0.2195258680238745,0.6777777777777778,0.5555555555555556,0.8,33,18,132,6175a2660f55
single: swing_pct_mean,cv,11,0,0.7666666666666666,0.19619239491441884,0.6611111111111111,0.7222222222222222,0.6,33,18,132,707954b77555
single: swing_pct_mean,cv,11,1,0.7518796992481204,0.2017154465914274,0.7255639097744361,0.7368421052631579,0.7142857142857143,33,19,132,4f38e613e242
single: swing_pct_mean,cv,11,2,0.7222222222222222,0.2107805865072222,0.6333333333333333,0.6666666666666666,0.6,33,18,132,00b5a22ac9cf
single: swing_pct_mean,cv,11,3,0.7406015037593985,0.20627956166191835,0.706766917293233,0.8421052631578947,0.5714285714285714,33,19,132,c28723cfd424
single: swing_pct_mean,cv,11,4,0.7443609022556391,0.20630823483302796,0.7086466165413534,0.631578947368421,0.7857142857142857,33,19,132,ead9a1f1b2b8
single: swing_pct_mean,cv,12,0,0.7962962962962963,0.1953676865068261,0.75,0.8333333333333334,0.6666666666666667,33,18,132,07d339bba3c9
single: swing_pct_mean,cv,12,1,0.8111111111111111,0.17877395863148624,0.6888888888888889,0.7777777777777778,0.6,33,18,132,c093bb82b990
single: swing_pct_mean,cv,12,2,0.7913533834586466,0.1886731784065792,0.7255639097744361,0.7368421052631579,0.7142857142857143,33,19,132,5667f2030a7b
single: swing_pct_mean,cv,12,3,0.6842105263157894,0.2121358769284626,0.618421052631579,0.7368421052631579,0.5,33,19,132,2adde8dc797d
single: swing_pct_mean,cv,12,4,0.631578947368421,0.2623376136772668,0.6015037593984962,0.631578947368421,0.5714285714285714,33,19,132,d20beb687f56
single: swing_pct_mean,cv,13,0,0.6616541353383458,0.2167688234089787,0.5845864661654135,0.5263157894736842,0.6428571428571428,33,19,132,dcb1012df53d
single: swing_pct_mean,cv,13,1,0.7333333333333333,0.2072154288671557,0.6944444444444444,0.7222222222222222,0.6666666666666667,33,18,132,473120c3ecb8
single: swing_pct_mean,cv,13,2,0.6518518518518518,0.25238917443969505,0.5944444444444444,0.7222222222222222,0.4666666666666667,33,18,132,1ef094fceeb1
single: swing_pct_mean,cv,13,3,0.7857142857142857,0.19338172121446143,0.7330827067669172,0.8947368421052632,0.5714285714285714,33,19,132,fc963a750db6
single: swing_pct_mean,cv,13,4,0.9323308270676691,0.17202478378786118,0.8327067669172932,0.7368421052631579,0.9285714285714286,33,19,132,69948fd44837
single: swing_pct_mean,cv,14,0,0.8007518796992481,0.19066720804020512,0.7086466165413534,0.631578947368421,0.7857142857142857,33,19,132,9ffd922d28eb
single: swing_pct_mean,cv,14,1,0.662962962962963,0.2240756573571045,0.6,0.6666666666666666,0.5333333333333333,33,18,132,a57baa6647db
single: swing_pct_mean,cv,14,2,0.8571428571428571,0.1782423398326558,0.7969924812030075,0.7368421052631579,0.8571428571428572,33,19,132,3174fde86d0f
single: swing_pct_mean,cv,14,3,0.7105263157894737,0.23005395916267585,0.6353383458646616,0.8421052631578947,0.4285714285714286,33,19,132,e8b6f8fe93db
single: swing_pct_mean,cv,14,4,0.7481481481481482,0.21188239550628332,0.7222222222222222,0.7777777777777778,0.6666666666666667,33,18,132,5fa3e9cbd26e
single: swing_pct_mean,cv,15,0,0.7740740740740741,0.1945957291769825,0.6555555555555556,0.7777777777777778,0.5333333333333333,33,18,132,126fe3f2d28c
single: swing_pct_mean,cv,15,1,0.7296296296296296,0.21232767369552819,0.6388888888888888,0.6111111111111112,0.6666666666666667,33,18,132,53b990822c51
single: swing_pct_mean,cv,15,2,0.6390977443609023,0.23225969078471367,0.5827067669172932,0.7368421052631579,0.4285714285714286,33,19,132,f5ffb5647f43
single: swing_pct_mean,cv,15,3,0.7368421052631579,0.2065109923125147,0.7518796992481203,0.7894736842105263,0.7142857142857143,33,19,132,f4894ec977a6
single: swing_pct_mean,cv,15,4,0.8082706766917293,0.1785726940204805,0.6992481203007519,0.6842105263157895,0.7142857142857143,33,19,132,23921cf04050
single: swing_pct_mean,cv,16,0,0.7666666666666666,0.1864410174303622,0.7,0.6666666666666666,0.7333333333333334,33,18,132,7069959f84df
single: swing_pct_mean,cv,16,1,0.6766917293233083,0.23390011909965402,0.5845864661654135,0.5263157894736842,0.6428571428571428,33,19,132,b51fa18909f0
single: swing_pct_mean,cv,16,2,0.7706766917293234,0.19096338943429644,0.706766917293233,0.8421052631578947,0.5714285714285714,33,19,132,d0d899b8c5d8
single: swing_pct_mean,cv,16,3,0.6777777777777778,0.22640762228564948,0.6444444444444444,0.8888888888888888,0.4,33,18,132,ec1a5b1579a6
single: swing_pct_mean,cv,16,4,0.7781954887218046,0.19348803747776178,0.744360902255639,0.631578947368421,0.8571428571428572,33,19,132,4390c0795e67
single: swing_pct_mean,cv,17,0,0.8333333333333333,0.18811966569250912,0.7277777777777777,0.7222222222222222,0.7333333333333334,33,18,132,35cf218f2da0
single: swing_pct_mean,cv,17,1,0.706766917293233,0.21129115032170243,0.6447368421052632,0.7894736842105263,0.5,33,19,132,606e35c9ba81
single: swing_pct_mean,cv,17,2,0.81203007518797,0.19073133135233744,0.7180451127819549,0.5789473684210527,0.8571428571428572,33,19,132,b3b7a22a42c7
single: swing_pct_mean,cv,17,3,0.6578947368421052,0.232550842548616,0.7161654135338347,0.7894736842105263,0.6428571428571428,33,19,132,1406112ac475
single: swing_pct_mean,cv,17,4,0.737037037037037,0.20504710265243026,0.6277777777777778,0.7222222222222222,0.5333333333333333,33,18,132,9d518727c4ce
single: swing_pct_mean,cv,18,0,0.7111111111111111,0.21712344465916333,0.7333333333333334,0.6666666666666666,0.8,33,18,132,f1367dcd57d7
single: swing_pct_mean,cv,18,1,0.7851851851851852,0.18923260917973872,0.6555555555555556,0.7777777777777778,0.5333333333333333,33,18,132,9c31bef5667a
single: swing_pct_mean,cv,18,2,0.8345864661654135,0.17578682731594478,0.6710526315789473,0.8421052631578947,0.5,33,19,132,a423dc078097
single: swing_pct_mean,cv,18,3,0.7368421052631579,0.20878276071159513,0.6729323308270676,0.631578947368421,0.7142857142857143,33,19,132,379c65a9aaf8
single: swing_pct_mean,cv,18,4,0.6766917293233082,0.23784232710648703,0.6635338345864662,0.6842105263157895,0.6428571428571428,33,19,132,9a3bd5035f3e
single: swing_pct_mean,cv,19,0,0.7222222222222222,0.21329036579591723,0.6222222222222222,0.7777777777777778,0.4666666666666667,33,18,132,b39262f0fe9d
single: swing_pct_mean,cv,19,1,0.6654135338345865,0.22925312671770157,0.6015037593984962,0.631578947368421,0.5714285714285714,33,19,132,db9a77156af7
single: swing_pct_mean,cv,19,2,0.68796992481203,0.21463543192847548,0.6823308270676691,0.5789473684210527,0.7857142857142857,33,19,132,4412b0675473
single: swing_pct_mean,cv,19,3,0.8185185185185185,0.1788832322246811,0.75,0.8333333333333334,0.6666666666666667,33,18,132,b8613d3993a1
single: swing_pct_mean,cv,19,4,0.7819548872180451,0.18809183029218796,0.7518796992481203,0.7894736842105263,0.7142857142857143,33,19,132,e8577478125c
single: stride_time_asymmetry_pct,cv,0,0,0.462962962962963,0.2497261250670356,0.5,1.0,0.0,33,18,132,24b4a5bc1ffd
single: stride_time_asymmetry_pct,cv,0,1,0.39473684210526316,0.2512908717539784,0.47368421052631576,0.9473684210526315,0.0,33,19,132,fe60184df670
single: stride_time_asymmetry_pct,cv,0,2,0.4555555555555556,0.2489841828204412,0.5333333333333333,1.0,0.06666666666666665,33,18,132,b8b519c41e08
single: stride_time_asymmetry_pct,cv,0,3,0.3233082706766917,0.24494389155439675,0.5,1.0,0.0,33,19,132,d2b1a28d9f34
single: stride_time_asymmetry_pct,cv,0,4,0.41353383458646614,0.2450633471108747,0.5,1.0,0.0,33,19,132,6ed3ff9a3e83
single: stride_time_asymmetry_pct,cv,1,0,0.5488721804511278,0.24406191325836873,0.5,1.0,0.0,33,19,132,9112032a5620
single: stride_time_asymmetry_pct,cv,1,1,0.4925925925925926,0.2564547044358853,0.4722222222222222,0.9444444444444444,0.0,33,18,132,04d8049c005e
single: stride_time_asymmetry_pct,cv,1,2,0.3,0.27422425825303903,0.4444444444444444,0.8888888888888888,0.0,33,18,132,52f2adc657c5
single: stride_time_asymmetry_pct,cv,1,3,0.2744360902255639,0.2697017057149496,0.5,1.0,0.0,33,19,132,7172e7bcf481
single: stride_time_asymmetry_pct,cv,1,4,0.4849624060150376,0.24480017476529783,0.5,1.0,0.0,33,19,132,1d0bdc35b55f
single: stride_time_asymmetry_pct,cv,2,0,0.36466165413533835,0.2566812350314618,0.42105263157894735,0.8421052631578947,0.0,33,19,132,6322fd710919
single: stride_time_asymmetry_pct,cv,2,1,0.41729323308270677,0.24627749734539503,0.5,1.0,0.0,33,19,132,3ddfe2be301e
single: stride_time_asymmetry_pct,cv,2,2,0.4906015037593985,0.2461982928894667,0.5,1.0,0.0,33,19,132,442ee4dce73d
single: stride_time_asymmetry_pct,cv,2,3,0.45555555555555555,0.2502357942745436,0.5,1.0,0.0,33,18,132,1eda9017ac51
single: stride_time_asymmetry_pct,cv,2,4,0.2814814814814815,0.25466766486993725,0.5,1.0,0.0,33,18,132,274d2c831dc7
single: stride_time_asymmetry_pct,cv,3,0,0.4351851851851852,0.24956303282211587,0.5,1.0,0.0,33,18,132,881430db55b4
single: stride_time_asymmetry_pct,cv,3,1,0.4511278195488722,0.250651333467553,0.4830827067669173,0.8947368421052632,0.0714285714285714,33,19,132,328edb901d59
single: stride_time_asymmetry_pct,cv,3,2,0.37218045112781956,0.24471333821642294,0.5,1.0,0.0,33,19,132,d946e7b8a014
single: stride_time_asymmetry_pct,cv,3,3,0.4567669172932331,0.245437957816392,0.5,1.0,0.0,33,19,132,06fd8b07c3dd
single: stride_time_asymmetry_pct,cv,3,4,0.44074074074074077,0.2503736081748738,0.5,1.0,0.0,33,18,132,15f31a2e8e70
single: stride_time_asymmetry_pct,cv,4,0,0.3834586466165414,0.25284390404370166,0.518796992481203,0.8947368421052632,0.1428571428571429,33,19,132,d003d404b7fa
single: stride_time_asymmetry_pct,cv,4,1,0.5296296296296297,0.24801036068551757,0.5,1.0,0.0,33,18,132,3fcb47922003
single: stride_time_asymmetry_pct,cv,4,2,0.4666666666666666,0.25031851372666025,0.5,1.0,0.0,33,18,132,0105fa096502
single: stride_time_asymmetry_pct,cv,4,3,0.3646616541353383,0.24617214535493487,0.5,1.0,0.0,33,19,132,4449cfa53280
single: stride_time_asymmetry_pct,cv,4,4,0.5037593984962406,0.24417405895346664,0.5,1.0,0.0,33,19,132,a0a81576e177
single: stride_time_asymmetry_pct,cv,5,0,0.5814814814814815,0.24800930327025988,0.5,1.0,0.0,33,18,132,08fd3e16c8bb
single: stride_time_asymmetry_pct,cv,5,1,0.4417293233082707,0.24841767857533895,0.5093984962406015,0.9473684210526315,0.0714285714285714,33,19,132,2ea1ecf4ddc0
single: stride_time_asymmetry_pct,cv,5,2,0.4210526315789474,0.24967906441920154,0.5,1.0,0.0,33,19,132,9c330070896d
single: stride_time_asymmetry_pct,cv,5,3,0.5259259259259259,0.24820956588540286,0.5,1.0,0.0,33,18,132,092415dfb15c
single: stride_time_asymmetry_pct,cv,5,4,0.3984962406015038,0.24989193744710442,0.5093984962406015,0.9473684210526315,0.0714285714285714,33,19,132,971dfd714d58
single: stride_time_asymmetry_pct,cv,6,0,0.4172932330827068,0.24780710575835072,0.5,1.0,0.0,33,19,132,46bf58cb2b11
single: stride_time_asymmetry_pct,cv,6,1,0.4851851851851851,0.25465672478412055,0.4444444444444444,0.8888888888888888,0.0,33,18,132,347c2dd9eee0
single: stride_time_asymmetry_pct,cv,6,2,0.35185185185185186,0.25943745959014336,0.4722222222222222,0.9444444444444444,0.0,33,18,132,7aba26c001d1
single: stride_time_asymmetry_pct,cv,6,3,0.4022556390977443,0.24683096774825872,0.5,1.0,0.0,33,19,132,6a7bafe925d2
single: stride_time_asymmetry_pct,cv,6,4,0.2781954887218045,0.25549460950310854,0.5,1.0,0.0,33,19,132,9b723c362f6b
single: stride_time_asymmetry_pct,cv,7,0,0.425925925925926,0.2612312877927344,0.4444444444444444,0.8888888888888888,0.0,33,18,132,0c70b32d21f2
single: stride_time_asymmetry_pct,cv,7,1,0.33458646616541354,0.25673195592209,0.5,1.0,0.0,33,19,132,c5f2aae1f621
single: stride_time_asymmetry_pct,cv,7,2,0.4703703703703703,0.24912962347298556,0.5,1.0,0.0,33,18,132,e54b36a7b238
single: stride_time_asymmetry_pct,cv,7,3,0.5488721804511278,0.24425099353416269,0.5,1.0,0.0,33,19,132,2111b6a311f0
single: stride_time_asymmetry_pct,cv,7,4,0.4586466165413534,0.2475694632786296,0.4473684210526316,0.8947368421052632,0.0,33,19,132,61a680919f0d
single: stride_time_asymmetry_pct,cv,8,0,0.424812030075188,0.24996142722559245,0.47368421052631576,0.9473684210526315,0.0,33,19,132,60b20ac6522a
single: stride_time_asymmetry_pct,cv,8,1,0.28195488721804507,0.2506233447701605,0.5,1.0,0.0,33,19,132,9ebfe745f35f
single: stride_time_asymmetry_pct,cv,8,2,0.3851851851851852,0.2655066562738158,0.4166666666666667,0.8333333333333334,0.0,33,18,132,0c2cc334df24
single: stride_time_asymmetry_pct,cv,8,3,0.44360902255639095,0.24575804248430577,0.5,1.0,0.0,33,19,132,affc51715ed6
single: stride_time_asymmetry_pct,cv,8,4,0.4666666666666667,0.24794928397735824,0.5,1.0,0.0,33,18,132,0a57eeae24ef
single: stride_time_asymmetry_pct,cv,9,0,0.3555555555555555,0.2629729063153339,0.48333333333333334,0.8333333333333334,0.1333333333333333,33,18,132,50ca097e3da3
single: stride_time_asymmetry_pct,cv,9,1,0.46992481203007513,0.24716551416998167,0.5,1.0,0.0,33,19,132,03a64b32aec3
single: stride_time_asymmetry_pct,cv,9,2,0.47744360902255645,0.2448131658292197,0.5,1.0,0.0,33,19,132,485aca3cdf4c
single: stride_time_asymmetry_pct,cv,9,3,0.5263157894736842,0.24435336609852684,0.5,1.0,0.0,33,19,132,f550b9be9e59
single: stride_time_asymmetry_pct,cv,9,4,0.35185185185185186,0.24960920643065665,0.5,1.0,0.0,33,18,132,99b4d195a2c9
single: stride_time_asymmetry_pct,cv,10,0,0.4925925925925926,0.2557542699966198,0.4444444444444444,0.8888888888888888,0.0,33,18,132,806fd96bcf6b
single: stride_time_asymmetry_pct,cv,10,1,0.35714285714285715,0.2496862353645623,0.5,1.0,0.0,33,19,132,6360bd6eb4f2
single: stride_time_asymmetry_pct,cv,10,2,0.42105263157894735,0.24746840894152275,0.5,1.0,0.0,33,19,132,ce843a5c5821
single: stride_time_asymmetry_pct,cv,10,3,0.3609022556390977,0.25002422815363246,0.5,1.0,0.0,33,19,132,efd5e5aef9ec
single: stride_time_asymmetry_pct,cv,10,4,0.41481481481481486,0.25683759725966043,0.47777777777777775,0.8888888888888888,0.06666666666666665,33,18,132,6175a2660f55
single: stride_time_asymmetry_pct,cv,11,0,0.41851851851851846,0.25531202497331085,0.47777777777777775,0.8888888888888888,0.06666666666666665,33,18,132,707954b77555
single: stride_time_asymmetry_pct,cv,11,1,0.3947368421052631,0.2470573763295093,0.5,1.0,0.0,33,19,132,4f38e613e242
single: stride_time_asymmetry_pct,cv,11,2,0.5111111111111111,0.24897610030287723,0.5,1.0,0.0,33,18,132,00b5a22ac9cf
single: stride_time_asymmetry_pct,cv,11,3,0.5451127819548871,0.24432188810182867,0.5,1.0,0.0,33,19,132,c28723cfd424
single: stride_time_asymmetry_pct,cv,11,4,0.4924812030075188,0.24549342432661683,0.47368421052631576,0.9473684210526315,0.0,33,19,132,ead9a1f1b2b8
single: stride_time_asymmetry_pct,cv,12,0,0.5296296296296297,0.24814977223141943,0.5,1.0,0.0,33,18,132,07d339bba3c9
single: stride_time_asymmetry_pct,cv,12,1,0.5814814814814815,0.24949006480869002,0.5,1.0,0.0,33,18,132,c093bb82b990
single: stride_time_asymmetry_pct,cv,12,2,0.5432330827067668,0.2440461131247198,0.5,1.0,0.0,33,19,132,5667f2030a7b
single: stride_time_asymmetry_pct,cv,12,3,0.575187969924812,0.24407181052977983,0.5,1.0,0.0,33,19,132,2adde8dc797d
single: stride_time_asymmetry_pct,cv,12,4,0.4398496240601504,0.2639140164823922,0.37781954887218044,0.6842105263157895,0.0714285714285714,33,19,132,d20beb687f56
single: stride_time_asymmetry_pct,cv,13,0,0.4774436090225564,0.24474791428226036,0.5,1.0,0.0,33,19,132,dcb1012df53d
single: stride_time_asymmetry_pct,cv,13,1,0.4185185185185185,0.25172091886523973,0.4722222222222222,0.9444444444444444,0.0,33,18,132,473120c3ecb8
single: stride_time_asymmetry_pct,cv,13,2,0.5407407407407407,0.2486399613567286,0.5,1.0,0.0,33,18,132,1ef094fceeb1
single: stride_time_asymmetry_pct,cv,13,3,0.23308270676691728,0.2740148578837351,0.34210526315789475,0.6842105263157895,0.0,33,19,132,fc963a750db6
single: stride_time_asymmetry_pct,cv,13,4,0.15037593984962405,0.2936768711774712,0.3684210526315789,0.7368421052631579,0.0,33,19,132,69948fd44837
single: stride_time_asymmetry_pct,cv,14,0,0.5338345864661653,0.2440878939715459,0.5,1.0,0.0,33,19,132,9ffd922d28eb
single: stride_time_asymmetry_pct,cv,14,1,0.562962962962963,0.24902023844694388,0.5,1.0,0.0,33,18,132,a57baa6647db
single: stride_time_asymmetry_pct,cv,14,2,0.4172932330827067,0.24554193993063275,0.5,1.0,0.0,33,19,132,3174fde86d0f
single: stride_time_asymmetry_pct,cv,14,3,0.33458646616541354,0.2552455574689378,0.518796992481203,0.8947368421052632,0.1428571428571429,33,19,132,e8b6f8fe93db
single: stride_time_asymmetry_pct,cv,14,4,0.43333333333333335,0.24857857328622257,0.5,1.0,0.0,33,18,132,5fa3e9cbd26e
single: stride_time_asymmetry_pct,cv,15,0,0.43703703703703706,0.2603515366005068,0.45,0.8333333333333334,0.06666666666666665,33,18,132,126fe3f2d28c
single: stride_time_asymmetry_pct,cv,15,1,0.5407407407407407,0.24803450196648824,0.5,1.0,0.0,33,18,132,53b990822c51
single: stride_time_asymmetry_pct,cv,15,2,0.5413533834586466,0.24455828035006594,0.5,1.0,0.0,33,19,132,f5ffb5647f43
single: stride_time_asymmetry_pct,cv,15,3,0.47744360902255645,0.24513457573532169,0.5,1.0,0.0,33,19,132,f4894ec977a6
single: stride_time_asymmetry_pct,cv,15,4,0.41729323308270677,0.2499216262026185,0.5,1.0,0.0,33,19,132,23921cf04050
single: stride_time_asymmetry_pct,cv,16,0,0.4074074074074074,0.2501058611207636,0.5,1.0,0.0,33,18,132,7069959f84df
single: stride_time_asymmetry_pct,cv,16,1,0.4924812030075188,0.2447316937574577,0.5,1.0,0.0,33,19,132,b51fa18909f0
single: stride_time_asymmetry_pct,cv,16,2,0.5413533834586466,0.2440486945476605,0.5,1.0,0.0,33,19,132,d0d899b8c5d8
single: stride_time_asymmetry_pct,cv,16,3,0.47407407407407404,0.24894850802746615,0.5,1.0,0.0,33,18,132,ec1a5b1579a6
single: stride_time_asymmetry_pct,cv,16,4,0.5263157894736841,0.2456001964491665,0.4473684210526316,0.8947368421052632,0.0,33,19,132,4390c0795e67
single: stride_time_asymmetry_pct,cv,17,0,0.48518518518518516,0.24794879016643812,0.5,1.0,0.0,33,18,132,35cf218f2da0
single: stride_time_asymmetry_pct,cv,17,1,0.41353383458646614,0.2529467815834191,0.46616541353383456,0.7894736842105263,0.1428571428571429,33,19,132,606e35c9ba81
single: stride_time_asymmetry_pct,cv,17,2,0.6052631578947368,0.24415813313656085,0.5,1.0,0.0,33,19,132,b3b7a22a42c7
single: stride_time_asymmetry_pct,cv,17,3,0.5413533834586466,0.2440504521495711,0.5,1.0,0.0,33,19,132,1406112ac475
single: stride_time_asymmetry_pct,cv,17,4,0.48518518518518516,0.2481084372728574,0.5,1.0,0.0,33,18,132,9d518727c4ce
single: stride_time_asymmetry_pct,cv,18,0,0.28518518518518515,0.2913280748236917,0.3388888888888889,0.6111111111111112,0.06666666666666665,33,18,132,f1367dcd57d7
single: stride_time_asymmetry_pct,cv,18,1,0.24074074074074073,0.25289753028927553,0.5,1.0,0.0,33,18,132,9c31bef5667a
single: stride_time_asymmetry_pct,cv,18,2,0.48872180451127817,0.24423302766366864,0.5,1.0,0.0,33,19,132,a423dc078097
single: stride_time_asymmetry_pct,cv,18,3,0.5375939849624061,0.24437256466507778,0.5,1.0,0.0,33,19,132,379c65a9aaf8
single: stride_time_asymmetry_pct,cv,18,4,0.4962406015037595,0.24502539234108658,0.5,1.0,0.0,33,19,132,9a3bd5035f3e
single: stride_time_asymmetry_pct,cv,19,0,0.33518518518518514,0.250542657489409,0.5,1.0,0.0,33,18,132,b39262f0fe9d
single: stride_time_asymmetry_pct,cv,19,1,0.4586466165413534,0.24564395723868707,0.5,1.0,0.0,33,19,132,db9a77156af7
single: stride_time_asymmetry_pct,cv,19,2,0.387218045112782,0.25256069821638705,0.5093984962406015,0.9473684210526315,0.0714285714285714,33,19,132,4412b0675473
single: stride_time_asymmetry_pct,cv,19,3,0.4259259259259259,0.2511600891964941,0.5,1.0,0.0,33,18,132,b8613d3993a1
single: stride_time_asymmetry_pct,cv,19,4,0.4548872180451128,0.24704195317403865,0.47368421052631576,0.9473684210526315,0.0,33,19,132,e8577478125c
single: swing_time_asymmetry_pct,cv,0,0,0.8074074074074075,0.19512892093915682,0.6444444444444444,0.8888888888888888,0.4,33,18,132,24b4a5bc1ffd
single: swing_time_asymmetry_pct,cv,0,1,0.7180451127819548,0.21282814597485203,0.6992481203007519,0.6842105263157895,0.7142857142857143,33,19,132,fe60184df670
single: swing_time_asymmetry_pct,cv,0,2,0.8148148148148148,0.18569213872665016,0.75,0.8333333333333334,0.6666666666666667,33,18,132,b8b519c41e08
single: swing_time_asymmetry_pct,cv,0,3,0.8308270676691729,0.16481418213443982,0.7424812030075187,0.8421052631578947,0.6428571428571428,33,19,132,d2b1a28d9f34
single: swing_time_asymmetry_pct,cv,0,4,0.6578947368421053,0.2564191728645007,0.5921052631578947,0.6842105263157895,0.5,33,19,132,6ed3ff9a3e83
single: swing_time_asymmetry_pct,cv,1,0,0.6729323308270677,0.22778461070282294,0.5469924812030075,0.7368421052631579,0.3571428571428571,33,19,132,9112032a5620
single: swing_time_asymmetry_pct,cv,1,1,0.762962962962963,0.20198624028400763,0.7222222222222222,0.7777777777777778,0.6666666666666667,33,18,132,04d8049c005e
single: swing_time_asymmetry_pct,cv,1,2,0.8296296296296296,0.17342819618944608,0.75,0.8333333333333334,0.6666666666666667,33,18,132,52f2adc657c5
single: swing_time_asymmetry_pct,cv,1,3,0.6691729323308271,0.23027537454451394,0.7161654135338347,0.7894736842105263,0.6428571428571428,33,19,132,7172e7bcf481
single: swing_time_asymmetry_pct,cv,1,4,0.849624060150376,0.1711047228675258,0.7161654135338347,0.7894736842105263,0.6428571428571428,33,19,132,1d0bdc35b55f
single: swing_time_asymmetry_pct,cv,2,0,0.7894736842105263,0.18759315452328998,0.7255639097744361,0.7368421052631579,0.7142857142857143,33,19,132,6322fd710919
single: swing_time_asymmetry_pct,cv,2,1,0.736842105263158,0.19527568942211163,0.68796992481203,0.9473684210526315,0.4285714285714286,33,19,132,3ddfe2be301e
single: swing_time_asymmetry_pct,cv,2,2,0.6109022556390977,0.24495802257473984,0.6541353383458646,0.7368421052631579,0.5714285714285714,33,19,132,442ee4dce73d
single: swing_time_asymmetry_pct,cv,2,3,0.7222222222222222,0.21370903040503317,0.6277777777777778,0.7222222222222222,0.5333333333333333,33,18,132,1eda9017ac51
single: swing_time_asymmetry_pct,cv,2,4,0.8518518518518519,0.1656290497420758,0.7555555555555555,0.7777777777777778,0.7333333333333334,33,18,132,274d2c831dc7
single: swing_time_asymmetry_pct,cv,3,0,0.6648148148148147,0.22401314005543432,0.6888888888888889,0.7777777777777778,0.6,33,18,132,881430db55b4
single: swing_time_asymmetry_pct,cv,3,1,0.8796992481203008,0.1620154569021706,0.7330827067669172,0.8947368421052632,0.5714285714285714,33,19,132,328edb901d59
single: swing_time_asymmetry_pct,cv,3,2,0.7744360902255638,0.17383782649863067,0.768796992481203,0.8947368421052632,0.6428571428571428,33,19,132,d946e7b8a014
single: swing_time_asymmetry_pct,cv,3,3,0.6616541353383458,0.252994716406729,0.5394736842105263,0.5789473684210527,0.5,33,19,132,06fd8b07c3dd
single: swing_time_asymmetry_pct,cv,3,4,0.7555555555555555,0.20459418258856288,0.6611111111111111,0.7222222222222222,0.6,33,18,132,15f31a2e8e70
single: swing_time_asymmetry_pct,cv,4,0,0.7556390977443609,0.20601730086993922,0.6992481203007519,0.6842105263157895,0.7142857142857143,33,19,132,d003d404b7fa
single: swing_time_asymmetry_pct,cv,4,1,0.9,0.17065196001365424,0.7388888888888889,0.9444444444444444,0.5333333333333333,33,18,132,3fcb47922003
single: swing_time_asymmetry_pct,cv,4,2,0.7333333333333333,0.21480360106882138,0.611111111111111,0.8888888888888888,0.33333333333333337,33,18,132,0105fa096502
single: swing_time_asymmetry_pct,cv,4,3,0.7969924812030075,0.1958963013763601,0.7349624060150376,0.6842105263157895,0.7857142857142857,33,19,132,4449cfa53280
single: swing_time_asymmetry_pct,cv,4,4,0.6766917293233082,0.23058877715319087,0.556390977443609,0.6842105263157895,0.4285714285714286,33,19,132,a0a81576e177
single: swing_time_asymmetry_pct,cv,5,0,0.825925925925926,0.18253964585272842,0.6833333333333333,0.8333333333333334,0.5333333333333333,33,18,132,08fd3e16c8bb
single: swing_time_asymmetry_pct,cv,5,1,0.6729323308270677,0.23461455995892222,0.6278195488721805,0.6842105263157895,0.5714285714285714,33,19,132,2ea1ecf4ddc0
single: swing_time_asymmetry_pct,cv,5,2,0.8909774436090225,0.15890050942940276,0.7330827067669172,0.8947368421052632,0.5714285714285714,33,19,132,9c330070896d
single: swing_time_asymmetry_pct,cv,5,3,0.7185185185185186,0.22463337573122263,0.6222222222222222,0.7777777777777778,0.4666666666666667,33,18,132,092415dfb15c
single: swing_time_asymmetry_pct,cv,5,4,0.7180451127819549,0.21365789923942535,0.6635338345864662,0.6842105263157895,0.6428571428571428,33,19,132,971dfd714d58
single: swing_time_asymmetry_pct,cv,6,0,0.8383458646616541,0.16689678507179467,0.8233082706766917,0.7894736842105263,0.8571428571428572,33,19,132,46bf58cb2b11
single: swing_time_asymmetry_pct,cv,6,1,0.6000000000000001,0.250604566594491,0.6,0.6666666666666666,0.5333333333333333,33,18,132,347c2dd9eee0
single: swing_time_asymmetry_pct,cv,6,2,0.8629629629629629,0.1865675342921388,0.711111111111111,0.8888888888888888,0.5333333333333333,33,18,132,7aba26c001d1
single: swing_time_asymmetry_pct,cv,6,3,0.7218045112781954,0.21090652221648842,0.6804511278195489,0.7894736842105263,0.5714285714285714,33,19,132,6a7bafe925d2
single: swing_time_asymmetry_pct,cv,6,4,0.7556390977443609,0.19333931155689882,0.6447368421052632,0.7894736842105263,0.5,33,19,132,9b723c362f6b
single: swing_time_asymmetry_pct,cv,7,0,0.8518518518518519,0.16469294096407808,0.788888888888889,0.7777777777777778,0.8,33,18,132,0c70b32d21f2
single: swing_time_asymmetry_pct,cv,7,1,0.8308270676691729,0.18500525935633005,0.6973684210526316,0.8947368421052632,0.5,33,19,132,c5f2aae1f621
single: swing_time_asymmetry_pct,cv,7,2,0.6962962962962963,0.21882588236059664,0.6666666666666666,0.6666666666666666,0.6666666666666667,33,18,132,e54b36a7b238
single: swing_time_asymmetry_pct,cv,7,3,0.6842105263157895,0.23378069324497347,0.6090225563909775,0.7894736842105263,0.4285714285714286,33,19,132,2111b6a311f0
single: swing_time_asymmetry_pct,cv,7,4,0.7443609022556391,0.2049406095554773,0.6541353383458646,0.7368421052631579,0.5714285714285714,33,19,132,61a680919f0d
single: swing_time_asymmetry_pct,cv,8,0,0.6616541353383458,0.23654957948698196,0.618421052631579,0.7368421052631579,0.5,33,19,132,60b20ac6522a
single: swing_time_asymmetry_pct,cv,8,1,0.7706766917293233,0.19438172337320436,0.6710526315789473,0.8421052631578947,0.5,33,19,132,9ebfe745f35f
single: swing_time_asymmetry_pct,cv,8,2,0.8629629629629629,0.16249285914740114,0.7944444444444445,0.7222222222222222,0.8666666666666667,33,18,132,0c2cc334df24
single: swing_time_asymmetry_pct,cv,8,3,0.7669172932330827,0.18321386694971317,0.7161654135338347,0.7894736842105263,0.6428571428571428,33,19,132,affc51715ed6
single: swing_time_asymmetry_pct,cv,8,4,0.7185185185185184,0.23239076061340277,0.5888888888888889,0.7777777777777778,0.4,33,18,132,0a57eeae24ef
single: swing_time_asymmetry_pct,cv,9,0,0.6777777777777778,0.23068002682737668,0.6277777777777778,0.7222222222222222,0.5333333333333333,33,18,132,50ca097e3da3
single: swing_time_asymmetry_pct,cv,9,1,0.7067669172932332,0.21589451998440345,0.6635338345864662,0.6842105263157895,0.6428571428571428,33,19,132,03a64b32aec3
single: swing_time_asymmetry_pct,cv,9,2,0.8383458646616542,0.1772800467344846,0.7424812030075187,0.8421052631578947,0.6428571428571428,33,19,132,485aca3cdf4c
single: swing_time_asymmetry_pct,cv,9,3,0.6691729323308271,0.23085375936860608,0.6635338345864662,0.6842105263157895,0.6428571428571428,33,19,132,f550b9be9e59
single: swing_time_asymmetry_pct,cv,9,4,0.9,0.1614880713041775,0.7666666666666666,1.0,0.5333333333333333,33,18,132,99b4d195a2c9
single: swing_time_asymmetry_pct,cv,10,0,0.6333333333333333,0.25876681635916704,0.6333333333333333,0.6666666666666666,0.6,33,18,132,806fd96bcf6b
single: swing_time_asymmetry_pct,cv,10,1,0.7105263157894737,0.21739453902748065,0.5733082706766918,0.7894736842105263,0.3571428571428571,33,19,132,6360bd6eb4f2
single: swing_time_asymmetry_pct,cv,10,2,0.6879699248120301,0.22263778410384932,0.556390977443609,0.6842105263157895,0.4285714285714286,33,19,132,ce843a5c5821
single: swing_time_asymmetry_pct,cv,10,3,0.8571428571428572,0.1577549167198833,0.8571428571428572,1.0,0.7142857142857143,33,19,132,efd5e5aef9ec
single: swing_time_asymmetry_pct,cv,10,4,0.8666666666666666,0.16678311375195623,0.7611111111111111,0.7222222222222222,0.8,33,18,132,6175a2660f55
single: swing_time_asymmetry_pct,cv,11,0,0.7555555555555555,0.2023629870796451,0.7222222222222222,0.7777777777777778,0.6666666666666667,33,18,132,707954b77555
single: swing_time_asymmetry_pct,cv,11,1,0.7406015037593985,0.21140642268598336,0.5827067669172932,0.7368421052631579,0.4285714285714286,33,19,132,4f38e613e242
single: swing_time_asymmetry_pct,cv,11,2,0.7666666666666666,0.20148107638410975,0.6444444444444444,0.8888888888888888,0.4,33,18,132,00b5a22ac9cf
single: swing_time_asymmetry_pct,cv,11,3,0.849624060150376,0.17803883890714722,0.8327067669172932,0.7368421052631579,0.9285714285714286,33,19,132,c28723cfd424
single: swing_time_asymmetry_pct,cv,11,4,0.7330827067669173,0.21076043136858275,0.6541353383458646,0.7368421052631579,0.5714285714285714,33,19,132,ead9a1f1b2b8
single: swing_time_asymmetry_pct,cv,12,0,0.7814814814814816,0.19980839502738712,0.6833333333333333,0.8333333333333334,0.5333333333333333,33,18,132,07d339bba3c9
single: swing_time_asymmetry_pct,cv,12,1,0.8037037037037037,0.19089584143548605,0.7166666666666667,0.8333333333333334,0.6,33,18,132,c093bb82b990
single: swing_time_asymmetry_pct,cv,12,2,0.6672932330827068,0.23373629816512861,0.6015037593984962,0.631578947368421,0.5714285714285714,33,19,132,5667f2030a7b
single: swing_time_asymmetry_pct,cv,12,3,0.8609022556390977,0.16440833391020587,0.8139097744360901,0.8421052631578947,0.7857142857142857,33,19,132,2adde8dc797d
single: swing_time_asymmetry_pct,cv,12,4,0.7030075187969924,0.2217549018192587,0.6541353383458646,0.7368421052631579,0.5714285714285714,33,19,132,d20beb687f56
single: swing_time_asymmetry_pct,cv,13,0,0.7819548872180452,0.18934361860044424,0.706766917293233,0.8421052631578947,0.5714285714285714,33,19,132,dcb1012df53d
single: swing_time_asymmetry_pct,cv,13,1,0.7407407407407408,0.20614595655525167,0.6944444444444444,0.7222222222222222,0.6666666666666667,33,18,132,473120c3ecb8
single: swing_time_asymmetry_pct,cv,13,2,0.7407407407407407,0.19267287390106203,0.7722222222222221,0.9444444444444444,0.6,33,18,132,1ef094fceeb1
single: swing_time_asymmetry_pct,cv,13,3,0.6390977443609023,0.24104180378586948,0.575187969924812,0.5789473684210527,0.5714285714285714,33,19,132,fc963a750db6
single: swing_time_asymmetry_pct,cv,13,4,0.8458646616541353,0.17471117922671406,0.706766917293233,0.8421052631578947,0.5714285714285714,33,19,132,69948fd44837
single: swing_time_asymmetry_pct,cv,14,0,0.7894736842105263,0.1906693647900071,0.6447368421052632,0.7894736842105263,0.5,33,19,132,9ffd922d28eb
single: swing_time_asymmetry_pct,cv,14,1,0.725925925925926,0.21456064762585386,0.65,0.8333333333333334,0.4666666666666667,33,18,132,a57baa6647db
single: swing_time_asymmetry_pct,cv,14,2,0.819548872180451,0.17915904805863475,0.7424812030075187,0.8421052631578947,0.6428571428571428,33,19,132,3174fde86d0f
single: swing_time_asymmetry_pct,cv,14,3,0.7443609022556391,0.18551299260572812,0.8045112781954887,0.8947368421052632,0.7142857142857143,33,19,132,e8b6f8fe93db
single: swing_time_asymmetry_pct,cv,14,4,0.6851851851851851,0.23344609318436413,0.5444444444444445,0.5555555555555556,0.5333333333333333,33,18,132,5fa3e9cbd26e
single: swing_time_asymmetry_pct,cv,15,0,0.7111111111111111,0.20526925746430827,0.7055555555555556,0.6111111111111112,0.8,33,18,132,126fe3f2d28c
single: swing_time_asymmetry_pct,cv,15,1,0.8037037037037038,0.1804123867091354,0.8222222222222222,0.7777777777777778,0.8666666666666667,33,18,132,53b990822c51
single: swing_time_asymmetry_pct,cv,15,2,0.7218045112781954,0.2221912815849747,0.5469924812030075,0.7368421052631579,0.3571428571428571,33,19,132,f5ffb5647f43
single: swing_time_asymmetry_pct,cv,15,3,0.7218045112781956,0.2196545415714691,0.6616541353383458,0.8947368421052632,0.4285714285714286,33,19,132,f4894ec977a6
single: swing_time_asymmetry_pct,cv,15,4,0.7857142857142857,0.17937948222947872,0.6710526315789473,0.8421052631578947,0.5,33,19,132,23921cf04050
single: swing_time_asymmetry_pct,cv,16,0,0.7037037037037037,0.21948815506804487,0.6277777777777778,0.7222222222222222,0.5333333333333333,33,18,132,7069959f84df
single: swing_time_asymmetry_pct,cv,16,1,0.8195488721804511,0.17791504823651527,0.7612781954887218,0.7368421052631579,0.7857142857142857,33,19,132,b51fa18909f0
single: swing_time_asymmetry_pct,cv,16,2,0.6052631578947367,0.26814978086471997,0.5300751879699248,0.631578947368421,0.4285714285714286,33,19,132,d0d899b8c5d8
single: swing_time_asymmetry_pct,cv,16,3,0.874074074074074,0.1616440542172081,0.8055555555555556,0.9444444444444444,0.6666666666666667,33,18,132,ec1a5b1579a6
single: swing_time_asymmetry_pct,cv,16,4,0.7669172932330828,0.1968998755749566,0.6804511278195489,0.7894736842105263,0.5714285714285714,33,19,132,4390c0795e67
single: swing_time_asymmetry_pct,cv,17,0,0.6222222222222222,0.2505573401163252,0.5944444444444444,0.7222222222222222,0.4666666666666667,33,18,132,35cf218f2da0
single: swing_time_asymmetry_pct,cv,17,1,0.7518796992481203,0.19956471166050355,0.6635338345864662,0.6842105263157895,0.6428571428571428,33,19,132,606e35c9ba81
single: swing_time_asymmetry_pct,cv,17,2,0.7857142857142857,0.18971663707310626,0.6804511278195489,0.7894736842105263,0.5714285714285714,33,19,132,b3b7a22a42c7
single: swing_time_asymmetry_pct,cv,17,3,0.7556390977443609,0.19800723691948,0.7161654135338347,0.7894736842105263,0.6428571428571428,33,19,132,1406112ac475
single: swing_time_asymmetry_pct,cv,17,4,0.8703703703703703,0.16732839895951637,0.711111111111111,0.8888888888888888,0.5333333333333333,33,18,132,9d518727c4ce
single: swing_time_asymmetry_pct,cv,18,0,0.7925925925925925,0.19615589623616983,0.6666666666666666,0.6666666666666666,0.6666666666666667,33,18,132,f1367dcd57d7
single: swing_time_asymmetry_pct,cv,18,1,0.8629629629629629,0.15605357308571566,0.8388888888888888,0.9444444444444444,0.7333333333333334,33,18,132,9c31bef5667a
single: swing_time_asymmetry_pct,cv,18,2,0.7293233082706767,0.22275936472251115,0.5639097744360901,0.8421052631578947,0.2857142857142857,33,19,132,a423dc078097
single: swing_time_asymmetry_pct,cv,18,3,0.7669172932330828,0.19721033588976314,0.6992481203007519,0.6842105263157895,0.7142857142857143,33,19,132,379c65a9aaf8
single: swing_time_asymmetry_pct,cv,18,4,0.650375939849624,0.2454599770795124,0.618421052631579,0.7368421052631579,0.5,33,19,132,9a3bd5035f3e
single: swing_time_asymmetry_pct,cv,19,0,0.7851851851851851,0.18489843006461357,0.7222222222222222,0.7777777777777778,0.6666666666666667,33,18,132,b39262f0fe9d
single: swing_time_asymmetry_pct,cv,19,1,0.8270676691729323,0.18391640583530855,0.7330827067669172,0.8947368421052632,0.5714285714285714,33,19,132,db9a77156af7
single: swing_time_asymmetry_pct,cv,19,2,0.6654135338345865,0.2292302197836402,0.618421052631579,0.7368421052631579,0.5,33,19,132,4412b0675473
single: swing_time_asymmetry_pct,cv,19,3,0.7703703703703704,0.2000650621048346,0.6611111111111111,0.7222222222222222,0.6,33,18,132,b8613d3993a1
single: swing_time_asymmetry_pct,cv,19,4,0.7406015037593985,0.20464278499011795,0.6898496240601504,0.7368421052631579,0.6428571428571428,33,19,132,e8577478125c
