model,participant,study,y,p,n_repeats
baseline: chance,GaCo01,Ga,0,0.5643939393939393,20
baseline: chance,GaCo02,Ga,0,0.5625,20
baseline: chance,GaCo03,Ga,0,0.5628787878787879,20
baseline: chance,GaCo04,Ga,0,0.5640151515151515,20
baseline: chance,GaCo05,Ga,0,0.5628787878787879,20
baseline: chance,GaCo06,Ga,0,0.5647727272727272,20
baseline: chance,GaCo07,Ga,0,0.5632575757575757,20
baseline: chance,GaCo08,Ga,0,0.5636363636363637,20
baseline: chance,GaCo09,Ga,0,0.5643939393939393,20
baseline: chance,GaCo10,Ga,0,0.5636363636363637,20
baseline: chance,GaCo11,Ga,0,0.5636363636363637,20
baseline: chance,GaCo12,Ga,0,0.5632575757575757,20
baseline: chance,GaCo13,Ga,0,0.5651515151515152,20
baseline: chance,GaCo14,Ga,0,0.5643939393939393,20
baseline: chance,GaCo15,Ga,0,0.5628787878787879,20
baseline: chance,GaCo16,Ga,0,0.5636363636363637,20
baseline: chance,GaCo17,Ga,0,0.5640151515151515,20
baseline: chance,GaCo22,Ga,0,0.5636363636363637,20
baseline: chance,GaPt03,Ga,1,0.5643939393939393,20
baseline: chance,GaPt04,Ga,1,0.5651515151515152,20
baseline: chance,GaPt05,Ga,1,0.5632575757575757,20
baseline: chance,GaPt06,Ga,1,0.5621212121212121,20
baseline: chance,GaPt07,Ga,1,0.5632575757575757,20
baseline: chance,GaPt08,Ga,1,0.5640151515151515,20
baseline: chance,GaPt09,Ga,1,0.5643939393939393,20
baseline: chance,GaPt12,Ga,1,0.5628787878787879,20
baseline: chance,GaPt13,Ga,1,0.5632575757575757,20
baseline: chance,GaPt14,Ga,1,0.5632575757575757,20
baseline: chance,GaPt15,Ga,1,0.5632575757575757,20
baseline: chance,GaPt16,Ga,1,0.5636363636363637,20
baseline: chance,GaPt17,Ga,1,0.5628787878787879,20
baseline: chance,GaPt18,Ga,1,0.5647727272727272,20
baseline: chance,GaPt19,Ga,1,0.5636363636363637,20
baseline: chance,GaPt20,Ga,1,0.5643939393939393,20
baseline: chance,GaPt21,Ga,1,0.5632575757575757,20
baseline: chance,GaPt22,Ga,1,0.5625,20
baseline: chance,GaPt23,Ga,1,0.5640151515151515,20
baseline: chance,GaPt24,Ga,1,0.5632575757575757,20
baseline: chance,GaPt25,Ga,1,0.5636363636363637,20
baseline: chance,GaPt26,Ga,1,0.5632575757575757,20
baseline: chance,GaPt27,Ga,1,0.5640151515151515,20
baseline: chance,GaPt28,Ga,1,0.5643939393939393,20
baseline: chance,GaPt29,Ga,1,0.5621212121212121,20
baseline: chance,GaPt30,Ga,1,0.5628787878787879,20
baseline: chance,GaPt31,Ga,1,0.5651515151515152,20
baseline: chance,GaPt32,Ga,1,0.5636363636363637,20
baseline: chance,GaPt33,Ga,1,0.5640151515151515,20
baseline: chance,JuCo01,Ju,0,0.5643939393939393,20
baseline: chance,JuCo02,Ju,0,0.5636363636363637,20
baseline: chance,JuCo03,Ju,0,0.5632575757575757,20
baseline: chance,JuCo04,Ju,0,0.5636363636363637,20
baseline: chance,JuCo05,Ju,0,0.5643939393939393,20
baseline: chance,JuCo06,Ju,0,0.5636363636363637,20
baseline: chance,JuCo07,Ju,0,0.5625,20
baseline: chance,JuCo08,Ju,0,0.5636363636363637,20
baseline: chance,JuCo09,Ju,0,0.5636363636363637,20
baseline: chance,JuCo11,Ju,0,0.5628787878787879,20
baseline: chance,JuCo12,Ju,0,0.5640151515151515,20
baseline: chance,JuCo13,Ju,0,0.5640151515151515,20
baseline: chance,JuCo14,Ju,0,0.5628787878787879,20
baseline: chance,JuCo15,Ju,0,0.5640151515151515,20
baseline: chance,JuCo16,Ju,0,0.5640151515151515,20
baseline: chance,JuCo17,Ju,0,0.5640151515151515,20
baseline: chance,JuCo18,Ju,0,0.5640151515151515,20
baseline: chance,JuCo19,Ju,0,0.5640151515151515,20
baseline: chance,JuCo20,Ju,0,0.5636363636363637,20
baseline: chance,JuCo21,Ju,0,0.5632575757575757,20
baseline: chance,JuCo22,Ju,0,0.5636363636363637,20
baseline: chance,JuCo23,Ju,0,0.5643939393939393,20
baseline: chance,JuCo24,Ju,0,0.5647727272727272,20
baseline: chance,JuCo25,Ju,0,0.5640151515151515,20
baseline: chance,JuCo26,Ju,0,0.5628787878787879,20
baseline: chance,JuPt01,Ju,1,0.5628787878787879,20
baseline: chance,JuPt02,Ju,1,0.5625,20
baseline: chance,JuPt03,Ju,1,0.5636363636363637,20
baseline: chance,JuPt04,Ju,1,0.5643939393939393,20
baseline: chance,JuPt05,Ju,1,0.5636363636363637,20
baseline: chance,JuPt06,Ju,1,0.5643939393939393,20
baseline: chance,JuPt07,Ju,1,0.5628787878787879,20
baseline: chance,JuPt08,Ju,1,0.5632575757575757,20
baseline: chance,JuPt09,Ju,1,0.5632575757575757,20
baseline: chance,JuPt10,Ju,1,0.5621212121212121,20
baseline: chance,JuPt11,Ju,1,0.5636363636363637,20
baseline: chance,JuPt12,Ju,1,0.5640151515151515,20
baseline: chance,JuPt13,Ju,1,0.5647727272727272,20
baseline: chance,JuPt14,Ju,1,0.5632575757575757,20
baseline: chance,JuPt15,Ju,1,0.5617424242424243,20
baseline: chance,JuPt16,Ju,1,0.5625,20
baseline: chance,JuPt17,Ju,1,0.5636363636363637,20
baseline: chance,JuPt18,Ju,1,0.5643939393939393,20
baseline: chance,JuPt19,Ju,1,0.5643939393939393,20
baseline: chance,JuPt20,Ju,1,0.5636363636363637,20
baseline: chance,JuPt21,Ju,1,0.5636363636363637,20
baseline: chance,JuPt22,Ju,1,0.5636363636363637,20
baseline: chance,JuPt23,Ju,1,0.5636363636363637,20
baseline: chance,JuPt24,Ju,1,0.5628787878787879,20
baseline: chance,JuPt25,Ju,1,0.5643939393939393,20
baseline: chance,JuPt26,Ju,1,0.5647727272727272,20
baseline: chance,JuPt27,Ju,1,0.5636363636363637,20
baseline: chance,JuPt28,Ju,1,0.5617424242424243,20
baseline: chance,JuPt29,Ju,1,0.5651515151515152,20
baseline: chance,SiCo01,Si,0,0.5625,20
baseline: chance,SiCo03,Si,0,0.5643939393939393,20
baseline: chance,SiCo04,Si,0,0.5628787878787879,20
baseline: chance,SiCo05,Si,0,0.5640151515151515,20
baseline: chance,SiCo06,Si,0,0.5640151515151515,20
baseline: chance,SiCo07,Si,0,0.5659090909090909,20
baseline: chance,SiCo08,Si,0,0.5628787878787879,20
baseline: chance,SiCo09,Si,0,0.5643939393939393,20
baseline: chance,SiCo10,Si,0,0.5628787878787879,20
baseline: chance,SiCo11,Si,0,0.5640151515151515,20
baseline: chance,SiCo12,Si,0,0.5636363636363637,20
baseline: chance,SiCo13,Si,0,0.5632575757575757,20
baseline: chance,SiCo14,Si,0,0.5625,20
baseline: chance,SiCo15,Si,0,0.5632575757575757,20
baseline: chance,SiCo16,Si,0,0.5643939393939393,20
baseline: chance,SiCo17,Si,0,0.5640151515151515,20
baseline: chance,SiCo18,Si,0,0.5647727272727272,20
baseline: chance,SiCo19,Si,0,0.5643939393939393,20
baseline: chance,SiCo20,Si,0,0.5636363636363637,20
baseline: chance,SiCo21,Si,0,0.5636363636363637,20
baseline: chance,SiCo22,Si,0,0.5640151515151515,20
baseline: chance,SiCo23,Si,0,0.5640151515151515,20
baseline: chance,SiCo24,Si,0,0.5640151515151515,20
baseline: chance,SiCo25,Si,0,0.5636363636363637,20
baseline: chance,SiCo26,Si,0,0.5628787878787879,20
baseline: chance,SiCo27,Si,0,0.5647727272727272,20
baseline: chance,SiCo28,Si,0,0.5640151515151515,20
baseline: chance,SiCo29,Si,0,0.5636363636363637,20
baseline: chance,SiCo30,Si,0,0.5643939393939393,20
baseline: chance,SiPt02,Si,1,0.5632575757575757,20
baseline: chance,SiPt04,Si,1,0.5643939393939393,20
baseline: chance,SiPt05,Si,1,0.5647727272727272,20
baseline: chance,SiPt07,Si,1,0.5632575757575757,20
baseline: chance,SiPt08,Si,1,0.5640151515151515,20
baseline: chance,SiPt09,Si,1,0.5640151515151515,20
baseline: chance,SiPt10,Si,1,0.5628787878787879,20
baseline: chance,SiPt12,Si,1,0.5643939393939393,20
baseline: chance,SiPt13,Si,1,0.5628787878787879,20
baseline: chance,SiPt14,Si,1,0.5640151515151515,20
baseline: chance,SiPt15,Si,1,0.5636363636363637,20
baseline: chance,SiPt16,Si,1,0.5636363636363637,20
baseline: chance,SiPt17,Si,1,0.5640151515151515,20
baseline: chance,SiPt18,Si,1,0.5632575757575757,20
baseline: chance,SiPt19,Si,1,0.5628787878787879,20
baseline: chance,SiPt20,Si,1,0.5632575757575757,20
baseline: chance,SiPt21,Si,1,0.5636363636363637,20
baseline: chance,SiPt22,Si,1,0.5632575757575757,20
baseline: chance,SiPt23,Si,1,0.5628787878787879,20
baseline: chance,SiPt24,Si,1,0.5640151515151515,20
baseline: chance,SiPt25,Si,1,0.5625,20
baseline: chance,SiPt27,Si,1,0.5625,20
baseline: chance,SiPt28,Si,1,0.5643939393939393,20
baseline: chance,SiPt29,Si,1,0.5636363636363637,20
baseline: chance,SiPt30,Si,1,0.5640151515151515,20
baseline: chance,SiPt31,Si,1,0.5640151515151515,20
baseline: chance,SiPt32,Si,1,0.5632575757575757,20
baseline: chance,SiPt33,Si,1,0.5617424242424243,20
baseline: chance,SiPt34,Si,1,0.5628787878787879,20
baseline: chance,SiPt35,Si,1,0.5640151515151515,20
baseline: chance,SiPt36,Si,1,0.5632575757575757,20
baseline: chance,SiPt37,Si,1,0.5640151515151515,20
baseline: chance,SiPt38,Si,1,0.5632575757575757,20
baseline: chance,SiPt39,Si,1,0.5632575757575757,20
baseline: chance,SiPt40,Si,1,0.5628787878787879,20
single: stride_time_mean_s,GaCo01,Ga,0,0.644273731400011,20
single: stride_time_mean_s,GaCo02,Ga,0,0.5624576081927231,20
single: stride_time_mean_s,GaCo03,Ga,0,0.6439633144050545,20
single: stride_time_mean_s,GaCo04,Ga,0,0.6530717126178298,20
single: stride_time_mean_s,GaCo05,Ga,0,0.5364945867122434,20
single: stride_time_mean_s,GaCo06,Ga,0,0.6041751102052587,20
single: stride_time_mean_s,GaCo07,Ga,0,0.5270198419349386,20
single: stride_time_mean_s,GaCo08,Ga,0,0.6309366907883007,20
single: stride_time_mean_s,GaCo09,Ga,0,0.5407696486026159,20
single: stride_time_mean_s,GaCo10,Ga,0,0.5473070120982504,20
single: stride_time_mean_s,GaCo11,Ga,0,0.5104512926198947,20
single: stride_time_mean_s,GaCo12,Ga,0,0.5072480593448236,20
single: stride_time_mean_s,GaCo13,Ga,0,0.5161660710214293,20
single: stride_time_mean_s,GaCo14,Ga,0,0.5591477180996642,20
single: stride_time_mean_s,GaCo15,Ga,0,0.5255800481492963,20
single: stride_time_mean_s,GaCo16,Ga,0,0.5363102599897104,20
single: stride_time_mean_s,GaCo17,Ga,0,0.5587594250311749,20
single: stride_time_mean_s,GaCo22,Ga,0,0.5582928766059264,20
single: stride_time_mean_s,GaPt03,Ga,1,0.7612391239178186,20
single: stride_time_mean_s,GaPt04,Ga,1,0.6517901794512134,20
single: stride_time_mean_s,GaPt05,Ga,1,0.5519674378312002,20
single: stride_time_mean_s,GaPt06,Ga,1,0.5953116061648107,20
single: stride_time_mean_s,GaPt07,Ga,1,0.7227808522962088,20
single: stride_time_mean_s,GaPt08,Ga,1,0.5898089612728629,20
single: stride_time_mean_s,GaPt09,Ga,1,0.49682583713971107,20
single: stride_time_mean_s,GaPt12,Ga,1,0.49052084072678986,20
single: stride_time_mean_s,GaPt13,Ga,1,0.4814921717442145,20
single: stride_time_mean_s,GaPt14,Ga,1,0.5077465590745883,20
single: stride_time_mean_s,GaPt15,Ga,1,0.5515626696858655,20
single: stride_time_mean_s,GaPt16,Ga,1,0.5366694313386942,20
single: stride_time_mean_s,GaPt17,Ga,1,0.6018234006962037,20
single: stride_time_mean_s,GaPt18,Ga,1,0.5859455124985427,20
single: stride_time_mean_s,GaPt19,Ga,1,0.45823410384013064,20
single: stride_time_mean_s,GaPt20,Ga,1,0.5722604362945594,20
single: stride_time_mean_s,GaPt21,Ga,1,0.510288042554681,20
single: stride_time_mean_s,GaPt22,Ga,1,0.6419279917062661,20
single: stride_time_mean_s,GaPt23,Ga,1,0.787002819823858,20
single: stride_time_mean_s,GaPt24,Ga,1,0.5183820099853532,20
single: stride_time_mean_s,GaPt25,Ga,1,0.4888142460076822,20
single: stride_time_mean_s,GaPt26,Ga,1,0.5741935555073543,20
single: stride_time_mean_s,GaPt27,Ga,1,0.5697712974158782,20
single: stride_time_mean_s,GaPt28,Ga,1,0.5690012546059031,20
single: stride_time_mean_s,GaPt29,Ga,1,0.5033575638750647,20
single: stride_time_mean_s,GaPt30,Ga,1,0.5523693073778425,20
single: stride_time_mean_s,GaPt31,Ga,1,0.566861855838596,20
single: stride_time_mean_s,GaPt32,Ga,1,0.4907846875617807,20
single: stride_time_mean_s,GaPt33,Ga,1,0.6323078752704393,20
single: stride_time_mean_s,JuCo01,Ju,0,0.6167577142491139,20
single: stride_time_mean_s,JuCo02,Ju,0,0.5337345490354087,20
single: stride_time_mean_s,JuCo03,Ju,0,0.5126245232530089,20
single: stride_time_mean_s,JuCo04,Ju,0,0.5395738881704288,20
single: stride_time_mean_s,JuCo05,Ju,0,0.558968468159913,20
single: stride_time_mean_s,JuCo06,Ju,0,0.5196785112466592,20
single: stride_time_mean_s,JuCo07,Ju,0,0.48451644949492706,20
single: stride_time_mean_s,JuCo08,Ju,0,0.5287420877174527,20
single: stride_time_mean_s,JuCo09,Ju,0,0.4614867928637788,20
single: stride_time_mean_s,JuCo11,Ju,0,0.6169713527206948,20
single: stride_time_mean_s,JuCo12,Ju,0,0.5565989693070879,20
single: stride_time_mean_s,JuCo13,Ju,0,0.5703903616599596,20
single: stride_time_mean_s,JuCo14,Ju,0,0.5580779332768285,20
single: stride_time_mean_s,JuCo15,Ju,0,0.5684692249095249,20
single: stride_time_mean_s,JuCo16,Ju,0,0.49494412113880804,20
single: stride_time_mean_s,JuCo17,Ju,0,0.5404069671003692,20
single: stride_time_mean_s,JuCo18,Ju,0,0.5548770259488254,20
single: stride_time_mean_s,JuCo19,Ju,0,0.5472598652192358,20
single: stride_time_mean_s,JuCo20,Ju,0,0.5409395771305177,20
single: stride_time_mean_s,JuCo21,Ju,0,0.6124032919351968,20
single: stride_time_mean_s,JuCo22,Ju,0,0.5714726853478698,20
single: stride_time_mean_s,JuCo23,Ju,0,0.7117895258345567,20
single: stride_time_mean_s,JuCo24,Ju,0,0.5351515484006404,20
single: stride_time_mean_s,JuCo25,Ju,0,0.6625488601486589,20
single: stride_time_mean_s,JuCo26,Ju,0,0.5655294324566302,20
single: stride_time_mean_s,JuPt01,Ju,1,0.5643647064016677,20
single: stride_time_mean_s,JuPt02,Ju,1,0.5199455876914013,20
single: stride_time_mean_s,JuPt03,Ju,1,0.5835406717996886,20
single: stride_time_mean_s,JuPt04,Ju,1,0.5444866762993243,20
single: stride_time_mean_s,JuPt05,Ju,1,0.5711531622561814,20
single: stride_time_mean_s,JuPt06,Ju,1,0.5313473545943768,20
single: stride_time_mean_s,JuPt07,Ju,1,0.4162352410642451,20
single: stride_time_mean_s,JuPt08,Ju,1,0.4456617142819822,20
single: stride_time_mean_s,JuPt09,Ju,1,0.505170449521117,20
single: stride_time_mean_s,JuPt10,Ju,1,0.5363040787355469,20
single: stride_time_mean_s,JuPt11,Ju,1,0.48249451063847887,20
single: stride_time_mean_s,JuPt12,Ju,1,0.512040668794509,20
single: stride_time_mean_s,JuPt13,Ju,1,0.5562772202792197,20
single: stride_time_mean_s,JuPt14,Ju,1,0.6628739122385683,20
single: stride_time_mean_s,JuPt15,Ju,1,0.49247850249911246,20
single: stride_time_mean_s,JuPt16,Ju,1,0.6111896947839311,20
single: stride_time_mean_s,JuPt17,Ju,1,0.5131497491366888,20
single: stride_time_mean_s,JuPt18,Ju,1,0.7489947913737627,20
single: stride_time_mean_s,JuPt19,Ju,1,0.532111444585855,20
single: stride_time_mean_s,JuPt20,Ju,1,0.5241743363039572,20
single: stride_time_mean_s,JuPt21,Ju,1,0.6474168834127086,20
single: stride_time_mean_s,JuPt22,Ju,1,0.4965655906554973,20
single: stride_time_mean_s,JuPt23,Ju,1,0.47021732897114726,20
single: stride_time_mean_s,JuPt24,Ju,1,0.5452681512874544,20
single: stride_time_mean_s,JuPt25,Ju,1,0.5775622809363616,20
single: stride_time_mean_s,JuPt26,Ju,1,0.6149528514534947,20
single: stride_time_mean_s,JuPt27,Ju,1,0.5632956100166541,20
single: stride_time_mean_s,JuPt28,Ju,1,0.5341671873532821,20
single: stride_time_mean_s,JuPt29,Ju,1,0.5310802570837783,20
single: stride_time_mean_s,SiCo01,Si,0,0.6736749546435963,20
single: stride_time_mean_s,SiCo03,Si,0,0.5239986876130891,20
single: stride_time_mean_s,SiCo04,Si,0,0.5362349681492817,20
single: stride_time_mean_s,SiCo05,Si,0,0.5547072659318074,20
single: stride_time_mean_s,SiCo06,Si,0,0.5429836242074151,20
single: stride_time_mean_s,SiCo07,Si,0,0.5318781100553813,20
single: stride_time_mean_s,SiCo08,Si,0,0.5124235510620554,20
single: stride_time_mean_s,SiCo09,Si,0,0.5561142099972447,20
single: stride_time_mean_s,SiCo10,Si,0,0.4921283750019548,20
single: stride_time_mean_s,SiCo11,Si,0,0.4464857725015604,20
single: stride_time_mean_s,SiCo12,Si,0,0.4644588205086261,20
single: stride_time_mean_s,SiCo13,Si,0,0.537210912241812,20
single: stride_time_mean_s,SiCo14,Si,0,0.5854368720877617,20
single: stride_time_mean_s,SiCo15,Si,0,0.5228018241378578,20
single: stride_time_mean_s,SiCo16,Si,0,0.6376773482123009,20
single: stride_time_mean_s,SiCo17,Si,0,0.5649249474161084,20
single: stride_time_mean_s,SiCo18,Si,0,0.5580358814785961,20
single: stride_time_mean_s,SiCo19,Si,0,0.6077912109392987,20
single: stride_time_mean_s,SiCo20,Si,0,0.5821220604392907,20
single: stride_time_mean_s,SiCo21,Si,0,0.5419182053134699,20
single: stride_time_mean_s,SiCo22,Si,0,0.5141895885339071,20
single: stride_time_mean_s,SiCo23,Si,0,0.5788276597092854,20
single: stride_time_mean_s,SiCo24,Si,0,0.5978211506905491,20
single: stride_time_mean_s,SiCo25,Si,0,0.5786326388489696,20
single: stride_time_mean_s,SiCo26,Si,0,0.6332012917757714,20
single: stride_time_mean_s,SiCo27,Si,0,0.5333865164398344,20
single: stride_time_mean_s,SiCo28,Si,0,0.6137366223898737,20
single: stride_time_mean_s,SiCo29,Si,0,0.5334349807777702,20
single: stride_time_mean_s,SiCo30,Si,0,0.5423675301598389,20
single: stride_time_mean_s,SiPt02,Si,1,0.5719643360488533,20
single: stride_time_mean_s,SiPt04,Si,1,0.595875145200684,20
single: stride_time_mean_s,SiPt05,Si,1,0.5603311134202728,20
single: stride_time_mean_s,SiPt07,Si,1,0.6016819952832742,20
single: stride_time_mean_s,SiPt08,Si,1,0.5740145282070139,20
single: stride_time_mean_s,SiPt09,Si,1,0.5811522887222819,20
single: stride_time_mean_s,SiPt10,Si,1,0.6250063704010344,20
single: stride_time_mean_s,SiPt12,Si,1,0.6144880019636731,20
single: stride_time_mean_s,SiPt13,Si,1,0.5542226374248339,20
single: stride_time_mean_s,SiPt14,Si,1,0.5587478873114431,20
single: stride_time_mean_s,SiPt15,Si,1,0.5283388040122748,20
single: stride_time_mean_s,SiPt16,Si,1,0.6157666486035503,20
single: stride_time_mean_s,SiPt17,Si,1,0.5882836889630373,20
single: stride_time_mean_s,SiPt18,Si,1,0.6332926009556034,20
single: stride_time_mean_s,SiPt19,Si,1,0.5717780607818426,20
single: stride_time_mean_s,SiPt20,Si,1,0.6358294922018576,20
single: stride_time_mean_s,SiPt21,Si,1,0.5397915387322707,20
single: stride_time_mean_s,SiPt22,Si,1,0.5597414301283281,20
single: stride_time_mean_s,SiPt23,Si,1,0.562116379839127,20
single: stride_time_mean_s,SiPt24,Si,1,0.5743767388984107,20
single: stride_time_mean_s,SiPt25,Si,1,0.526980397079076,20
single: stride_time_mean_s,SiPt27,Si,1,0.5697975564334936,20
single: stride_time_mean_s,SiPt28,Si,1,0.5753244321192941,20
single: stride_time_mean_s,SiPt29,Si,1,0.6544334862947936,20
single: stride_time_mean_s,SiPt30,Si,1,0.56560531972662,20
single: stride_time_mean_s,SiPt31,Si,1,0.5776939146113517,20
single: stride_time_mean_s,SiPt32,Si,1,0.6492900334190527,20
single: stride_time_mean_s,SiPt33,Si,1,0.5820436281791264,20
single: stride_time_mean_s,SiPt34,Si,1,0.5488253691372004,20
single: stride_time_mean_s,SiPt35,Si,1,0.5899195701360138,20
single: stride_time_mean_s,SiPt36,Si,1,0.5418643698960892,20
single: stride_time_mean_s,SiPt37,Si,1,0.6211509467340599,20
single: stride_time_mean_s,SiPt38,Si,1,0.5987839768117306,20
single: stride_time_mean_s,SiPt39,Si,1,0.5440935065097163,20
single: stride_time_mean_s,SiPt40,Si,1,0.5125096378522941,20
single: stride_time_cv_pct,GaCo01,Ga,0,0.4599750709729597,20
single: stride_time_cv_pct,GaCo02,Ga,0,0.48436336212338515,20
single: stride_time_cv_pct,GaCo03,Ga,0,0.6228344695235309,20
single: stride_time_cv_pct,GaCo04,Ga,0,0.6969660263783807,20
single: stride_time_cv_pct,GaCo05,Ga,0,0.519903196430303,20
single: stride_time_cv_pct,GaCo06,Ga,0,0.6618002939043297,20
single: stride_time_cv_pct,GaCo07,Ga,0,0.5190488503778381,20
single: stride_time_cv_pct,GaCo08,Ga,0,0.6933809330246186,20
single: stride_time_cv_pct,GaCo09,Ga,0,0.5904856076822692,20
single: stride_time_cv_pct,GaCo10,Ga,0,0.6286842720609537,20
single: stride_time_cv_pct,GaCo11,Ga,0,0.5545697084477954,20
single: stride_time_cv_pct,GaCo12,Ga,0,0.5034897663465697,20
single: stride_time_cv_pct,GaCo13,Ga,0,0.5133758049340693,20
single: stride_time_cv_pct,GaCo14,Ga,0,0.6572469024560599,20
single: stride_time_cv_pct,GaCo15,Ga,0,0.6743741454197829,20
single: stride_time_cv_pct,GaCo16,Ga,0,0.7941622009496129,20
single: stride_time_cv_pct,GaCo17,Ga,0,0.6951675666542054,20
single: stride_time_cv_pct,GaCo22,Ga,0,0.6994098797048565,20
single: stride_time_cv_pct,GaPt03,Ga,1,0.7903001715441632,20
single: stride_time_cv_pct,GaPt04,Ga,1,0.6724019362751622,20
single: stride_time_cv_pct,GaPt05,Ga,1,0.6798723985437907,20
single: stride_time_cv_pct,GaPt06,Ga,1,0.6044581388925618,20
single: stride_time_cv_pct,GaPt07,Ga,1,0.8739601085684008,20
single: stride_time_cv_pct,GaPt08,Ga,1,0.6134129187197171,20
single: stride_time_cv_pct,GaPt09,Ga,1,0.6022706487616258,20
single: stride_time_cv_pct,GaPt12,Ga,1,0.5137808382474085,20
single: stride_time_cv_pct,GaPt13,Ga,1,0.5890436509504198,20
single: stride_time_cv_pct,GaPt14,Ga,1,0.6069699367527804,20
single: stride_time_cv_pct,GaPt15,Ga,1,0.5656352214328931,20
single: stride_time_cv_pct,GaPt16,Ga,1,0.3288958482804127,20
single: stride_time_cv_pct,GaPt17,Ga,1,0.6884501357741437,20
single: stride_time_cv_pct,GaPt18,Ga,1,0.611648457879262,20
single: stride_time_cv_pct,GaPt19,Ga,1,0.4873013618280293,20
single: stride_time_cv_pct,GaPt20,Ga,1,0.6464186496577785,20
single: stride_time_cv_pct,GaPt21,Ga,1,0.5519510551500462,20
single: stride_time_cv_pct,GaPt22,Ga,1,0.4808409341778736,20
single: stride_time_cv_pct,GaPt23,Ga,1,0.7595603844313475,20
single: stride_time_cv_pct,GaPt24,Ga,1,0.657073765742815,20
single: stride_time_cv_pct,GaPt25,Ga,1,0.6291858927346614,20
single: stride_time_cv_pct,GaPt26,Ga,1,0.5737219339134358,20
single: stride_time_cv_pct,GaPt27,Ga,1,0.49242806720052534,20
single: stride_time_cv_pct,GaPt28,Ga,1,0.49222111633515964,20
single: stride_time_cv_pct,GaPt29,Ga,1,0.5947902784390872,20
single: stride_time_cv_pct,GaPt30,Ga,1,0.550586356713108,20
single: stride_time_cv_pct,GaPt31,Ga,1,0.6091983296442586,20
single: stride_time_cv_pct,GaPt32,Ga,1,0.5620370280346437,20
single: stride_time_cv_pct,GaPt33,Ga,1,0.5091066382046135,20
single: stride_time_cv_pct,JuCo01,Ju,0,0.5286905624032634,20
single: stride_time_cv_pct,JuCo02,Ju,0,0.4318866072623724,20
single: stride_time_cv_pct,JuCo03,Ju,0,0.5026687131381349,20
single: stride_time_cv_pct,JuCo04,Ju,0,0.6148632155226543,20
single: stride_time_cv_pct,JuCo05,Ju,0,0.6467929188615635,20
single: stride_time_cv_pct,JuCo06,Ju,0,0.6020676264348128,20
single: stride_time_cv_pct,JuCo07,Ju,0,0.5638638024818616,20
single: stride_time_cv_pct,JuCo08,Ju,0,0.45507580770180117,20
single: stride_time_cv_pct,JuCo09,Ju,0,0.6142315605093202,20
single: stride_time_cv_pct,JuCo11,Ju,0,0.698045798533202,20
single: stride_time_cv_pct,JuCo12,Ju,0,0.6703023000097815,20
single: stride_time_cv_pct,JuCo13,Ju,0,0.4156569638265289,20
single: stride_time_cv_pct,JuCo14,Ju,0,0.41653300609696736,20
single: stride_time_cv_pct,JuCo15,Ju,0,0.5578506519176795,20
single: stride_time_cv_pct,JuCo16,Ju,0,0.6592747710445956,20
single: stride_time_cv_pct,JuCo17,Ju,0,0.573390919642789,20
single: stride_time_cv_pct,JuCo18,Ju,0,0.36338371497648614,20
single: stride_time_cv_pct,JuCo19,Ju,0,0.6311118927123786,20
single: stride_time_cv_pct,JuCo20,Ju,0,0.6380542888436168,20
single: stride_time_cv_pct,JuCo21,Ju,0,0.42511527375921565,20
single: stride_time_cv_pct,JuCo22,Ju,0,0.715603582088803,20
single: stride_time_cv_pct,JuCo23,Ju,0,0.6717044324115928,20
single: stride_time_cv_pct,JuCo24,Ju,0,0.5978365427771498,20
single: stride_time_cv_pct,JuCo25,Ju,0,0.6815338412065188,20
single: stride_time_cv_pct,JuCo26,Ju,0,0.544335420086533,20
single: stride_time_cv_pct,JuPt01,Ju,1,0.5434006975495309,20
single: stride_time_cv_pct,JuPt02,Ju,1,0.611580228938027,20
single: stride_time_cv_pct,JuPt03,Ju,1,0.5164882638836245,20
single: stride_time_cv_pct,JuPt04,Ju,1,0.5297223722561883,20
single: stride_time_cv_pct,JuPt05,Ju,1,0.4531626452253266,20
single: stride_time_cv_pct,JuPt06,Ju,1,0.5958311136496007,20
single: stride_time_cv_pct,JuPt07,Ju,1,0.63182768858786,20
single: stride_time_cv_pct,JuPt08,Ju,1,0.5790317028950032,20
single: stride_time_cv_pct,JuPt09,Ju,1,0.5505047268890764,20
single: stride_time_cv_pct,JuPt10,Ju,1,0.6643491964388704,20
single: stride_time_cv_pct,JuPt11,Ju,1,0.6606454810127138,20
single: stride_time_cv_pct,JuPt12,Ju,1,0.6113029810263226,20
single: stride_time_cv_pct,JuPt13,Ju,1,0.7882405553418728,20
single: stride_time_cv_pct,JuPt14,Ju,1,0.6363707566202516,20
single: stride_time_cv_pct,JuPt15,Ju,1,0.42268340327252474,20
single: stride_time_cv_pct,JuPt16,Ju,1,0.6772881064166573,20
single: stride_time_cv_pct,JuPt17,Ju,1,0.6155222954053214,20
single: stride_time_cv_pct,JuPt18,Ju,1,0.6701230269891744,20
single: stride_time_cv_pct,JuPt19,Ju,1,0.4648399868335438,20
single: stride_time_cv_pct,JuPt20,Ju,1,0.6291789423926937,20
single: stride_time_cv_pct,JuPt21,Ju,1,0.6504454293067852,20
single: stride_time_cv_pct,JuPt22,Ju,1,0.4425688608370944,20
single: stride_time_cv_pct,JuPt23,Ju,1,0.5290261457266846,20
single: stride_time_cv_pct,JuPt24,Ju,1,0.47718688217402383,20
single: stride_time_cv_pct,JuPt25,Ju,1,0.7206816946668966,20
single: stride_time_cv_pct,JuPt26,Ju,1,0.6268851797813333,20
single: stride_time_cv_pct,JuPt27,Ju,1,0.6182060823110133,20
single: stride_time_cv_pct,JuPt28,Ju,1,0.533858784306348,20
single: stride_time_cv_pct,JuPt29,Ju,1,0.6340839745320417,20
single: stride_time_cv_pct,SiCo01,Si,0,0.6142198693578411,20
single: stride_time_cv_pct,SiCo03,Si,0,0.4319422635057169,20
single: stride_time_cv_pct,SiCo04,Si,0,0.42590102978620276,20
single: stride_time_cv_pct,SiCo05,Si,0,0.5612443686641657,20
single: stride_time_cv_pct,SiCo06,Si,0,0.5139594981217883,20
single: stride_time_cv_pct,SiCo07,Si,0,0.4579417202747867,20
single: stride_time_cv_pct,SiCo08,Si,0,0.43852560108264826,20
single: stride_time_cv_pct,SiCo09,Si,0,0.43020169651343243,20
single: stride_time_cv_pct,SiCo10,Si,0,0.5280829791436944,20
single: stride_time_cv_pct,SiCo11,Si,0,0.5659390273771056,20
single: stride_time_cv_pct,SiCo12,Si,0,0.4499382551639868,20
single: stride_time_cv_pct,SiCo13,Si,0,0.4952738043713838,20
single: stride_time_cv_pct,SiCo14,Si,0,0.5335707805620549,20
single: stride_time_cv_pct,SiCo15,Si,0,0.5080941455701595,20
single: stride_time_cv_pct,SiCo16,Si,0,0.4343090197073363,20
single: stride_time_cv_pct,SiCo17,Si,0,0.5746985842406253,20
single: stride_time_cv_pct,SiCo18,Si,0,0.6593058640413643,20
single: stride_time_cv_pct,SiCo19,Si,0,0.46372500083980484,20
single: stride_time_cv_pct,SiCo20,Si,0,0.4550034395523056,20
single: stride_time_cv_pct,SiCo21,Si,0,0.330486492286234,20
single: stride_time_cv_pct,SiCo22,Si,0,0.4850243157267181,20
single: stride_time_cv_pct,SiCo23,Si,0,0.3242094032128373,20
single: stride_time_cv_pct,SiCo24,Si,0,0.5934418789881158,20
single: stride_time_cv_pct,SiCo25,Si,0,0.5150989289322533,20
single: stride_time_cv_pct,SiCo26,Si,0,0.4215417353910101,20
single: stride_time_cv_pct,SiCo27,Si,0,0.38828601264620677,20
single: stride_time_cv_pct,SiCo28,Si,0,0.4726733110627624,20
single: stride_time_cv_pct,SiCo29,Si,0,0.536666724910271,20
single: stride_time_cv_pct,SiCo30,Si,0,0.4911766332638326,20
single: stride_time_cv_pct,SiPt02,Si,1,0.5477580911506872,20
single: stride_time_cv_pct,SiPt04,Si,1,0.5554049181859331,20
single: stride_time_cv_pct,SiPt05,Si,1,0.8166064242611674,20
single: stride_time_cv_pct,SiPt07,Si,1,0.5509961897984226,20
single: stride_time_cv_pct,SiPt08,Si,1,0.565253804634248,20
single: stride_time_cv_pct,SiPt09,Si,1,0.6251652110583955,20
single: stride_time_cv_pct,SiPt10,Si,1,0.7021611822820618,20
single: stride_time_cv_pct,SiPt12,Si,1,0.6517627087928604,20
single: stride_time_cv_pct,SiPt13,Si,1,0.4389199248930772,20
single: stride_time_cv_pct,SiPt14,Si,1,0.5738544988594849,20
single: stride_time_cv_pct,SiPt15,Si,1,0.5874120310168334,20
single: stride_time_cv_pct,SiPt16,Si,1,0.5035227054056766,20
single: stride_time_cv_pct,SiPt17,Si,1,0.38819409019800827,20
single: stride_time_cv_pct,SiPt18,Si,1,0.5114294557940198,20
single: stride_time_cv_pct,SiPt19,Si,1,0.4433447542328922,20
single: stride_time_cv_pct,SiPt20,Si,1,0.44740628994642684,20
single: stride_time_cv_pct,SiPt21,Si,1,0.4326849314929442,20
single: stride_time_cv_pct,SiPt22,Si,1,0.5188581869482537,20
single: stride_time_cv_pct,SiPt23,Si,1,0.4786858939918611,20
single: stride_time_cv_pct,SiPt24,Si,1,0.5066689055597563,20
single: stride_time_cv_pct,SiPt25,Si,1,0.6024833447090188,20
single: stride_time_cv_pct,SiPt27,Si,1,0.5824847973151749,20
single: stride_time_cv_pct,SiPt28,Si,1,0.6095400246613141,20
single: stride_time_cv_pct,SiPt29,Si,1,0.5626560913691072,20
single: stride_time_cv_pct,SiPt30,Si,1,0.6581039905050733,20
single: stride_time_cv_pct,SiPt31,Si,1,0.5479632739286142,20
single: stride_time_cv_pct,SiPt32,Si,1,0.6208941871141926,20
single: stride_time_cv_pct,SiPt33,Si,1,0.5774486597179292,20
single: stride_time_cv_pct,SiPt34,Si,1,0.6417854947817293,20
single: stride_time_cv_pct,SiPt35,Si,1,0.5337587821825134,20
single: stride_time_cv_pct,SiPt36,Si,1,0.538832205548381,20
single: stride_time_cv_pct,SiPt37,Si,1,0.6796060552891531,20
single: stride_time_cv_pct,SiPt38,Si,1,0.5216374409679922,20
single: stride_time_cv_pct,SiPt39,Si,1,0.4265636290435011,20
single: stride_time_cv_pct,SiPt40,Si,1,0.5436715897790627,20
single: swing_time_cv_pct,GaCo01,Ga,0,0.5920396321181101,20
single: swing_time_cv_pct,GaCo02,Ga,0,0.4336416984021355,20
single: swing_time_cv_pct,GaCo03,Ga,0,0.6494632581986242,20
single: swing_time_cv_pct,GaCo04,Ga,0,0.4850139383410902,20
single: swing_time_cv_pct,GaCo05,Ga,0,0.7566966406687197,20
single: swing_time_cv_pct,GaCo06,Ga,0,0.6719770656836903,20
single: swing_time_cv_pct,GaCo07,Ga,0,0.7473851671666376,20
single: swing_time_cv_pct,GaCo08,Ga,0,0.6350879042339386,20
single: swing_time_cv_pct,GaCo09,Ga,0,0.46685186843592696,20
single: swing_time_cv_pct,GaCo10,Ga,0,0.4122670188212111,20
single: swing_time_cv_pct,GaCo11,Ga,0,0.6565360630189165,20
single: swing_time_cv_pct,GaCo12,Ga,0,0.38082755484523895,20
single: swing_time_cv_pct,GaCo13,Ga,0,0.6353961865756257,20
single: swing_time_cv_pct,GaCo14,Ga,0,0.5586774882782248,20
single: swing_time_cv_pct,GaCo15,Ga,0,0.4160688862299791,20
single: swing_time_cv_pct,GaCo16,Ga,0,0.6389167291790858,20
single: swing_time_cv_pct,GaCo17,Ga,0,0.42381883619396926,20
single: swing_time_cv_pct,GaCo22,Ga,0,0.707166093403007,20
single: swing_time_cv_pct,GaPt03,Ga,1,0.9605645790862709,20
single: swing_time_cv_pct,GaPt04,Ga,1,0.6559112659282859,20
single: swing_time_cv_pct,GaPt05,Ga,1,0.7646737235977382,20
single: swing_time_cv_pct,GaPt06,Ga,1,0.6340256918995604,20
single: swing_time_cv_pct,GaPt07,Ga,1,0.9786287064220595,20
single: swing_time_cv_pct,GaPt08,Ga,1,0.6642151683289512,20
single: swing_time_cv_pct,GaPt09,Ga,1,0.6946231173295636,20
single: swing_time_cv_pct,GaPt12,Ga,1,0.636545745717469,20
single: swing_time_cv_pct,GaPt13,Ga,1,0.6871627825342135,20
single: swing_time_cv_pct,GaPt14,Ga,1,0.5629327199076258,20
single: swing_time_cv_pct,GaPt15,Ga,1,0.729945347862368,20
single: swing_time_cv_pct,GaPt16,Ga,1,0.306912380682484,20
single: swing_time_cv_pct,GaPt17,Ga,1,0.8148757014217892,20
single: swing_time_cv_pct,GaPt18,Ga,1,0.8400667240035018,20
single: swing_time_cv_pct,GaPt19,Ga,1,0.6007749850097038,20
single: swing_time_cv_pct,GaPt20,Ga,1,0.5483428355885349,20
single: swing_time_cv_pct,GaPt21,Ga,1,0.5935998019480089,20
single: swing_time_cv_pct,GaPt22,Ga,1,0.5315863804632592,20
single: swing_time_cv_pct,GaPt23,Ga,1,0.8330172544757739,20
single: swing_time_cv_pct,GaPt24,Ga,1,0.6778058034331992,20
single: swing_time_cv_pct,GaPt25,Ga,1,0.6253239594371202,20
single: swing_time_cv_pct,GaPt26,Ga,1,0.6991731479841332,20
single: swing_time_cv_pct,GaPt27,Ga,1,0.6031362132214229,20
single: swing_time_cv_pct,GaPt28,Ga,1,0.7270049393350467,20
single: swing_time_cv_pct,GaPt29,Ga,1,0.5849861619039193,20
single: swing_time_cv_pct,GaPt30,Ga,1,0.7689466634589786,20
single: swing_time_cv_pct,GaPt31,Ga,1,0.715580174974488,20
single: swing_time_cv_pct,GaPt32,Ga,1,0.584952872782269,20
single: swing_time_cv_pct,GaPt33,Ga,1,0.641309858169113,20
single: swing_time_cv_pct,JuCo01,Ju,0,0.6061576186936442,20
single: swing_time_cv_pct,JuCo02,Ju,0,0.5126228779735121,20
single: swing_time_cv_pct,JuCo03,Ju,0,0.3432861997258521,20
single: swing_time_cv_pct,JuCo04,Ju,0,0.7416793209684671,20
single: swing_time_cv_pct,JuCo05,Ju,0,0.40319332814844655,20
single: swing_time_cv_pct,JuCo06,Ju,0,0.5150007360745124,20
single: swing_time_cv_pct,JuCo07,Ju,0,0.5543661236370567,20
single: swing_time_cv_pct,JuCo08,Ju,0,0.5385165846464345,20
single: swing_time_cv_pct,JuCo09,Ju,0,0.5152468085300094,20
single: swing_time_cv_pct,JuCo11,Ju,0,0.35667733581526356,20
single: swing_time_cv_pct,JuCo12,Ju,0,0.45597850463301687,20
single: swing_time_cv_pct,JuCo13,Ju,0,0.6091963423857785,20
single: swing_time_cv_pct,JuCo14,Ju,0,0.46647940360286155,20
single: swing_time_cv_pct,JuCo15,Ju,0,0.32360836021104206,20
single: swing_time_cv_pct,JuCo16,Ju,0,0.7341635266575033,20
single: swing_time_cv_pct,JuCo17,Ju,0,0.5132849818868342,20
single: swing_time_cv_pct,JuCo18,Ju,0,0.635151304794037,20
single: swing_time_cv_pct,JuCo19,Ju,0,0.6722828908590315,20
single: swing_time_cv_pct,JuCo20,Ju,0,0.760676002384097,20
single: swing_time_cv_pct,JuCo21,Ju,0,0.44984671064701753,20
single: swing_time_cv_pct,JuCo22,Ju,0,0.6193275889109557,20
single: swing_time_cv_pct,JuCo23,Ju,0,0.6192995947225072,20
single: swing_time_cv_pct,JuCo24,Ju,0,0.8285365443127752,20
single: swing_time_cv_pct,JuCo25,Ju,0,0.5737207496720377,20
single: swing_time_cv_pct,JuCo26,Ju,0,0.42124588948807906,20
single: swing_time_cv_pct,JuPt01,Ju,1,0.41392861240209866,20
single: swing_time_cv_pct,JuPt02,Ju,1,0.7473807216847843,20
single: swing_time_cv_pct,JuPt03,Ju,1,0.3211526044971157,20
single: swing_time_cv_pct,JuPt04,Ju,1,0.757782324655628,20
single: swing_time_cv_pct,JuPt05,Ju,1,0.37026409504010865,20
single: swing_time_cv_pct,JuPt06,Ju,1,0.570865253235648,20
single: swing_time_cv_pct,JuPt07,Ju,1,0.4791500868977785,20
single: swing_time_cv_pct,JuPt08,Ju,1,0.5226818577877814,20
single: swing_time_cv_pct,JuPt09,Ju,1,0.7110276864210457,20
single: swing_time_cv_pct,JuPt10,Ju,1,0.6810024870975109,20
single: swing_time_cv_pct,JuPt11,Ju,1,0.6403279040473852,20
single: swing_time_cv_pct,JuPt12,Ju,1,0.6427611809993077,20
single: swing_time_cv_pct,JuPt13,Ju,1,0.9586998552487958,20
single: swing_time_cv_pct,JuPt14,Ju,1,0.5077719542185267,20
single: swing_time_cv_pct,JuPt15,Ju,1,0.4345160012933539,20
single: swing_time_cv_pct,JuPt16,Ju,1,0.4605334448694812,20
single: swing_time_cv_pct,JuPt17,Ju,1,0.4640836241606164,20
single: swing_time_cv_pct,JuPt18,Ju,1,0.901748383949373,20
single: swing_time_cv_pct,JuPt19,Ju,1,0.6195409506072702,20
single: swing_time_cv_pct,JuPt20,Ju,1,0.6781104479133353,20
single: swing_time_cv_pct,JuPt21,Ju,1,0.7931306370192591,20
single: swing_time_cv_pct,JuPt22,Ju,1,0.5558578906621371,20
single: swing_time_cv_pct,JuPt23,Ju,1,0.4895038679351501,20
single: swing_time_cv_pct,JuPt24,Ju,1,0.537294328395397,20
single: swing_time_cv_pct,JuPt25,Ju,1,0.8395769312837041,20
single: swing_time_cv_pct,JuPt26,Ju,1,0.5191320984532761,20
single: swing_time_cv_pct,JuPt27,Ju,1,0.6670348516814877,20
single: swing_time_cv_pct,JuPt28,Ju,1,0.6486136052253273,20
single: swing_time_cv_pct,JuPt29,Ju,1,0.4683345431651483,20
single: swing_time_cv_pct,SiCo01,Si,0,0.30305319805500996,20
single: swing_time_cv_pct,SiCo03,Si,0,0.3251643338971632,20
single: swing_time_cv_pct,SiCo04,Si,0,0.6118260178555194,20
single: swing_time_cv_pct,SiCo05,Si,0,0.5691436233358917,20
single: swing_time_cv_pct,SiCo06,Si,0,0.32097624054109375,20
single: swing_time_cv_pct,SiCo07,Si,0,0.4887983849026941,20
single: swing_time_cv_pct,SiCo08,Si,0,0.5628216095295375,20
single: swing_time_cv_pct,SiCo09,Si,0,0.4459970951642361,20
single: swing_time_cv_pct,SiCo10,Si,0,0.29671416934186445,20
single: swing_time_cv_pct,SiCo11,Si,0,0.4749295473072159,20
single: swing_time_cv_pct,SiCo12,Si,0,0.819243214913076,20
single: swing_time_cv_pct,SiCo13,Si,0,0.5317843825812808,20
single: swing_time_cv_pct,SiCo14,Si,0,0.7050933950168913,20
single: swing_time_cv_pct,SiCo15,Si,0,0.36392358385976986,20
single: swing_time_cv_pct,SiCo16,Si,0,0.6700178897234845,20
single: swing_time_cv_pct,SiCo17,Si,0,0.3990886050805309,20
single: swing_time_cv_pct,SiCo18,Si,0,0.5902650844433395,20
single: swing_time_cv_pct,SiCo19,Si,0,0.26268104404086823,20
single: swing_time_cv_pct,SiCo20,Si,0,0.49352684056942797,20
single: swing_time_cv_pct,SiCo21,Si,0,0.29390482760897835,20
single: swing_time_cv_pct,SiCo22,Si,0,0.4364772451302138,20
single: swing_time_cv_pct,SiCo23,Si,0,0.3351561227151348,20
single: swing_time_cv_pct,SiCo24,Si,0,0.33662704317509606,20
single: swing_time_cv_pct,SiCo25,Si,0,0.3692445254058891,20
single: swing_time_cv_pct,SiCo26,Si,0,0.34363506963243806,20
single: swing_time_cv_pct,SiCo27,Si,0,0.30469772175188525,20
single: swing_time_cv_pct,SiCo28,Si,0,0.3664617733773984,20
single: swing_time_cv_pct,SiCo29,Si,0,0.4432621314239585,20
single: swing_time_cv_pct,SiCo30,Si,0,0.44425025126925677,20
single: swing_time_cv_pct,SiPt02,Si,1,0.6829677169809105,20
single: swing_time_cv_pct,SiPt04,Si,1,0.40595153500812087,20
single: swing_time_cv_pct,SiPt05,Si,1,0.8049080115117645,20
single: swing_time_cv_pct,SiPt07,Si,1,0.49959833928282693,20
single: swing_time_cv_pct,SiPt08,Si,1,0.7397055295393672,20
single: swing_time_cv_pct,SiPt09,Si,1,0.5907243159044723,20
single: swing_time_cv_pct,SiPt10,Si,1,0.6163179003550295,20
single: swing_time_cv_pct,SiPt12,Si,1,0.6147367072967368,20
single: swing_time_cv_pct,SiPt13,Si,1,0.42454886373326967,20
single: swing_time_cv_pct,SiPt14,Si,1,0.33208650838662035,20
single: swing_time_cv_pct,SiPt15,Si,1,0.5068999467357208,20
single: swing_time_cv_pct,SiPt16,Si,1,0.4313681611321793,20
single: swing_time_cv_pct,SiPt17,Si,1,0.5445592835165194,20
single: swing_time_cv_pct,SiPt18,Si,1,0.7193366486636676,20
single: swing_time_cv_pct,SiPt19,Si,1,0.8504272204283054,20
single: swing_time_cv_pct,SiPt20,Si,1,0.35927043861691904,20
single: swing_time_cv_pct,SiPt21,Si,1,0.5173535753796517,20
single: swing_time_cv_pct,SiPt22,Si,1,0.6470305629501628,20
single: swing_time_cv_pct,SiPt23,Si,1,0.3607018739227381,20
single: swing_time_cv_pct,SiPt24,Si,1,0.5427589057589004,20
single: swing_time_cv_pct,SiPt25,Si,1,0.4395643238471254,20
single: swing_time_cv_pct,SiPt27,Si,1,0.5611651773630552,20
single: swing_time_cv_pct,SiPt28,Si,1,0.3578983557904577,20
single: swing_time_cv_pct,SiPt29,Si,1,0.6481953232953785,20
single: swing_time_cv_pct,SiPt30,Si,1,0.31463266033224524,20
single: swing_time_cv_pct,SiPt31,Si,1,0.4640190029700314,20
single: swing_time_cv_pct,SiPt32,Si,1,0.5313412551878327,20
single: swing_time_cv_pct,SiPt33,Si,1,0.534449067687211,20
single: swing_time_cv_pct,SiPt34,Si,1,0.44992546206632145,20
single: swing_time_cv_pct,SiPt35,Si,1,0.6234436384818651,20
single: swing_time_cv_pct,SiPt36,Si,1,0.6475650684716294,20
single: swing_time_cv_pct,SiPt37,Si,1,0.7428057419627696,20
single: swing_time_cv_pct,SiPt38,Si,1,0.42908966533365617,20
single: swing_time_cv_pct,SiPt39,Si,1,0.5891453134046956,20
single: swing_time_cv_pct,SiPt40,Si,1,0.43526610405876226,20
single: swing_pct_mean,GaCo01,Ga,0,0.33910984318103937,20
single: swing_pct_mean,GaCo02,Ga,0,0.46747179060655436,20
single: swing_pct_mean,GaCo03,Ga,0,0.7089000027974761,20
single: swing_pct_mean,GaCo04,Ga,0,0.46135674322334247,20
single: swing_pct_mean,GaCo05,Ga,0,0.8099280666544502,20
single: swing_pct_mean,GaCo06,Ga,0,0.3274693836625923,20
single: swing_pct_mean,GaCo07,Ga,0,0.32192655074442067,20
single: swing_pct_mean,GaCo08,Ga,0,0.443773288926558,20
single: swing_pct_mean,GaCo09,Ga,0,0.3540094602331002,20
single: swing_pct_mean,GaCo10,Ga,0,0.39098668894671496,20
single: swing_pct_mean,GaCo11,Ga,0,0.6016185992754182,20
single: swing_pct_mean,GaCo12,Ga,0,0.29838867517264267,20
single: swing_pct_mean,GaCo13,Ga,0,0.661812816644027,20
single: swing_pct_mean,GaCo14,Ga,0,0.14595899566976897,20
single: swing_pct_mean,GaCo15,Ga,0,0.28773900357123067,20
single: swing_pct_mean,GaCo16,Ga,0,0.32765473987536853,20
single: swing_pct_mean,GaCo17,Ga,0,0.1296558436603533,20
single: swing_pct_mean,GaCo22,Ga,0,0.4831459284619747,20
single: swing_pct_mean,GaPt03,Ga,1,0.9477982917306169,20
single: swing_pct_mean,GaPt04,Ga,1,0.9200130911644934,20
single: swing_pct_mean,GaPt05,Ga,1,0.6746982340384498,20
single: swing_pct_mean,GaPt06,Ga,1,0.843599151458353,20
single: swing_pct_mean,GaPt07,Ga,1,0.9259483474714493,20
single: swing_pct_mean,GaPt08,Ga,1,0.5443334294190225,20
single: swing_pct_mean,GaPt09,Ga,1,0.6847085236083754,20
single: swing_pct_mean,GaPt12,Ga,1,0.5946083533585425,20
single: swing_pct_mean,GaPt13,Ga,1,0.9224131070642262,20
single: swing_pct_mean,GaPt14,Ga,1,0.3830035525751597,20
single: swing_pct_mean,GaPt15,Ga,1,0.43426165068233324,20
single: swing_pct_mean,GaPt16,Ga,1,0.6132560602085987,20
single: swing_pct_mean,GaPt17,Ga,1,0.8281539605021235,20
single: swing_pct_mean,GaPt18,Ga,1,0.8101370190763368,20
single: swing_pct_mean,GaPt19,Ga,1,0.8426357695066062,20
single: swing_pct_mean,GaPt20,Ga,1,0.7182823865735065,20
single: swing_pct_mean,GaPt21,Ga,1,0.42853923117125287,20
single: swing_pct_mean,GaPt22,Ga,1,0.548134585801622,20
single: swing_pct_mean,GaPt23,Ga,1,0.9935887879762,20
single: swing_pct_mean,GaPt24,Ga,1,0.38348182815139464,20
single: swing_pct_mean,GaPt25,Ga,1,0.7224857193736313,20
single: swing_pct_mean,GaPt26,Ga,1,0.7655726831672914,20
single: swing_pct_mean,GaPt27,Ga,1,0.7566664685622397,20
single: swing_pct_mean,GaPt28,Ga,1,0.9058240732417806,20
single: swing_pct_mean,GaPt29,Ga,1,0.7314336294236188,20
single: swing_pct_mean,GaPt30,Ga,1,0.884432783666605,20
single: swing_pct_mean,GaPt31,Ga,1,0.7737322217993798,20
single: swing_pct_mean,GaPt32,Ga,1,0.5195281035413453,20
single: swing_pct_mean,GaPt33,Ga,1,0.975129024666607,20
single: swing_pct_mean,JuCo01,Ju,0,0.5350670166624361,20
single: swing_pct_mean,JuCo02,Ju,0,0.5838368532148415,20
single: swing_pct_mean,JuCo03,Ju,0,0.3299465684145074,20
single: swing_pct_mean,JuCo04,Ju,0,0.3824400943180283,20
single: swing_pct_mean,JuCo05,Ju,0,0.2638626176746683,20
single: swing_pct_mean,JuCo06,Ju,0,0.6780998835532783,20
single: swing_pct_mean,JuCo07,Ju,0,0.4308929239456581,20
single: swing_pct_mean,JuCo08,Ju,0,0.3558032412249339,20
single: swing_pct_mean,JuCo09,Ju,0,0.3772599753364918,20
single: swing_pct_mean,JuCo11,Ju,0,0.23871425935341956,20
single: swing_pct_mean,JuCo12,Ju,0,0.43614392165946353,20
single: swing_pct_mean,JuCo13,Ju,0,0.42446802839375675,20
single: swing_pct_mean,JuCo14,Ju,0,0.6578877506066089,20
single: swing_pct_mean,JuCo15,Ju,0,0.4821541440262319,20
single: swing_pct_mean,JuCo16,Ju,0,0.2712460723084055,20
single: swing_pct_mean,JuCo17,Ju,0,0.2888733052842064,20
single: swing_pct_mean,JuCo18,Ju,0,0.48854044871059604,20
single: swing_pct_mean,JuCo19,Ju,0,0.40031620261141604,20
single: swing_pct_mean,JuCo20,Ju,0,0.5798381920793603,20
single: swing_pct_mean,JuCo21,Ju,0,0.6684123609622743,20
single: swing_pct_mean,JuCo22,Ju,0,0.5971166242031993,20
single: swing_pct_mean,JuCo23,Ju,0,0.4730196400103863,20
single: swing_pct_mean,JuCo24,Ju,0,0.3980810113793413,20
single: swing_pct_mean,JuCo25,Ju,0,0.4584511175311986,20
single: swing_pct_mean,JuCo26,Ju,0,0.34302714536719914,20
single: swing_pct_mean,JuPt01,Ju,1,0.3348358010025533,20
single: swing_pct_mean,JuPt02,Ju,1,0.8508893282919348,20
single: swing_pct_mean,JuPt03,Ju,1,0.5945701728013009,20
single: swing_pct_mean,JuPt04,Ju,1,0.9322129395043091,20
single: swing_pct_mean,JuPt05,Ju,1,0.09989761378979374,20
single: swing_pct_mean,JuPt06,Ju,1,0.7925765942666796,20
single: swing_pct_mean,JuPt07,Ju,1,0.37585897470198326,20
single: swing_pct_mean,JuPt08,Ju,1,0.5052978561033215,20
single: swing_pct_mean,JuPt09,Ju,1,0.8330791842276009,20
single: swing_pct_mean,JuPt10,Ju,1,0.645523266742653,20
single: swing_pct_mean,JuPt11,Ju,1,0.7667434530676498,20
single: swing_pct_mean,JuPt12,Ju,1,0.8634327972674807,20
single: swing_pct_mean,JuPt13,Ju,1,0.9112583835657997,20
single: swing_pct_mean,JuPt14,Ju,1,0.6296499591483637,20
single: swing_pct_mean,JuPt15,Ju,1,0.5120518639083029,20
single: swing_pct_mean,JuPt16,Ju,1,0.5256409485562006,20
single: swing_pct_mean,JuPt17,Ju,1,0.5177471318781774,20
single: swing_pct_mean,JuPt18,Ju,1,0.9595984370315447,20
single: swing_pct_mean,JuPt19,Ju,1,0.506851025433142,20
single: swing_pct_mean,JuPt20,Ju,1,0.45616150830487995,20
single: swing_pct_mean,JuPt21,Ju,1,0.9468941938448001,20
single: swing_pct_mean,JuPt22,Ju,1,0.3772373511729189,20
single: swing_pct_mean,JuPt23,Ju,1,0.3594851451881764,20
single: swing_pct_mean,JuPt24,Ju,1,0.4793969293069601,20
single: swing_pct_mean,JuPt25,Ju,1,0.7223844139578539,20
single: swing_pct_mean,JuPt26,Ju,1,0.7224185450916127,20
single: swing_pct_mean,JuPt27,Ju,1,0.4691756872803857,20
single: swing_pct_mean,JuPt28,Ju,1,0.6221795976339837,20
single: swing_pct_mean,JuPt29,Ju,1,0.4590545750882427,20
single: swing_pct_mean,SiCo01,Si,0,0.5424532753387956,20
single: swing_pct_mean,SiCo03,Si,0,0.3082147060507376,20
single: swing_pct_mean,SiCo04,Si,0,0.41731851964784433,20
single: swing_pct_mean,SiCo05,Si,0,0.6613944912250236,20
single: swing_pct_mean,SiCo06,Si,0,0.3846802652585815,20
single: swing_pct_mean,SiCo07,Si,0,0.23940941493537232,20
single: swing_pct_mean,SiCo08,Si,0,0.49376767503502617,20
single: swing_pct_mean,SiCo09,Si,0,0.3666035546354093,20
single: swing_pct_mean,SiCo10,Si,0,0.28675451821663545,20
single: swing_pct_mean,SiCo11,Si,0,0.34484254865472613,20
single: swing_pct_mean,SiCo12,Si,0,0.7876234113651677,20
single: swing_pct_mean,SiCo13,Si,0,0.4524832816387809,20
single: swing_pct_mean,SiCo14,Si,0,0.9462208209476636,20
single: swing_pct_mean,SiCo15,Si,0,0.6829119737724116,20
single: swing_pct_mean,SiCo16,Si,0,0.8751409065441452,20
single: swing_pct_mean,SiCo17,Si,0,0.6087041096241099,20
single: swing_pct_mean,SiCo18,Si,0,0.45063289831908204,20
single: swing_pct_mean,SiCo19,Si,0,0.5097732112823591,20
single: swing_pct_mean,SiCo20,Si,0,0.5937374845217487,20
single: swing_pct_mean,SiCo21,Si,0,0.5355896986724296,20
single: swing_pct_mean,SiCo22,Si,0,0.5721705392526995,20
single: swing_pct_mean,SiCo23,Si,0,0.48876706603780234,20
single: swing_pct_mean,SiCo24,Si,0,0.4903607416010205,20
single: swing_pct_mean,SiCo25,Si,0,0.47724820794801665,20
single: swing_pct_mean,SiCo26,Si,0,0.5386690847734962,20
single: swing_pct_mean,SiCo27,Si,0,0.52072878601096,20
single: swing_pct_mean,SiCo28,Si,0,0.712873826944785,20
single: swing_pct_mean,SiCo29,Si,0,0.395485365193946,20
single: swing_pct_mean,SiCo30,Si,0,0.456527017477633,20
single: swing_pct_mean,SiPt02,Si,1,0.8740303091835895,20
single: swing_pct_mean,SiPt04,Si,1,0.16957691748726747,20
single: swing_pct_mean,SiPt05,Si,1,0.4373762136147118,20
single: swing_pct_mean,SiPt07,Si,1,0.3149522527390398,20
single: swing_pct_mean,SiPt08,Si,1,0.4622531010683269,20
single: swing_pct_mean,SiPt09,Si,1,0.485914830828112,20
single: swing_pct_mean,SiPt10,Si,1,0.4508997651190211,20
single: swing_pct_mean,SiPt12,Si,1,0.6107669580998623,20
single: swing_pct_mean,SiPt13,Si,1,0.5491566238540877,20
single: swing_pct_mean,SiPt14,Si,1,0.44374398166380785,20
single: swing_pct_mean,SiPt15,Si,1,0.6767569183619411,20
single: swing_pct_mean,SiPt16,Si,1,0.5514762954545299,20
single: swing_pct_mean,SiPt17,Si,1,0.5506897665259705,20
single: swing_pct_mean,SiPt18,Si,1,0.7760320626229732,20
single: swing_pct_mean,SiPt19,Si,1,0.6436727767011116,20
single: swing_pct_mean,SiPt20,Si,1,0.5139505293974019,20
single: swing_pct_mean,SiPt21,Si,1,0.6245300302929779,20
single: swing_pct_mean,SiPt22,Si,1,0.7427448579623624,20
single: swing_pct_mean,SiPt23,Si,1,0.4143589817039789,20
single: swing_pct_mean,SiPt24,Si,1,0.3069143815799684,20
single: swing_pct_mean,SiPt25,Si,1,0.5406835549972526,20
single: swing_pct_mean,SiPt27,Si,1,0.707289370337161,20
single: swing_pct_mean,SiPt28,Si,1,0.6762173386055413,20
single: swing_pct_mean,SiPt29,Si,1,0.8305712240846072,20
single: swing_pct_mean,SiPt30,Si,1,0.3212662809470355,20
single: swing_pct_mean,SiPt31,Si,1,0.921766074762675,20
single: swing_pct_mean,SiPt32,Si,1,0.7054843550569022,20
single: swing_pct_mean,SiPt33,Si,1,0.5399952887402668,20
single: swing_pct_mean,SiPt34,Si,1,0.28871107002696206,20
single: swing_pct_mean,SiPt35,Si,1,0.445147797491939,20
single: swing_pct_mean,SiPt36,Si,1,0.7830469745734054,20
single: swing_pct_mean,SiPt37,Si,1,0.6692658056856803,20
single: swing_pct_mean,SiPt38,Si,1,0.6739000276977052,20
single: swing_pct_mean,SiPt39,Si,1,0.8968796852368959,20
single: swing_pct_mean,SiPt40,Si,1,0.7092125426978119,20
single: stride_time_asymmetry_pct,GaCo01,Ga,0,0.5729780731668435,20
single: stride_time_asymmetry_pct,GaCo02,Ga,0,0.5593715204979056,20
single: stride_time_asymmetry_pct,GaCo03,Ga,0,0.5596429375707117,20
single: stride_time_asymmetry_pct,GaCo04,Ga,0,0.5555515220860764,20
single: stride_time_asymmetry_pct,GaCo05,Ga,0,0.5661016578905803,20
single: stride_time_asymmetry_pct,GaCo06,Ga,0,0.5649822913228374,20
single: stride_time_asymmetry_pct,GaCo07,Ga,0,0.5752496912871539,20
single: stride_time_asymmetry_pct,GaCo08,Ga,0,0.5687448023125989,20
single: stride_time_asymmetry_pct,GaCo09,Ga,0,0.5612777600830725,20
single: stride_time_asymmetry_pct,GaCo10,Ga,0,0.5905222970011773,20
single: stride_time_asymmetry_pct,GaCo11,Ga,0,0.5568751768297944,20
single: stride_time_asymmetry_pct,GaCo12,Ga,0,0.563512329686785,20
single: stride_time_asymmetry_pct,GaCo13,Ga,0,0.5719835173958534,20
single: stride_time_asymmetry_pct,GaCo14,Ga,0,0.5614432799123048,20
single: stride_time_asymmetry_pct,GaCo15,Ga,0,0.5554745706960087,20
single: stride_time_asymmetry_pct,GaCo16,Ga,0,0.6126920382003682,20
single: stride_time_asymmetry_pct,GaCo17,Ga,0,0.5505944956678774,20
single: stride_time_asymmetry_pct,GaCo22,Ga,0,0.531129333443414,20
single: stride_time_asymmetry_pct,GaPt03,Ga,1,0.5720363490503175,20
single: stride_time_asymmetry_pct,GaPt04,Ga,1,0.5662837085274477,20
single: stride_time_asymmetry_pct,GaPt05,Ga,1,0.570081129046765,20
single: stride_time_asymmetry_pct,GaPt06,Ga,1,0.5668039027836427,20
single: stride_time_asymmetry_pct,GaPt07,Ga,1,0.5539628832227799,20
single: stride_time_asymmetry_pct,GaPt08,Ga,1,0.5651241462546259,20
single: stride_time_asymmetry_pct,GaPt09,Ga,1,0.5513434514514399,20
single: stride_time_asymmetry_pct,GaPt12,Ga,1,0.5612825193679918,20
single: stride_time_asymmetry_pct,GaPt13,Ga,1,0.5381314313086576,20
single: stride_time_asymmetry_pct,GaPt14,Ga,1,0.5622000651235851,20
single: stride_time_asymmetry_pct,GaPt15,Ga,1,0.565236646835613,20
single: stride_time_asymmetry_pct,GaPt16,Ga,1,0.5698085780547009,20
single: stride_time_asymmetry_pct,GaPt17,Ga,1,0.5695325452465052,20
single: stride_time_asymmetry_pct,GaPt18,Ga,1,0.5679471757978081,20
single: stride_time_asymmetry_pct,GaPt19,Ga,1,0.5548501825353356,20
single: stride_time_asymmetry_pct,GaPt20,Ga,1,0.5706124258604345,20
single: stride_time_asymmetry_pct,GaPt21,Ga,1,0.5651836063714681,20
single: stride_time_asymmetry_pct,GaPt22,Ga,1,0.5723014622837383,20
single: stride_time_asymmetry_pct,GaPt23,Ga,1,0.565763001318434,20
single: stride_time_asymmetry_pct,GaPt24,Ga,1,0.5601375495672405,20
single: stride_time_asymmetry_pct,GaPt25,Ga,1,0.5568624622706996,20
single: stride_time_asymmetry_pct,GaPt26,Ga,1,0.522333412815762,20
single: stride_time_asymmetry_pct,GaPt27,Ga,1,0.5692738161049513,20
single: stride_time_asymmetry_pct,GaPt28,Ga,1,0.5727992271492469,20
single: stride_time_asymmetry_pct,GaPt29,Ga,1,0.570602844231991,20
single: stride_time_asymmetry_pct,GaPt30,Ga,1,0.5505862042456877,20
single: stride_time_asymmetry_pct,GaPt31,Ga,1,0.5571887443317391,20
single: stride_time_asymmetry_pct,GaPt32,Ga,1,0.5718162568183307,20
single: stride_time_asymmetry_pct,GaPt33,Ga,1,0.5672785358797519,20
single: stride_time_asymmetry_pct,JuCo01,Ju,0,0.5637978761967706,20
single: stride_time_asymmetry_pct,JuCo02,Ju,0,0.5513807012062039,20
single: stride_time_asymmetry_pct,JuCo03,Ju,0,0.550334869423815,20
single: stride_time_asymmetry_pct,JuCo04,Ju,0,0.5636350633443972,20
single: stride_time_asymmetry_pct,JuCo05,Ju,0,0.5668509824556519,20
single: stride_time_asymmetry_pct,JuCo06,Ju,0,0.5710913521515202,20
single: stride_time_asymmetry_pct,JuCo07,Ju,0,0.552335661993868,20
single: stride_time_asymmetry_pct,JuCo08,Ju,0,0.5544686790384751,20
single: stride_time_asymmetry_pct,JuCo09,Ju,0,0.5639269005958296,20
single: stride_time_asymmetry_pct,JuCo11,Ju,0,0.5609542009465363,20
single: stride_time_asymmetry_pct,JuCo12,Ju,0,0.565683731569305,20
single: stride_time_asymmetry_pct,JuCo13,Ju,0,0.5647931384471783,20
single: stride_time_asymmetry_pct,JuCo14,Ju,0,0.5865249313690889,20
single: stride_time_asymmetry_pct,JuCo15,Ju,0,0.5633665452781382,20
single: stride_time_asymmetry_pct,JuCo16,Ju,0,0.5708076197397179,20
single: stride_time_asymmetry_pct,JuCo17,Ju,0,0.5693602103774582,20
single: stride_time_asymmetry_pct,JuCo18,Ju,0,0.5623143570273587,20
single: stride_time_asymmetry_pct,JuCo19,Ju,0,0.5671760234649401,20
single: stride_time_asymmetry_pct,JuCo20,Ju,0,0.5625346842468301,20
single: stride_time_asymmetry_pct,JuCo21,Ju,0,0.5547631431779032,20
single: stride_time_asymmetry_pct,JuCo22,Ju,0,0.5576804460313177,20
single: stride_time_asymmetry_pct,JuCo23,Ju,0,0.5726126012908109,20
single: stride_time_asymmetry_pct,JuCo24,Ju,0,0.567521741907143,20
single: stride_time_asymmetry_pct,JuCo25,Ju,0,0.580558780895752,20
single: stride_time_asymmetry_pct,JuCo26,Ju,0,0.5744268930749179,20
single: stride_time_asymmetry_pct,JuPt01,Ju,1,0.5664239898566888,20
single: stride_time_asymmetry_pct,JuPt02,Ju,1,0.5619300963431655,20
single: stride_time_asymmetry_pct,JuPt03,Ju,1,0.5301476258659147,20
single: stride_time_asymmetry_pct,JuPt04,Ju,1,0.5554240663059445,20
single: stride_time_asymmetry_pct,JuPt05,Ju,1,0.5872628422245383,20
single: stride_time_asymmetry_pct,JuPt06,Ju,1,0.5669212120593321,20
single: stride_time_asymmetry_pct,JuPt07,Ju,1,0.559908072839688,20
single: stride_time_asymmetry_pct,JuPt08,Ju,1,0.565744261332488,20
single: stride_time_asymmetry_pct,JuPt09,Ju,1,0.5634070002959628,20
single: stride_time_asymmetry_pct,JuPt10,Ju,1,0.5374886471577764,20
single: stride_time_asymmetry_pct,JuPt11,Ju,1,0.5620529666800637,20
single: stride_time_asymmetry_pct,JuPt12,Ju,1,0.5003618773846472,20
single: stride_time_asymmetry_pct,JuPt13,Ju,1,0.5633418386101335,20
single: stride_time_asymmetry_pct,JuPt14,Ju,1,0.46882599688112014,20
single: stride_time_asymmetry_pct,JuPt15,Ju,1,0.5610237644042878,20
single: stride_time_asymmetry_pct,JuPt16,Ju,1,0.5573136669439018,20
single: stride_time_asymmetry_pct,JuPt17,Ju,1,0.5630359414279255,20
single: stride_time_asymmetry_pct,JuPt18,Ju,1,0.5687820137329604,20
single: stride_time_asymmetry_pct,JuPt19,Ju,1,0.569407469908945,20
single: stride_time_asymmetry_pct,JuPt20,Ju,1,0.5687646173714294,20
single: stride_time_asymmetry_pct,JuPt21,Ju,1,0.5671479281414579,20
single: stride_time_asymmetry_pct,JuPt22,Ju,1,0.579429254135612,20
single: stride_time_asymmetry_pct,JuPt23,Ju,1,0.5796915509969318,20
single: stride_time_asymmetry_pct,JuPt24,Ju,1,0.5713170479842323,20
single: stride_time_asymmetry_pct,JuPt25,Ju,1,0.526045651640449,20
single: stride_time_asymmetry_pct,JuPt26,Ju,1,0.5719066491267195,20
single: stride_time_asymmetry_pct,JuPt27,Ju,1,0.5594996546044797,20
single: stride_time_asymmetry_pct,JuPt28,Ju,1,0.5632819363354985,20
single: stride_time_asymmetry_pct,JuPt29,Ju,1,0.5399534282603217,20
single: stride_time_asymmetry_pct,SiCo01,Si,0,0.5650162741689009,20
single: stride_time_asymmetry_pct,SiCo03,Si,0,0.5861989899423125,20
single: stride_time_asymmetry_pct,SiCo04,Si,0,0.564020970876641,20
single: stride_time_asymmetry_pct,SiCo05,Si,0,0.5590783472619971,20
single: stride_time_asymmetry_pct,SiCo06,Si,0,0.5731713396126796,20
single: stride_time_asymmetry_pct,SiCo07,Si,0,0.579436332400857,20
single: stride_time_asymmetry_pct,SiCo08,Si,0,0.5728478875292102,20
single: stride_time_asymmetry_pct,SiCo09,Si,0,0.5776385328290041,20
single: stride_time_asymmetry_pct,SiCo10,Si,0,0.5709564846537399,20
single: stride_time_asymmetry_pct,SiCo11,Si,0,0.5790966956238172,20
single: stride_time_asymmetry_pct,SiCo12,Si,0,0.5695273813498387,20
single: stride_time_asymmetry_pct,SiCo13,Si,0,0.5734215359033219,20
single: stride_time_asymmetry_pct,SiCo14,Si,0,0.5718547339241236,20
single: stride_time_asymmetry_pct,SiCo15,Si,0,0.5579941878465662,20
single: stride_time_asymmetry_pct,SiCo16,Si,0,0.5849057962119063,20
single: stride_time_asymmetry_pct,SiCo17,Si,0,0.5804352450231365,20
single: stride_time_asymmetry_pct,SiCo18,Si,0,0.5675143650602059,20
single: stride_time_asymmetry_pct,SiCo19,Si,0,0.5622137747096975,20
single: stride_time_asymmetry_pct,SiCo20,Si,0,0.5692356227076225,20
single: stride_time_asymmetry_pct,SiCo21,Si,0,0.5676976397882929,20
single: stride_time_asymmetry_pct,SiCo22,Si,0,0.5701818302003664,20
single: stride_time_asymmetry_pct,SiCo23,Si,0,0.5880822197505146,20
single: stride_time_asymmetry_pct,SiCo24,Si,0,0.5689001855236835,20
single: stride_time_asymmetry_pct,SiCo25,Si,0,0.5756330310371786,20
single: stride_time_asymmetry_pct,SiCo26,Si,0,0.5774581486365161,20
single: stride_time_asymmetry_pct,SiCo27,Si,0,0.5826709884481988,20
single: stride_time_asymmetry_pct,SiCo28,Si,0,0.5918607255922546,20
single: stride_time_asymmetry_pct,SiCo29,Si,0,0.5799467867198572,20
single: stride_time_asymmetry_pct,SiCo30,Si,0,0.5812914631558681,20
single: stride_time_asymmetry_pct,SiPt02,Si,1,0.5679936434512411,20
single: stride_time_asymmetry_pct,SiPt04,Si,1,0.4744714892392576,20
single: stride_time_asymmetry_pct,SiPt05,Si,1,0.5721961507539585,20
single: stride_time_asymmetry_pct,SiPt07,Si,1,0.5783896949073484,20
single: stride_time_asymmetry_pct,SiPt08,Si,1,0.5648686474340365,20
single: stride_time_asymmetry_pct,SiPt09,Si,1,0.5651079724222594,20
single: stride_time_asymmetry_pct,SiPt10,Si,1,0.5588559585084069,20
single: stride_time_asymmetry_pct,SiPt12,Si,1,0.5759020178624055,20
single: stride_time_asymmetry_pct,SiPt13,Si,1,0.566602541560377,20
single: stride_time_asymmetry_pct,SiPt14,Si,1,0.5527563254720688,20
single: stride_time_asymmetry_pct,SiPt15,Si,1,0.5658563339107199,20
single: stride_time_asymmetry_pct,SiPt16,Si,1,0.568178111976036,20
single: stride_time_asymmetry_pct,SiPt17,Si,1,0.5679769709645978,20
single: stride_time_asymmetry_pct,SiPt18,Si,1,0.575753104791797,20
single: stride_time_asymmetry_pct,SiPt19,Si,1,0.5739562791433328,20
single: stride_time_asymmetry_pct,SiPt20,Si,1,0.5745953948005005,20
single: stride_time_asymmetry_pct,SiPt21,Si,1,0.5743144950345698,20
single: stride_time_asymmetry_pct,SiPt22,Si,1,0.5677220035833639,20
single: stride_time_asymmetry_pct,SiPt23,Si,1,0.5729132832223138,20
single: stride_time_asymmetry_pct,SiPt24,Si,1,0.5556003121089319,20
single: stride_time_asymmetry_pct,SiPt25,Si,1,0.5471858124479178,20
single: stride_time_asymmetry_pct,SiPt27,Si,1,0.5632131291223202,20
single: stride_time_asymmetry_pct,SiPt28,Si,1,0.5733246275617944,20
single: stride_time_asymmetry_pct,SiPt29,Si,1,0.5646968475346577,20
single: stride_time_asymmetry_pct,SiPt30,Si,1,0.5685985257917529,20
single: stride_time_asymmetry_pct,SiPt31,Si,1,0.5637500589629106,20
single: stride_time_asymmetry_pct,SiPt32,Si,1,0.5383560953088702,20
single: stride_time_asymmetry_pct,SiPt33,Si,1,0.5557916524094341,20
single: stride_time_asymmetry_pct,SiPt34,Si,1,0.5545067507737544,20
single: stride_time_asymmetry_pct,SiPt35,Si,1,0.5170937938730906,20
single: stride_time_asymmetry_pct,SiPt36,Si,1,0.5678888228839127,20
single: stride_time_asymmetry_pct,SiPt37,Si,1,0.5481365751989352,20
single: stride_time_asymmetry_pct,SiPt38,Si,1,0.5792496432193167,20
single: stride_time_asymmetry_pct,SiPt39,Si,1,0.5642137235118304,20
single: stride_time_asymmetry_pct,SiPt40,Si,1,0.5772496063801716,20
single: swing_time_asymmetry_pct,GaCo01,Ga,0,0.39557799417521816,20
single: swing_time_asymmetry_pct,GaCo02,Ga,0,0.28481037208755466,20
single: swing_time_asymmetry_pct,GaCo03,Ga,0,0.8345672728553091,20
single: swing_time_asymmetry_pct,GaCo04,Ga,0,0.5735724739698191,20
single: swing_time_asymmetry_pct,GaCo05,Ga,0,0.26065616638075706,20
single: swing_time_asymmetry_pct,GaCo06,Ga,0,0.25417610074685576,20
single: swing_time_asymmetry_pct,GaCo07,Ga,0,0.7434241213083901,20
single: swing_time_asymmetry_pct,GaCo08,Ga,0,0.5354012258863211,20
single: swing_time_asymmetry_pct,GaCo09,Ga,0,0.17017768988318255,20
single: swing_time_asymmetry_pct,GaCo10,Ga,0,0.33795526847293045,20
single: swing_time_asymmetry_pct,GaCo11,Ga,0,0.707629278401629,20
single: swing_time_asymmetry_pct,GaCo12,Ga,0,0.550017029467606,20
single: swing_time_asymmetry_pct,GaCo13,Ga,0,0.46734748547093313,20
single: swing_time_asymmetry_pct,GaCo14,Ga,0,0.585454222243277,20
single: swing_time_asymmetry_pct,GaCo15,Ga,0,0.36674652975331823,20
single: swing_time_asymmetry_pct,GaCo16,Ga,0,0.3937351148886543,20
single: swing_time_asymmetry_pct,GaCo17,Ga,0,0.255446803519428,20
single: swing_time_asymmetry_pct,GaCo22,Ga,0,0.32174990245202234,20
single: swing_time_asymmetry_pct,GaPt03,Ga,1,0.6651758090702762,20
single: swing_time_asymmetry_pct,GaPt04,Ga,1,0.7976535745350042,20
single: swing_time_asymmetry_pct,GaPt05,Ga,1,0.8040503294359287,20
single: swing_time_asymmetry_pct,GaPt06,Ga,1,0.80369450029504,20
single: swing_time_asymmetry_pct,GaPt07,Ga,1,0.8516978734495687,20
single: swing_time_asymmetry_pct,GaPt08,Ga,1,0.7172192607773872,20
single: swing_time_asymmetry_pct,GaPt09,Ga,1,0.32747223593858876,20
single: swing_time_asymmetry_pct,GaPt12,Ga,1,0.5721367581699892,20
single: swing_time_asymmetry_pct,GaPt13,Ga,1,0.7430545972032662,20
single: swing_time_asymmetry_pct,GaPt14,Ga,1,0.7053348954494374,20
single: swing_time_asymmetry_pct,GaPt15,Ga,1,0.7465601883657778,20
single: swing_time_asymmetry_pct,GaPt16,Ga,1,0.6610231549088029,20
single: swing_time_asymmetry_pct,GaPt17,Ga,1,0.8195869242667149,20
single: swing_time_asymmetry_pct,GaPt18,Ga,1,0.8106865376381815,20
single: swing_time_asymmetry_pct,GaPt19,Ga,1,0.203919248633133,20
single: swing_time_asymmetry_pct,GaPt20,Ga,1,0.6179974592346753,20
single: swing_time_asymmetry_pct,GaPt21,Ga,1,0.4926706897976037,20
single: swing_time_asymmetry_pct,GaPt22,Ga,1,0.5140964359326803,20
single: swing_time_asymmetry_pct,GaPt23,Ga,1,0.9458190957386018,20
single: swing_time_asymmetry_pct,GaPt24,Ga,1,0.613303270387716,20
single: swing_time_asymmetry_pct,GaPt25,Ga,1,0.8233014930427535,20
single: swing_time_asymmetry_pct,GaPt26,Ga,1,0.23753114069337739,20
single: swing_time_asymmetry_pct,GaPt27,Ga,1,0.6727344886286293,20
single: swing_time_asymmetry_pct,GaPt28,Ga,1,0.7092024280626609,20
single: swing_time_asymmetry_pct,GaPt29,Ga,1,0.697034537033444,20
single: swing_time_asymmetry_pct,GaPt30,Ga,1,0.15102013189808752,20
single: swing_time_asymmetry_pct,GaPt31,Ga,1,0.7133404700840937,20
single: swing_time_asymmetry_pct,GaPt32,Ga,1,0.6787906673384221,20
single: swing_time_asymmetry_pct,GaPt33,Ga,1,0.5725855946205295,20
single: swing_time_asymmetry_pct,JuCo01,Ju,0,0.4989482406856608,20
single: swing_time_asymmetry_pct,JuCo02,Ju,0,0.26341415179005845,20
single: swing_time_asymmetry_pct,JuCo03,Ju,0,0.609763332516996,20
single: swing_time_asymmetry_pct,JuCo04,Ju,0,0.2454105810564561,20
single: swing_time_asymmetry_pct,JuCo05,Ju,0,0.263809206781647,20
single: swing_time_asymmetry_pct,JuCo06,Ju,0,0.22792526984695458,20
single: swing_time_asymmetry_pct,JuCo07,Ju,0,0.7713552971423704,20
single: swing_time_asymmetry_pct,JuCo08,Ju,0,0.6664896346600362,20
single: swing_time_asymmetry_pct,JuCo09,Ju,0,0.6572955550143017,20
single: swing_time_asymmetry_pct,JuCo11,Ju,0,0.2882262215405587,20
single: swing_time_asymmetry_pct,JuCo12,Ju,0,0.377647246580941,20
single: swing_time_asymmetry_pct,JuCo13,Ju,0,0.3672427649471821,20
single: swing_time_asymmetry_pct,JuCo14,Ju,0,0.6934791276552035,20
single: swing_time_asymmetry_pct,JuCo15,Ju,0,0.5331996590881727,20
single: swing_time_asymmetry_pct,JuCo16,Ju,0,0.33235365547077456,20
single: swing_time_asymmetry_pct,JuCo17,Ju,0,0.6327205371439734,20
single: swing_time_asymmetry_pct,JuCo18,Ju,0,0.6161536763877276,20
single: swing_time_asymmetry_pct,JuCo19,Ju,0,0.18926367311085243,20
single: swing_time_asymmetry_pct,JuCo20,Ju,0,0.5601342028846378,20
single: swing_time_asymmetry_pct,JuCo21,Ju,0,0.5121251404701286,20
single: swing_time_asymmetry_pct,JuCo22,Ju,0,0.18236986959306647,20
single: swing_time_asymmetry_pct,JuCo23,Ju,0,0.7529139087469946,20
single: swing_time_asymmetry_pct,JuCo24,Ju,0,0.5946453132756695,20
single: swing_time_asymmetry_pct,JuCo25,Ju,0,0.6520657786645457,20
single: swing_time_asymmetry_pct,JuCo26,Ju,0,0.7093098103105019,20
single: swing_time_asymmetry_pct,JuPt01,Ju,1,0.706017829847279,20
single: swing_time_asymmetry_pct,JuPt02,Ju,1,0.32275028224011615,20
single: swing_time_asymmetry_pct,JuPt03,Ju,1,0.3426947329865615,20
single: swing_time_asymmetry_pct,JuPt04,Ju,1,0.8621402760373845,20
single: swing_time_asymmetry_pct,JuPt05,Ju,1,0.5959595542766363,20
single: swing_time_asymmetry_pct,JuPt06,Ju,1,0.7380695458649359,20
single: swing_time_asymmetry_pct,JuPt07,Ju,1,0.5330162434070567,20
single: swing_time_asymmetry_pct,JuPt08,Ju,1,0.613412505717187,20
single: swing_time_asymmetry_pct,JuPt09,Ju,1,0.48386008364116595,20
single: swing_time_asymmetry_pct,JuPt10,Ju,1,0.6974086049361535,20
single: swing_time_asymmetry_pct,JuPt11,Ju,1,0.39899415000118543,20
single: swing_time_asymmetry_pct,JuPt12,Ju,1,0.2627669339424671,20
single: swing_time_asymmetry_pct,JuPt13,Ju,1,0.7619401866139518,20
single: swing_time_asymmetry_pct,JuPt14,Ju,1,0.7719302658378207,20
single: swing_time_asymmetry_pct,JuPt15,Ju,1,0.397554754789112,20
single: swing_time_asymmetry_pct,JuPt16,Ju,1,0.8226584902687835,20
single: swing_time_asymmetry_pct,JuPt17,Ju,1,0.9210760518738542,20
single: swing_time_asymmetry_pct,JuPt18,Ju,1,0.8946873630144536,20
single: swing_time_asymmetry_pct,JuPt19,Ju,1,0.8935936815770633,20
single: swing_time_asymmetry_pct,JuPt20,Ju,1,0.5897577764914818,20
single: swing_time_asymmetry_pct,JuPt21,Ju,1,0.8221849735407674,20
single: swing_time_asymmetry_pct,JuPt22,Ju,1,0.6859745416566765,20
single: swing_time_asymmetry_pct,JuPt23,Ju,1,0.6405559576885062,20
single: swing_time_asymmetry_pct,JuPt24,Ju,1,0.7158344331156785,20
single: swing_time_asymmetry_pct,JuPt25,Ju,1,0.8981214034723835,20
single: swing_time_asymmetry_pct,JuPt26,Ju,1,0.689974216646349,20
single: swing_time_asymmetry_pct,JuPt27,Ju,1,0.4765458905149977,20
single: swing_time_asymmetry_pct,JuPt28,Ju,1,0.8375609704962448,20
single: swing_time_asymmetry_pct,JuPt29,Ju,1,0.5907205847040863,20
single: swing_time_asymmetry_pct,SiCo01,Si,0,0.3240195869386394,20
single: swing_time_asymmetry_pct,SiCo03,Si,0,0.2633614612443434,20
single: swing_time_asymmetry_pct,SiCo04,Si,0,0.6573239414461602,20
single: swing_time_asymmetry_pct,SiCo05,Si,0,0.686983529421503,20
single: swing_time_asymmetry_pct,SiCo06,Si,0,0.3227656201229277,20
single: swing_time_asymmetry_pct,SiCo07,Si,0,0.46954038089503475,20
single: swing_time_asymmetry_pct,SiCo08,Si,0,0.1756971767193852,20
single: swing_time_asymmetry_pct,SiCo09,Si,0,0.4554582148725553,20
single: swing_time_asymmetry_pct,SiCo10,Si,0,0.42106723283798553,20
single: swing_time_asymmetry_pct,SiCo11,Si,0,0.38259200081986944,20
single: swing_time_asymmetry_pct,SiCo12,Si,0,0.8857599678226926,20
single: swing_time_asymmetry_pct,SiCo13,Si,0,0.36737001373538597,20
single: swing_time_asymmetry_pct,SiCo14,Si,0,0.9402887060877185,20
single: swing_time_asymmetry_pct,SiCo15,Si,0,0.26397458536543844,20
single: swing_time_asymmetry_pct,SiCo16,Si,0,0.6930223592843239,20
single: swing_time_asymmetry_pct,SiCo17,Si,0,0.37083922183014606,20
single: swing_time_asymmetry_pct,SiCo18,Si,0,0.258056510099205,20
single: swing_time_asymmetry_pct,SiCo19,Si,0,0.17318633655291787,20
single: swing_time_asymmetry_pct,SiCo20,Si,0,0.40557369914468355,20
single: swing_time_asymmetry_pct,SiCo21,Si,0,0.6913074965746345,20
single: swing_time_asymmetry_pct,SiCo22,Si,0,0.4292844019739113,20
single: swing_time_asymmetry_pct,SiCo23,Si,0,0.1737734139325756,20
single: swing_time_asymmetry_pct,SiCo24,Si,0,0.6117689529272026,20
single: swing_time_asymmetry_pct,SiCo25,Si,0,0.7253814280310952,20
single: swing_time_asymmetry_pct,SiCo26,Si,0,0.49403597516825715,20
single: swing_time_asymmetry_pct,SiCo27,Si,0,0.2500891616624959,20
single: swing_time_asymmetry_pct,SiCo28,Si,0,0.23693131487182595,20
single: swing_time_asymmetry_pct,SiCo29,Si,0,0.2691586540444952,20
single: swing_time_asymmetry_pct,SiCo30,Si,0,0.4842945409709668,20
single: swing_time_asymmetry_pct,SiPt02,Si,1,0.4355700471372508,20
single: swing_time_asymmetry_pct,SiPt04,Si,1,0.2630865391130618,20
single: swing_time_asymmetry_pct,SiPt05,Si,1,0.21507502565530573,20
single: swing_time_asymmetry_pct,SiPt07,Si,1,0.7939079515144847,20
single: swing_time_asymmetry_pct,SiPt08,Si,1,0.737382430505946,20
single: swing_time_asymmetry_pct,SiPt09,Si,1,0.7714158949234105,20
single: swing_time_asymmetry_pct,SiPt10,Si,1,0.5556464253389996,20
single: swing_time_asymmetry_pct,SiPt12,Si,1,0.7888490980715092,20
single: swing_time_asymmetry_pct,SiPt13,Si,1,0.789543969113628,20
single: swing_time_asymmetry_pct,SiPt14,Si,1,0.6268761214851384,20
single: swing_time_asymmetry_pct,SiPt15,Si,1,0.6954747135917081,20
single: swing_time_asymmetry_pct,SiPt16,Si,1,0.2746554866784467,20
single: swing_time_asymmetry_pct,SiPt17,Si,1,0.3738539639447517,20
single: swing_time_asymmetry_pct,SiPt18,Si,1,0.7001086553749792,20
single: swing_time_asymmetry_pct,SiPt19,Si,1,0.638453021923864,20
single: swing_time_asymmetry_pct,SiPt20,Si,1,0.9269740842552239,20
single: swing_time_asymmetry_pct,SiPt21,Si,1,0.8842718581037387,20
single: swing_time_asymmetry_pct,SiPt22,Si,1,0.7473038924219259,20
single: swing_time_asymmetry_pct,SiPt23,Si,1,0.7892150461281614,20
single: swing_time_asymmetry_pct,SiPt24,Si,1,0.8956418702207714,20
single: swing_time_asymmetry_pct,SiPt25,Si,1,0.4720317801232993,20
single: swing_time_asymmetry_pct,SiPt27,Si,1,0.6672736502928948,20
single: swing_time_asymmetry_pct,SiPt28,Si,1,0.7738048745474492,20
single: swing_time_asymmetry_pct,SiPt29,Si,1,0.5898121046386715,20
single: swing_time_asymmetry_pct,SiPt30,Si,1,0.7987738189176713,20
single: swing_time_asymmetry_pct,SiPt31,Si,1,0.8474868596645259,20
single: swing_time_asymmetry_pct,SiPt32,Si,1,0.58306341740312,20
single: swing_time_asymmetry_pct,SiPt33,Si,1,0.800655664801846,20
single: swing_time_asymmetry_pct,SiPt34,Si,1,0.6876165893638931,20
single: swing_time_asymmetry_pct,SiPt35,Si,1,0.5751167787276763,20
single: swing_time_asymmetry_pct,SiPt36,Si,1,0.7332234384461432,20
single: swing_time_asymmetry_pct,SiPt37,Si,1,0.3211926384082179,20
single: swing_time_asymmetry_pct,SiPt38,Si,1,0.27507751521417095,20
single: swing_time_asymmetry_pct,SiPt39,Si,1,0.7503878352147024,20
single: swing_time_asymmetry_pct,SiPt40,Si,1,0.4463158673544684,20
