record,participant,study,group,walk,duration_s,both_feet_unloaded_pct,longest_unloaded_s,negative_samples,silent_sensors,total_minus_sum_max_n,peak_force_n,strides_kept,strides_removed,strides_removed_pct,Weight,peak_force_per_body_weight
GaCo01_01,GaCo01,Ga,Control,1,121.1715,0.0,0.0,0,0,4.547473508864641e-13,1257.3,185,3,1.5957446808510638,83.0,1.5441582845142034
GaCo02_01,GaCo02,Ga,Control,1,121.1715,0.0,0.0,0,0,3.410605131648481e-13,1086.25,203,7,3.3333333333333335,70.0,1.5818406873452744
GaCo02_02,GaCo02,Ga,Control,2,121.1715,0.0,0.0,0,0,3.410605131648481e-13,1099.56,224,2,0.8849557522123894,70.0,1.601223241590214
GaCo03_01,GaCo03,Ga,Control,1,121.1715,0.0,0.0,0,0,4.547473508864641e-13,1304.93,181,8,4.232804232804233,101.0,1.3170335382162068
GaCo03_02,GaCo03,Ga,Control,2,121.1715,0.0,0.0,0,0,4.547473508864641e-13,1427.69,213,0,0.0,101.0,1.4409321666111565
GaCo04_01,GaCo04,Ga,Control,1,121.1715,0.0,0.0,0,0,2.2737367544323206e-13,1019.37,190,1,0.5235602094240838,65.0,1.5986356151493766
GaCo04_02,GaCo04,Ga,Control,2,121.1715,0.0,0.0,0,0,2.2737367544323206e-13,994.18,190,4,2.0618556701030926,65.0,1.5591311848192582
GaCo05_01,GaCo05,Ga,Control,1,121.1715,0.0,0.0,0,0,3.410605131648481e-13,1163.47,219,5,2.232142857142857,88.0,1.3477319062181445
GaCo05_02,GaCo05,Ga,Control,2,121.1715,0.0,0.0,0,0,3.410605131648481e-13,1180.74,231,2,0.8583690987124464,88.0,1.3677370030581038
GaCo06_01,GaCo06,Ga,Control,1,121.1715,0.0,0.0,0,0,3.410605131648481e-13,1163.91,205,0,0.0,82.0,1.4468934138882672
GaCo06_02,GaCo06,Ga,Control,2,116.1719,0.0,0.0,0,0,3.410605131648481e-13,1172.71,197,0,0.0,82.0,1.457832972825141
GaCo07_01,GaCo07,Ga,Control,1,121.1715,0.0,0.0,0,0,4.547473508864641e-13,1457.72,206,12,5.504587155963303,95.0,1.5641611674446054
GaCo07_02,GaCo07,Ga,Control,2,121.1715,0.0,0.0,0,0,4.547473508864641e-13,1433.19,211,6,2.7649769585253456,95.0,1.5378400128762273
GaCo08_01,GaCo08,Ga,Control,1,121.1715,0.0,0.0,0,0,3.410605131648481e-13,1117.05,191,5,2.5510204081632653,65.0,1.7518231004469536
GaCo08_02,GaCo08,Ga,Control,2,121.1715,0.0,0.0,0,0,3.410605131648481e-13,1134.32,189,7,3.5714285714285716,65.0,1.7789069238610522
GaCo09_01,GaCo09,Ga,Control,1,121.1715,0.0,0.0,0,0,3.410605131648481e-13,1140.04,218,5,2.242152466367713,64.0,1.8158129459734962
GaCo09_02,GaCo09,Ga,Control,2,121.1715,0.0,0.0,0,0,3.410605131648481e-13,1151.26,225,1,0.4424778761061947,64.0,1.83368374108053
GaCo10_01,GaCo10,Ga,Control,1,121.1715,0.0,0.0,0,0,3.410605131648481e-13,1067.44,224,0,0.0,70.0,1.5544488131644094
GaCo10_02,GaCo10,Ga,Control,2,121.1715,0.0,0.0,0,0,3.410605131648481e-13,1068.98,228,0,0.0,70.0,1.5566914227464685
GaCo11_01,GaCo11,Ga,Control,1,121.1715,0.0,0.0,0,0,4.547473508864641e-13,1363.56,226,6,2.586206896551724,80.0,1.7374617737003055
GaCo12_01,GaCo12,Ga,Control,1,121.1715,0.0,0.0,0,0,3.410605131648481e-13,1052.92,232,5,2.109704641350211,60.0,1.7888549099558275
GaCo13_01,GaCo13,Ga,Control,1,121.1715,0.0,0.0,0,0,2.2737367544323206e-13,912.12,237,0,0.0,72.0,1.2913693510023785
GaCo13_02,GaCo13,Ga,Control,2,121.1715,0.0,0.0,0,0,2.2737367544323206e-13,933.79,244,0,0.0,72.0,1.3220494959791596
GaCo13_10,GaCo13,Ga,Control,10,115.4619,2.3207481815032907,1.01,0,0,2.2737367544323206e-13,889.35,84,16,16.0,72.0,1.2591318382602785
GaCo14_01,GaCo14,Ga,Control,1,121.1715,0.0,0.0,0,0,2.2737367544323206e-13,816.97,198,13,6.161137440758294,47.0,1.7719001453141605
GaCo14_02,GaCo14,Ga,Control,2,121.1715,0.0,0.0,0,0,3.410605131648481e-13,910.03,204,16,7.2727272727272725,47.0,1.9737350076994813
GaCo14_10,GaCo14,Ga,Control,10,121.1715,0.0,0.0,0,0,2.2737367544323206e-13,888.8,202,13,6.046511627906977,47.0,1.9276899386210333
GaCo15_01,GaCo15,Ga,Control,1,121.1715,0.0,0.0,0,0,3.410605131648481e-13,1099.67,221,6,2.643171806167401,70.0,1.6013834279889325
GaCo15_02,GaCo15,Ga,Control,2,121.1715,0.0,0.0,0,0,3.410605131648481e-13,1077.34,230,2,0.8620689655172413,70.0,1.568865589049075
GaCo15_10,GaCo15,Ga,Control,10,121.1715,0.0,0.0,0,0,3.410605131648481e-13,1132.12,223,7,3.0434782608695654,70.0,1.6486384156108924
GaCo16_01,GaCo16,Ga,Control,1,121.1715,0.0,0.0,0,0,2.2737367544323206e-13,741.18,213,11,4.910714285714286,58.0,1.3026468417167563
GaCo16_02,GaCo16,Ga,Control,2,121.1715,0.0,0.0,0,0,2.2737367544323206e-13,743.6,223,7,3.0434782608695654,58.0,1.3069000667861788
GaCo16_10,GaCo16,Ga,Control,10,51.2364,0.0,0.0,0,0,1.1368683772161603e-13,709.72,55,7,11.290322580645162,58.0,1.247354915814264
GaCo17_01,GaCo17,Ga,Control,1,121.1715,0.0,0.0,0,0,3.410605131648481e-13,1133.77,201,12,5.633802816901408,58.0,1.9926359450244295
GaCo17_02,GaCo17,Ga,Control,2,121.1715,0.0,0.0,0,0,3.410605131648481e-13,1089.99,220,2,0.9009009009009009,58.0,1.915691236950332
GaCo17_10,GaCo17,Ga,Control,10,121.1715,0.0,0.0,0,0,3.410605131648481e-13,1044.34,198,6,2.9411764705882355,58.0,1.8354599458680443
GaCo22_01,GaCo22,Ga,Control,1,121.1715,0.0,0.0,0,0,2.2737367544323206e-13,1028.06,210,7,3.225806451612903,72.0,1.4555159134669837
GaCo22_10,GaCo22,Ga,Control,10,121.1715,0.0,0.0,0,0,2.2737367544323206e-13,1064.03,207,9,4.166666666666667,72.0,1.5064418393929095
GaPt03_01,GaPt03,Ga,PD,1,121.1715,0.0,0.0,0,0,2.2737367544323206e-13,785.4,149,4,2.6143790849673203,50.0,1.6012232415902141
GaPt04_01,GaPt04,Ga,PD,1,121.1715,0.0,0.0,0,0,3.410605131648481e-13,1008.7,181,2,1.092896174863388,,
GaPt05_01,GaPt05,Ga,PD,1,121.1715,0.0,0.0,0,0,2.2737367544323206e-13,899.03,220,1,0.45248868778280543,51.0,1.7969458935460014
GaPt06_01,GaPt06,Ga,PD,1,121.1715,0.0,0.0,0,0,4.547473508864641e-13,1198.89,207,0,0.0,82.0,1.4903781606623405
GaPt07_01,GaPt07,Ga,PD,1,121.1715,0.0,0.0,0,0,2.2737367544323206e-13,790.57,151,7,4.430379746835443,54.0,1.4923736172461963
GaPt07_02,GaPt07,Ga,PD,2,121.1715,0.0,0.0,0,0,2.2737367544323206e-13,801.79,189,3,1.5625,54.0,1.5135538188545323
GaPt08_01,GaPt08,Ga,PD,1,121.1715,0.0,0.0,0,0,2.2737367544323206e-13,956.56,206,1,0.4830917874396135,57.0,1.7106783268058012
GaPt08_02,GaPt08,Ga,PD,2,121.1715,0.0,0.0,0,0,2.2737367544323206e-13,927.74,203,7,3.3333333333333335,57.0,1.6591376504461968
GaPt09_01,GaPt09,Ga,PD,1,121.1715,0.0,0.0,0,0,3.410605131648481e-13,1052.37,230,4,1.7094017094017093,68.0,1.577576902320561
GaPt09_02,GaPt09,Ga,PD,2,121.1715,0.0,0.0,0,0,2.2737367544323206e-13,1055.23,232,6,2.5210084033613445,68.0,1.5818642441686155
GaPt12_01,GaPt12,Ga,PD,1,121.1715,0.0,0.0,0,0,3.410605131648481e-13,1355.09,237,3,1.25,67.0,2.0616945851780852
GaPt12_02,GaPt12,Ga,PD,2,121.1715,0.0,0.0,0,0,2.2737367544323206e-13,1339.03,237,5,2.0661157024793386,67.0,2.037260182269083
GaPt13_01,GaPt13,Ga,PD,1,121.1715,0.0,0.0,0,0,3.410605131648481e-13,909.7,226,5,2.1645021645021645,53.0,1.7496586078895235
GaPt13_02,GaPt13,Ga,PD,2,121.1715,0.0,0.0,0,0,3.410605131648481e-13,933.13,214,7,3.167420814479638,53.0,1.7947223664724095
GaPt13_10,GaPt13,Ga,PD,10,121.1715,0.0,0.0,0,0,3.410605131648481e-13,939.73,190,6,3.061224489795918,53.0,1.807416382974631
GaPt14_01,GaPt14,Ga,PD,1,121.1715,0.0,0.0,0,0,4.547473508864641e-13,1355.53,223,8,3.463203463203463,105.0,1.3159846609387895
GaPt14_02,GaPt14,Ga,PD,2,121.1715,0.0,0.0,0,0,4.547473508864641e-13,1275.67,221,10,4.329004329004329,105.0,1.2384544439590313
GaPt14_10,GaPt14,Ga,PD,10,121.1715,0.0,0.0,0,0,4.547473508864641e-13,1276.0,214,8,3.6036036036036037,105.0,1.2387748167564683
GaPt15_01,GaPt15,Ga,PD,1,121.1715,0.0,0.0,0,0,2.2737367544323206e-13,1104.95,209,7,3.240740740740741,80.0,1.4079383282364932
GaPt15_02,GaPt15,Ga,PD,2,121.1715,0.0,0.0,0,0,3.410605131648481e-13,1103.96,231,3,1.2820512820512822,80.0,1.4066768603465851
GaPt15_10,GaPt15,Ga,PD,10,121.1715,0.0,0.0,0,0,2.2737367544323206e-13,1073.27,227,2,0.8733624454148472,80.0,1.3675713557594291
GaPt16_01,GaPt16,Ga,PD,1,121.1715,0.0,0.0,0,0,4.547473508864641e-13,1219.35,209,9,4.128440366972477,72.0,1.726342167855929
GaPt16_02,GaPt16,Ga,PD,2,121.1715,0.0,0.0,0,0,2.2737367544323206e-13,1199.66,213,8,3.6199095022624435,72.0,1.698465284856722
GaPt16_10,GaPt16,Ga,PD,10,121.1715,0.0,0.0,0,0,3.410605131648481e-13,1190.53,199,8,3.864734299516908,72.0,1.6855391324045756
GaPt17_01,GaPt17,Ga,PD,1,121.1715,0.0,0.0,0,0,3.410605131648481e-13,1099.45,201,2,0.9852216748768473,85.0,1.318522516040055
GaPt17_02,GaPt17,Ga,PD,2,121.1715,0.0,0.0,0,0,3.410605131648481e-13,1075.36,207,1,0.4807692307692308,85.0,1.2896324278947051
GaPt17_10,GaPt17,Ga,PD,10,121.1715,0.0,0.0,0,0,2.2737367544323206e-13,965.69,188,8,4.081632653061225,85.0,1.1581099718174732
GaPt18_01,GaPt18,Ga,PD,1,121.1715,0.0,0.0,0,0,3.410605131648481e-13,1075.36,207,1,0.4807692307692308,74.0,1.4813345455547289
GaPt18_02,GaPt18,Ga,PD,2,121.1715,0.0,0.0,0,0,2.2737367544323206e-13,925.1,207,1,0.4807692307692308,74.0,1.2743477422376503
GaPt18_10,GaPt18,Ga,PD,10,121.1715,0.0,0.0,0,0,2.2737367544323206e-13,905.19,186,3,1.5873015873015872,74.0,1.2469212331597652
GaPt19_01,GaPt19,Ga,PD,1,121.1715,0.0,0.0,0,0,2.2737367544323206e-13,844.47,243,5,2.0161290322580645,55.0,1.565137614678899
GaPt19_02,GaPt19,Ga,PD,2,121.1715,0.0,0.0,0,0,2.2737367544323206e-13,839.19,235,7,2.8925619834710745,55.0,1.5553516819571864
GaPt19_10,GaPt19,Ga,PD,10,121.1715,0.0,0.0,0,0,2.2737367544323206e-13,814.66,253,6,2.3166023166023164,55.0,1.5098878695208968
GaPt20_01,GaPt20,Ga,PD,1,121.1715,0.0,0.0,0,0,2.2737367544323206e-13,1050.94,202,6,2.8846153846153846,75.0,1.428392796466191
GaPt20_02,GaPt20,Ga,PD,2,121.1715,0.0,0.0,0,0,2.2737367544323206e-13,1043.79,218,6,2.6785714285714284,75.0,1.4186748216106013
GaPt20_10,GaPt20,Ga,PD,10,121.1715,0.0,0.0,0,0,2.2737367544323206e-13,968.44,189,6,3.076923076923077,75.0,1.3162623173632348
GaPt21_01,GaPt21,Ga,PD,1,121.1715,0.0,0.0,0,0,3.410605131648481e-13,1056.22,226,5,2.1645021645021645,63.0,1.709010889439024
GaPt21_02,GaPt21,Ga,PD,2,121.1715,0.0,0.0,0,0,3.410605131648481e-13,1059.19,225,7,3.0172413793103448,63.0,1.7138164814005792
GaPt21_10,GaPt21,Ga,PD,10,121.1715,0.0,0.0,0,0,3.410605131648481e-13,1020.14,218,2,0.9090909090909091,63.0,1.6506318463505005
GaPt22_01,GaPt22,Ga,PD,1,121.1715,0.0,0.0,0,0,3.410605131648481e-13,949.63,191,0,0.0,65.0,1.4892652709166472
GaPt22_02,GaPt22,Ga,PD,2,121.1715,0.0,0.0,0,0,3.410605131648481e-13,992.31,200,0,0.0,65.0,1.5561985415196424
GaPt22_10,GaPt22,Ga,PD,10,121.1715,0.0,0.0,0,0,2.2737367544323206e-13,913.77,183,2,1.0810810810810811,65.0,1.4330275229357798
GaPt23_01,GaPt23,Ga,PD,1,121.1715,0.0,0.0,0,0,3.410605131648481e-13,885.06,139,3,2.112676056338028,,
GaPt23_02,GaPt23,Ga,PD,2,121.1715,0.0,0.0,0,0,3.410605131648481e-13,901.67,138,1,0.7194244604316546,,
GaPt23_10,GaPt23,Ga,PD,10,121.1715,0.0,0.0,0,0,3.410605131648481e-13,885.39,122,2,1.6129032258064515,,
GaPt24_01,GaPt24,Ga,PD,1,121.1715,0.0,0.0,0,0,4.547473508864641e-13,1266.54,208,12,5.454545454545454,73.0,1.7685895019060784
GaPt24_02,GaPt24,Ga,PD,2,121.1715,0.0,0.0,0,0,4.547473508864641e-13,1278.64,216,11,4.845814977973569,73.0,1.7854858754695377
GaPt24_10,GaPt24,Ga,PD,10,121.1715,0.0,0.0,0,0,4.547473508864641e-13,1210.77,204,11,5.116279069767442,73.0,1.6907125801181349
GaPt25_01,GaPt25,Ga,PD,1,121.1715,0.0,0.0,0,0,4.547473508864641e-13,1063.81,228,5,2.1459227467811157,90.0,1.2049042926718765
GaPt25_02,GaPt25,Ga,PD,2,121.1715,0.0,0.0,0,0,3.410605131648481e-13,1104.07,246,9,3.5294117647058822,90.0,1.2505040208404121
GaPt25_10,GaPt25,Ga,PD,10,121.1715,0.0,0.0,0,0,3.410605131648481e-13,1042.58,222,10,4.310344827586207,90.0,1.1808585343753537
GaPt26_01,GaPt26,Ga,PD,1,121.1715,0.0,0.0,0,0,3.410605131648481e-13,1045.99,197,9,4.368932038834951,60.0,1.777081209650017
GaPt26_02,GaPt26,Ga,PD,2,121.1715,0.0,0.0,0,0,3.410605131648481e-13,1033.01,196,7,3.4482758620689653,60.0,1.7550288820931021
GaPt26_10,GaPt26,Ga,PD,10,121.1715,0.0,0.0,0,0,2.2737367544323206e-13,1025.09,187,9,4.591836734693878,60.0,1.7415732246007474
GaPt27_01,GaPt27,Ga,PD,1,121.1715,0.0,0.0,0,0,4.547473508864641e-13,1504.58,205,5,2.380952380952381,95.0,1.614442834916036
GaPt27_02,GaPt27,Ga,PD,2,121.1715,0.0,0.0,0,0,4.547473508864641e-13,1456.51,197,4,1.9900497512437811,95.0,1.5628628145286763
GaPt27_10,GaPt27,Ga,PD,10,121.1715,0.0,0.0,0,0,4.547473508864641e-13,1448.04,156,0,0.0,95.0,1.5537743441171736
GaPt28_01,GaPt28,Ga,PD,1,121.1715,0.0,0.0,0,0,4.547473508864641e-13,1369.39,209,3,1.4150943396226414,101.0,1.3820914201511894
GaPt28_02,GaPt28,Ga,PD,2,121.1715,0.0,0.0,0,0,4.547473508864641e-13,1391.5,218,3,1.3574660633484164,101.0,1.404406495695441
GaPt28_10,GaPt28,Ga,PD,10,121.1715,0.0,0.0,0,0,4.547473508864641e-13,1342.77,212,2,0.9345794392523364,101.0,1.3552245132770158
GaPt29_01,GaPt29,Ga,PD,1,121.1715,0.0,0.0,0,0,2.2737367544323206e-13,943.69,235,3,1.2605042016806722,80.0,1.2024592252803261
GaPt29_02,GaPt29,Ga,PD,2,121.1715,0.0,0.0,0,0,3.410605131648481e-13,968.44,232,8,3.3333333333333335,80.0,1.2339959225280326
GaPt29_10,GaPt29,Ga,PD,10,121.1715,0.0,0.0,0,0,2.2737367544323206e-13,975.59,211,10,4.524886877828054,80.0,1.2431065239551478
GaPt30_01,GaPt30,Ga,PD,1,121.1715,0.0,0.0,0,0,4.547473508864641e-13,1475.21,206,6,2.830188679245283,93.0,1.616969736827683
GaPt30_02,GaPt30,Ga,PD,2,121.1715,0.0,0.0,0,0,4.547473508864641e-13,1507.88,209,9,4.128440366972477,93.0,1.6527791478960465
GaPt30_10,GaPt30,Ga,PD,10,121.1715,0.0,0.0,0,0,4.547473508864641e-13,1501.94,208,8,3.7037037037037037,93.0,1.6462683458836167
GaPt31_01,GaPt31,Ga,PD,1,121.1715,0.0,0.0,0,0,4.547473508864641e-13,1346.07,204,5,2.3923444976076556,90.0,1.524600747536527
GaPt31_02,GaPt31,Ga,PD,2,121.1715,0.0,0.0,0,0,4.547473508864641e-13,1366.75,206,8,3.7383177570093458,90.0,1.5480235587269224
GaPt31_10,GaPt31,Ga,PD,10,121.1715,0.0,0.0,0,0,4.547473508864641e-13,1238.82,188,8,4.081632653061225,90.0,1.403126061841658
GaPt32_01,GaPt32,Ga,PD,1,121.1715,0.0,0.0,0,0,4.547473508864641e-13,1210.0,238,2,0.8333333333333334,75.0,1.6445803601766904
GaPt32_02,GaPt32,Ga,PD,2,121.1715,0.0,0.0,0,0,4.547473508864641e-13,1219.13,230,2,0.8620689655172413,75.0,1.6569894665307512
GaPt32_10,GaPt32,Ga,PD,10,121.1715,0.0,0.0,0,0,4.547473508864641e-13,1223.53,220,2,0.9009009009009009,75.0,1.6629697587495753
GaPt33_01,GaPt33,Ga,PD,1,121.1715,0.0,0.0,0,0,2.2737367544323206e-13,1190.53,186,4,2.1052631578947367,80.0,1.516985219164118
GaPt33_02,GaPt33,Ga,PD,2,121.1715,0.0,0.0,0,0,4.547473508864641e-13,1217.81,187,6,3.1088082901554404,80.0,1.5517456676860344
GaPt33_10,GaPt33,Ga,PD,10,121.1715,0.0,0.0,0,0,2.2737367544323206e-13,1187.34,192,5,2.5380710659898478,80.0,1.512920489296636
JuCo01_01,JuCo01,Ju,Control,1,53.4763,0.0,0.0,0,0,3.410605131648481e-13,1181.84,84,1,1.1764705882352942,75.0,1.6063064899762147
JuCo02_01,JuCo02,Ju,Control,1,40.3272,0.0,0.0,0,0,4.547473508864641e-13,1208.68,70,1,1.408450704225352,80.0,1.540112130479103
JuCo03_01,JuCo03,Ju,Control,1,40.5172,0.0,0.0,0,0,2.2737367544323206e-13,1133.11,71,2,2.73972602739726,60.0,1.925093442065919
JuCo04_01,JuCo04,Ju,Control,1,91.9436,0.0,0.0,0,0,2.2737367544323206e-13,944.9,164,3,1.7964071856287425,80.0,1.2040010193679918
JuCo05_01,JuCo05,Ju,Control,1,88.6338,0.0,0.0,0,0,2.2737367544323206e-13,679.36,153,3,1.9230769230769231,52.0,1.331765074884341
JuCo06_01,JuCo06,Ju,Control,1,115.2119,0.0,0.0,0,0,2.2737367544323206e-13,1011.23,219,0,0.0,74.0,1.3929939113425351
JuCo07_01,JuCo07,Ju,Control,1,80.3044,0.0,0.0,0,0,3.410605131648481e-13,860.53,158,4,2.4691358024691357,58.0,1.5124081690041828
JuCo08_01,JuCo08,Ju,Control,1,84.6141,0.0,0.0,0,0,2.2737367544323206e-13,850.3,150,4,2.5974025974025974,65.0,1.3334901591782327
JuCo09_01,JuCo09,Ju,Control,1,77.6946,0.0,0.0,0,0,4.547473508864641e-13,1211.32,155,5,3.125,83.0,1.4876877540744016
JuCo11_01,JuCo11,Ju,Control,1,90.3237,0.0,0.0,0,0,2.2737367544323206e-13,981.97,147,1,0.6756756756756757,70.0,1.429983981360128
JuCo12_01,JuCo12,Ju,Control,1,96.3933,0.0,0.0,0,0,3.410605131648481e-13,949.96,162,6,3.5714285714285716,61.0,1.5874734713657859
JuCo13_01,JuCo13,Ju,Control,1,90.1037,0.0,0.0,0,0,3.410605131648481e-13,1003.2,155,2,1.2738853503184713,72.0,1.420319401970778
JuCo14_01,JuCo14,Ju,Control,1,79.1145,0.0,0.0,0,0,6.821210263296962e-13,1866.59,141,0,0.0,90.0,2.1141578887756256
JuCo15_01,JuCo15,Ju,Control,1,90.8436,0.0,0.0,0,0,3.410605131648481e-13,995.94,155,4,2.5157232704402515,56.0,1.8129095674967235
JuCo16_01,JuCo16,Ju,Control,1,76.0547,0.0,0.0,0,0,4.547473508864641e-13,1293.16,144,1,0.6896551724137931,83.0,1.5881998943787383
JuCo17_01,JuCo17,Ju,Control,1,71.505,0.0,0.0,0,0,3.410605131648481e-13,1025.64,126,4,3.076923076923077,60.0,1.7425076452599388
JuCo18_01,JuCo18,Ju,Control,1,90.0937,0.0,0.0,0,0,3.410605131648481e-13,954.8,156,1,0.6369426751592356,59.0,1.649648404429931
JuCo19_01,JuCo19,Ju,Control,1,85.464,0.0,0.0,0,0,3.410605131648481e-13,944.13,155,0,0.0,59.0,1.6312133934587671
JuCo20_01,JuCo20,Ju,Control,1,106.8325,0.0,0.0,0,0,3.410605131648481e-13,1012.0,195,1,0.5102040816326531,67.0,1.539702101115219
JuCo21_01,JuCo21,Ju,Control,1,95.2133,0.0,0.0,0,0,4.547473508864641e-13,1084.71,152,2,1.2987012987012987,88.0,1.2564984709480123
JuCo22_01,JuCo22,Ju,Control,1,96.5032,0.0,0.0,0,0,3.410605131648481e-13,1054.02,165,3,1.7857142857142858,75.0,1.432579001019368
JuCo23_01,JuCo23,Ju,Control,1,98.7231,0.0,0.0,0,0,4.547473508864641e-13,1379.62,142,3,2.0689655172413794,87.0,1.616483297596869
JuCo24_01,JuCo24,Ju,Control,1,81.7843,0.0,0.0,0,0,2.2737367544323206e-13,938.3,152,0,0.0,72.0,1.3284347038169666
JuCo25_01,JuCo25,Ju,Control,1,84.9041,0.0,0.0,0,0,4.547473508864641e-13,1230.79,129,2,1.5267175572519085,85.0,1.4760328596270311
JuCo26_01,JuCo26,Ju,Control,1,82.2642,0.0,0.0,0,0,2.2737367544323206e-13,869.11,142,0,0.0,70.0,1.265632736274938
JuPt01_01,JuPt01,Ju,PD,1,82.2642,0.0,0.0,0,0,2.2737367544323206e-13,869.11,142,0,0.0,85.0,1.042285782814655
JuPt01_02,JuPt01,Ju,PD,2,52.9563,0.0,0.0,0,0,4.547473508864641e-13,1252.46,85,2,2.2988505747126435,85.0,1.5020207471367752
JuPt01_03,JuPt01,Ju,PD,3,53.5263,0.0,0.0,0,0,4.547473508864641e-13,1274.57,88,1,1.1235955056179776,85.0,1.5285363074893565
JuPt01_04,JuPt01,Ju,PD,4,49.8365,0.0,0.0,0,0,4.547473508864641e-13,1273.36,85,0,0.0,85.0,1.5270852071715535
JuPt01_05,JuPt01,Ju,PD,5,48.2266,0.0,0.0,0,0,4.547473508864641e-13,1328.58,80,2,2.4390243902439024,85.0,1.5933081489476524
JuPt01_06,JuPt01,Ju,PD,6,49.2566,0.0,0.0,0,0,4.547473508864641e-13,1317.58,85,1,1.1627906976744187,85.0,1.5801163278767163
JuPt02_01,JuPt02,Ju,PD,1,55.0361,0.0,0.0,0,0,3.410605131648481e-13,860.31,101,2,1.941747572815534,68.0,1.2896654074473826
JuPt03_01,JuPt03,Ju,PD,1,53.8362,0.0,0.0,0,0,2.2737367544323206e-13,976.47,85,3,3.409090909090909,65.0,1.531357327687603
JuPt03_02,JuPt03,Ju,PD,2,47.2767,0.0,0.0,0,0,3.410605131648481e-13,1019.26,81,2,2.4096385542168677,65.0,1.5984631067199875
JuPt03_03,JuPt03,Ju,PD,3,46.7767,0.0,0.0,0,0,2.2737367544323206e-13,1027.73,81,2,2.4096385542168677,65.0,1.6117462557829532
JuPt03_04,JuPt03,Ju,PD,4,48.1266,0.0,0.0,0,0,3.410605131648481e-13,1042.36,81,2,2.4096385542168677,65.0,1.6346898768917117
JuPt03_05,JuPt03,Ju,PD,5,48.0166,0.0,0.0,0,0,3.410605131648481e-13,1045.11,85,1,1.1627906976744187,65.0,1.6390025876264407
JuPt03_06,JuPt03,Ju,PD,6,47.7467,0.0,0.0,0,0,2.2737367544323206e-13,1036.42,81,2,2.4096385542168677,65.0,1.625374421704697
JuPt03_07,JuPt03,Ju,PD,7,47.5967,0.0,0.0,0,0,3.410605131648481e-13,1033.01,82,2,2.380952380952381,65.0,1.6200266603936329
JuPt04_01,JuPt04,Ju,PD,1,62.8456,0.0,0.0,0,0,4.547473508864641e-13,1342.0,113,1,0.8771929824561403,80.0,1.7099898063200814
JuPt05_01,JuPt05,Ju,PD,1,44.1769,0.0,0.0,0,0,3.410605131648481e-13,912.89,73,2,2.6666666666666665,61.0,1.525525977172841
JuPt06_01,JuPt06,Ju,PD,1,68.8452,0.0,0.0,0,0,3.410605131648481e-13,1115.73,126,1,0.7874015748031497,82.0,1.3869993287088833
JuPt06_02,JuPt06,Ju,PD,2,66.2154,0.0,0.0,0,0,4.547473508864641e-13,1230.02,114,2,1.7241379310344827,82.0,1.5290768504015313
JuPt06_03,JuPt06,Ju,PD,3,60.8157,0.0,0.0,0,0,2.2737367544323206e-13,1234.97,108,3,2.7027027027027026,82.0,1.535230352303523
JuPt06_04,JuPt06,Ju,PD,4,58.5359,0.0,0.0,0,0,4.547473508864641e-13,1261.26,106,4,3.6363636363636362,82.0,1.5679122846274334
JuPt06_05,JuPt06,Ju,PD,5,61.1157,0.0,0.0,0,0,3.410605131648481e-13,1238.6,111,2,1.7699115044247788,82.0,1.5397429203649833
JuPt06_06,JuPt06,Ju,PD,6,62.3756,0.0,0.0,0,0,4.547473508864641e-13,1270.06,109,3,2.6785714285714284,82.0,1.578851843564307
JuPt06_07,JuPt06,Ju,PD,7,62.3656,0.0,0.0,0,0,4.547473508864641e-13,1209.12,108,4,3.5714285714285716,82.0,1.503095397926456
JuPt07_01,JuPt07,Ju,PD,1,45.7368,0.0,0.0,0,0,4.547473508864641e-13,1182.28,99,1,1.0,65.0,1.8541205990747276
JuPt08_01,JuPt08,Ju,PD,1,43.6169,0.0,0.0,0,0,4.547473508864641e-13,1336.28,85,3,3.409090909090909,70.0,1.945944371632445
JuPt09_01,JuPt09,Ju,PD,1,98.3331,0.0,0.0,0,0,4.547473508864641e-13,1337.93,188,2,1.0526315789473684,82.0,1.663223191864946
JuPt09_02,JuPt09,Ju,PD,2,93.7234,0.0,0.0,0,0,4.547473508864641e-13,1357.73,178,6,3.260869565217391,82.0,1.687837199472912
JuPt09_03,JuPt09,Ju,PD,3,90.5037,0.0,0.0,0,0,4.547473508864641e-13,1355.97,179,3,1.6483516483516483,82.0,1.6856492876855373
JuPt09_04,JuPt09,Ju,PD,4,87.6339,0.0,0.0,0,0,4.547473508864641e-13,1388.53,172,3,1.7142857142857142,82.0,1.7261256557519702
JuPt09_05,JuPt09,Ju,PD,5,85.454,0.0,0.0,0,0,4.547473508864641e-13,1404.26,167,3,1.7647058823529411,82.0,1.745680117351632
JuPt10_01,JuPt10,Ju,PD,1,93.6834,0.0,0.0,0,0,4.547473508864641e-13,1416.69,163,4,2.395209580838323,80.0,1.8051605504587156
JuPt10_02,JuPt10,Ju,PD,2,97.0532,0.0,0.0,0,0,4.547473508864641e-13,1280.51,159,6,3.6363636363636362,80.0,1.6316386340468907
JuPt10_03,JuPt10,Ju,PD,3,92.6335,0.0,0.0,0,0,4.547473508864641e-13,1281.28,162,5,2.9940119760479043,80.0,1.6326197757390417
JuPt10_04,JuPt10,Ju,PD,4,93.2235,0.0,0.0,0,0,4.547473508864641e-13,1287.33,158,5,3.067484662576687,80.0,1.64032874617737
JuPt10_05,JuPt10,Ju,PD,5,94.5834,0.0,0.0,0,0,4.547473508864641e-13,1261.37,163,6,3.5502958579881656,80.0,1.6072502548419976
JuPt10_06,JuPt10,Ju,PD,6,96.2433,0.0,0.0,0,0,4.547473508864641e-13,1236.95,162,7,4.1420118343195265,80.0,1.5761340468909275
JuPt10_07,JuPt10,Ju,PD,7,92.5735,0.0,0.0,0,0,4.547473508864641e-13,1283.37,158,6,3.658536585365854,80.0,1.6352828746177368
JuPt11_01,JuPt11,Ju,PD,1,135.7205,0.0,0.0,0,0,3.410605131648481e-13,959.64,256,7,2.661596958174905,80.0,1.222782874617737
JuPt11_02,JuPt11,Ju,PD,2,142.18,0.0,0.0,0,0,3.410605131648481e-13,1007.71,275,4,1.4336917562724014,80.0,1.2840341488277267
JuPt11_03,JuPt11,Ju,PD,3,137.9903,0.0,0.0,0,0,3.410605131648481e-13,1040.05,268,5,1.8315018315018314,80.0,1.325242099898063
JuPt11_04,JuPt11,Ju,PD,4,127.0911,0.0,0.0,0,0,3.410605131648481e-13,1031.91,254,5,1.9305019305019304,80.0,1.3148700305810397
JuPt11_05,JuPt11,Ju,PD,5,123.7813,0.0,0.0,0,0,3.410605131648481e-13,1059.08,257,1,0.3875968992248062,80.0,1.3494903160040772
JuPt11_06,JuPt11,Ju,PD,6,123.2214,0.0,0.0,0,0,3.410605131648481e-13,1069.64,257,1,0.3875968992248062,80.0,1.3629459734964322
JuPt11_07,JuPt11,Ju,PD,7,113.1421,0.0,0.0,0,0,3.410605131648481e-13,1097.8,237,2,0.8368200836820083,80.0,1.398827726809378
JuPt12_01,JuPt12,Ju,PD,1,98.5631,0.0,0.0,0,0,3.410605131648481e-13,995.17,180,5,2.7027027027027026,56.0,1.8115079365079363
JuPt13_01,JuPt13,Ju,PD,1,163.7585,0.0,0.0,0,0,2.2737367544323206e-13,869.33,282,7,2.422145328719723,60.0,1.476945293917771
JuPt14_01,JuPt14,Ju,PD,1,118.3917,0.0,0.0,0,0,3.410605131648481e-13,851.18,175,4,2.2346368715083798,63.0,1.3772470592042454
JuPt15_01,JuPt15,Ju,PD,1,96.5032,0.0,0.0,0,0,4.547473508864641e-13,1163.03,181,6,3.2085561497326203,66.0,1.796296296296296
JuPt15_02,JuPt15,Ju,PD,2,95.3433,0.0,0.0,0,0,4.547473508864641e-13,1194.6,182,4,2.150537634408602,66.0,1.8450560652395511
JuPt15_03,JuPt15,Ju,PD,3,86.4939,0.0,0.0,0,0,4.547473508864641e-13,1210.33,176,3,1.675977653631285,66.0,1.8693510023785251
JuPt15_04,JuPt15,Ju,PD,4,86.6639,0.0,0.0,0,0,4.547473508864641e-13,1204.72,178,3,1.6574585635359116,66.0,1.8606863744478424
JuPt15_05,JuPt15,Ju,PD,5,87.1539,0.0,0.0,0,0,4.547473508864641e-13,1205.93,176,4,2.2222222222222223,66.0,1.8625552157662248
JuPt15_06,JuPt15,Ju,PD,6,87.1939,0.0,0.0,0,0,4.547473508864641e-13,1251.69,176,4,2.2222222222222223,66.0,1.9332313965341488
JuPt15_07,JuPt15,Ju,PD,7,84.9941,0.0,0.0,0,0,4.547473508864641e-13,1221.33,177,2,1.1173184357541899,66.0,1.886340468909276
JuPt16_01,JuPt16,Ju,PD,1,142.82,0.0,0.0,0,0,3.410605131648481e-13,1039.61,224,5,2.183406113537118,63.0,1.6821351714318071
JuPt17_01,JuPt17,Ju,PD,1,97.3532,0.0,0.0,0,0,4.547473508864641e-13,1208.9,178,6,3.260869565217391,75.0,1.6430852871219845
JuPt18_01,JuPt18,Ju,PD,1,263.6315,0.0,0.0,0,0,3.410605131648481e-13,1007.82,327,8,2.388059701492537,65.0,1.5805222300635147
JuPt19_01,JuPt19,Ju,PD,1,93.0435,0.0,0.0,0,0,2.2737367544323206e-13,920.81,165,4,2.366863905325444,60.0,1.5644070676180766
JuPt20_01,JuPt20,Ju,PD,1,94.3834,0.0,0.0,0,0,3.410605131648481e-13,1150.05,177,0,0.0,80.0,1.4654051987767582
JuPt20_02,JuPt20,Ju,PD,2,90.2437,0.0,0.0,0,0,4.547473508864641e-13,1260.82,169,2,1.1695906432748537,80.0,1.6065494393476043
JuPt20_03,JuPt20,Ju,PD,3,86.9539,0.0,0.0,0,0,4.547473508864641e-13,1219.13,166,2,1.1904761904761905,80.0,1.553427624872579
JuPt20_04,JuPt20,Ju,PD,4,90.0337,0.0,0.0,0,0,4.547473508864641e-13,1214.73,168,2,1.1764705882352942,80.0,1.5478211009174312
JuPt20_05,JuPt20,Ju,PD,5,92.3835,0.0,0.0,0,0,4.547473508864641e-13,1213.85,174,1,0.5714285714285714,80.0,1.5466997961264013
JuPt20_06,JuPt20,Ju,PD,6,88.8438,0.0,0.0,0,0,4.547473508864641e-13,1218.69,168,2,1.1764705882352942,80.0,1.552866972477064
JuPt20_07,JuPt20,Ju,PD,7,88.1538,0.0,0.0,0,0,4.547473508864641e-13,1240.58,167,3,1.7647058823529411,80.0,1.5807594291539244
JuPt21_01,JuPt21,Ju,PD,1,178.1175,0.0,0.0,0,0,2.2737367544323206e-13,993.41,270,4,1.4598540145985401,75.0,1.3502004757050627
JuPt21_02,JuPt21,Ju,PD,2,168.9482,0.0,0.0,0,0,2.2737367544323206e-13,1002.1,248,6,2.3622047244094486,75.0,1.362011552837241
JuPt21_03,JuPt21,Ju,PD,3,162.3886,0.0,0.0,0,0,3.410605131648481e-13,1001.0,239,5,2.0491803278688523,75.0,1.3605164797825349
JuPt21_04,JuPt21,Ju,PD,4,155.1691,0.0,0.0,0,0,3.410605131648481e-13,1029.93,235,6,2.4896265560165975,75.0,1.399836901121305
JuPt21_05,JuPt21,Ju,PD,5,162.7486,0.0,0.0,0,0,2.2737367544323206e-13,1003.2,240,6,2.4390243902439024,75.0,1.363506625891947
JuPt21_06,JuPt21,Ju,PD,6,150.2995,0.0,0.0,0,0,3.410605131648481e-13,1006.17,232,6,2.5210084033613445,75.0,1.3675433231396534
JuPt21_07,JuPt21,Ju,PD,7,161.8487,0.0,0.0,0,0,3.410605131648481e-13,999.57,241,6,2.42914979757085,75.0,1.358572884811417
JuPt22_01,JuPt22,Ju,PD,1,85.754,0.0,0.0,0,0,2.2737367544323206e-13,1178.54,169,0,0.0,70.0,1.7162370758701033
JuPt23_01,JuPt23,Ju,PD,1,86.7839,0.0,0.0,0,0,3.410605131648481e-13,1244.98,171,3,1.7241379310344827,69.0,1.839264873169939
JuPt23_02,JuPt23,Ju,PD,2,91.5836,0.0,0.0,0,0,3.410605131648481e-13,1046.21,179,0,0.0,69.0,1.545613024272777
JuPt23_03,JuPt23,Ju,PD,3,83.8941,0.0,0.0,0,0,3.410605131648481e-13,1055.34,171,0,0.0,69.0,1.5591011833532773
JuPt23_04,JuPt23,Ju,PD,4,78.7945,0.0,0.0,0,0,2.2737367544323206e-13,1072.06,163,0,0.0,69.0,1.5838023903440737
JuPt23_05,JuPt23,Ju,PD,5,79.2645,0.0,0.0,0,0,2.2737367544323206e-13,1056.11,164,0,0.0,69.0,1.5602387389383798
JuPt23_06,JuPt23,Ju,PD,6,74.9248,0.0,0.0,0,0,3.410605131648481e-13,1110.89,159,0,0.0,69.0,1.6411676934213832
JuPt23_07,JuPt23,Ju,PD,7,72.4949,0.0,0.0,0,0,4.547473508864641e-13,1096.7,153,2,1.2903225806451613,69.0,1.6202041690673523
JuPt24_01,JuPt24,Ju,PD,1,122.0315,0.0,0.0,0,0,2.2737367544323206e-13,1039.61,208,6,2.803738317757009,75.0,1.4129935440027181
JuPt24_02,JuPt24,Ju,PD,2,111.7022,0.0,0.0,0,0,2.2737367544323206e-13,841.06,191,8,4.0201005025125625,75.0,1.1431328576282704
JuPt25_01,JuPt25,Ju,PD,1,97.8132,0.0,0.0,0,0,2.2737367544323206e-13,1019.48,160,6,3.6144578313253013,68.0,1.5282724710679378
JuPt26_01,JuPt26,Ju,PD,1,116.0119,0.0,0.0,0,0,3.410605131648481e-13,1084.82,191,0,0.0,84.0,1.3164652201349447
JuPt26_03,JuPt26,Ju,PD,3,107.2425,0.0,0.0,0,0,3.410605131648481e-13,1133.88,103,30,22.55639097744361,84.0,1.3760011649919908
JuPt26_04,JuPt26,Ju,PD,4,106.0226,0.0,0.0,0,0,3.410605131648481e-13,1141.03,90,24,21.05263157894737,84.0,1.3846779282559099
JuPt26_05,JuPt26,Ju,PD,5,105.7026,0.0,0.0,0,0,3.410605131648481e-13,1131.13,123,21,14.583333333333334,84.0,1.3726639483520218
JuPt26_06,JuPt26,Ju,PD,6,100.8529,0.0,0.0,0,0,3.410605131648481e-13,1142.9,94,23,19.65811965811966,84.0,1.3869472355710888
JuPt26_07,JuPt26,Ju,PD,7,100.133,0.0,0.0,0,0,3.410605131648481e-13,1169.52,71,17,19.318181818181817,84.0,1.4192514926459878
JuPt27_01,JuPt27,Ju,PD,1,101.0929,0.0,0.0,0,0,4.547473508864641e-13,1112.32,168,5,2.8901734104046244,65.0,1.7444052379832196
JuPt28_01,JuPt28,Ju,PD,1,94.4834,0.0,0.0,0,0,2.2737367544323206e-13,968.22,165,6,3.508771929824561,65.0,1.5184191954834159
JuPt28_02,JuPt28,Ju,PD,2,87.3339,0.0,0.0,0,0,3.410605131648481e-13,1045.77,153,3,1.9230769230769231,65.0,1.640037638202776
JuPt28_03,JuPt28,Ju,PD,3,85.484,0.0,0.0,0,0,3.410605131648481e-13,1025.53,149,4,2.6143790849673203,65.0,1.6082960871951697
JuPt28_04,JuPt28,Ju,PD,4,91.8236,0.0,0.0,0,0,3.410605131648481e-13,1015.41,158,4,2.4691358024691357,65.0,1.5924253116913667
JuPt28_05,JuPt28,Ju,PD,5,86.9839,0.0,0.0,0,0,3.410605131648481e-13,1018.93,155,2,1.2738853503184713,65.0,1.59794558143182
JuPt28_06,JuPt28,Ju,PD,6,90.3337,0.0,0.0,0,0,3.410605131648481e-13,1020.8,156,4,2.5,65.0,1.6008782247314357
JuPt28_07,JuPt28,Ju,PD,7,88.0938,0.0,0.0,0,0,3.410605131648481e-13,1032.57,155,3,1.8987341772151898,65.0,1.6193366266760763
JuPt29_01,JuPt29,Ju,PD,1,105.8126,0.0,0.0,0,0,2.2737367544323206e-13,856.02,179,9,4.787234042553192,61.0,1.4304908006216472
JuPt29_02,JuPt29,Ju,PD,2,81.7443,0.0,0.0,0,0,2.2737367544323206e-13,864.6,158,5,3.067484662576687,61.0,1.444828796310222
JuPt29_03,JuPt29,Ju,PD,3,81.7443,0.0,0.0,0,0,2.2737367544323206e-13,864.6,158,5,3.067484662576687,61.0,1.444828796310222
JuPt29_04,JuPt29,Ju,PD,4,82.3242,0.0,0.0,0,0,2.2737367544323206e-13,880.22,160,4,2.4390243902439024,61.0,1.4709313012817298
JuPt29_05,JuPt29,Ju,PD,5,82.8242,0.0,0.0,0,0,2.2737367544323206e-13,903.32,158,6,3.658536585365854,61.0,1.509533597366354
JuPt29_06,JuPt29,Ju,PD,6,84.5241,0.0,0.0,0,0,2.2737367544323206e-13,866.8,164,4,2.380952380952381,61.0,1.4485052054611385
JuPt29_07,JuPt29,Ju,PD,7,90.6337,0.0,0.0,0,0,2.2737367544323206e-13,870.21,153,11,6.7073170731707314,61.0,1.4542036396450593
SiCo01_01,SiCo01,Si,Control,1,121.1715,0.0,0.0,0,0,2.2737367544323206e-13,791.67,184,2,1.075268817204301,56.0,1.4410768894713848
SiCo03_01,SiCo03,Si,Control,1,121.1715,0.0,0.0,0,0,2.2737367544323206e-13,1000.89,230,0,0.0,60.0,1.7004587155963302
SiCo04_01,SiCo04,Si,Control,1,121.1715,0.0,0.0,0,0,4.547473508864641e-13,1300.97,217,3,1.3636363636363635,80.0,1.657708970438328
SiCo05_01,SiCo05,Si,Control,1,121.1715,0.0,0.0,0,0,4.547473508864641e-13,1518.22,213,3,1.3888888888888888,90.0,1.7195831917544455
SiCo06_01,SiCo06,Si,Control,1,121.1715,0.0,0.0,0,0,2.2737367544323206e-13,863.28,224,0,0.0,54.0,1.6296296296296295
SiCo07_01,SiCo07,Si,Control,1,121.1715,0.0,0.0,0,0,2.2737367544323206e-13,939.84,224,2,0.8849557522123894,55.0,1.7418960244648316
SiCo08_01,SiCo08,Si,Control,1,121.1715,0.0,0.0,0,0,2.2737367544323206e-13,1060.73,235,0,0.0,69.0,1.5670640724489948
SiCo09_01,SiCo09,Si,Control,1,121.1715,0.0,0.0,0,0,4.547473508864641e-13,1201.09,219,0,0.0,75.0,1.632470268433571
SiCo10_01,SiCo10,Si,Control,1,121.1715,0.0,0.0,0,0,3.410605131648481e-13,1041.04,244,0,0.0,68.0,1.5605924326917309
SiCo11_01,SiCo11,Si,Control,1,121.1715,0.0,0.0,0,0,4.547473508864641e-13,1336.94,262,5,1.8726591760299625,80.0,1.7035423037716615
SiCo12_01,SiCo12,Si,Control,1,121.1715,0.0,0.0,0,0,3.410605131648481e-13,1065.02,259,0,0.0,54.0,2.010457960508929
SiCo13_01,SiCo13,Si,Control,1,121.1715,0.0,0.0,0,0,2.2737367544323206e-13,1114.63,227,0,0.0,69.0,1.6466929634061667
SiCo14_01,SiCo14,Si,Control,1,121.1715,0.0,0.0,0,0,3.410605131648481e-13,1059.74,208,0,0.0,64.0,1.687914118246687
SiCo15_01,SiCo15,Si,Control,1,121.1715,0.0,0.0,0,0,4.547473508864641e-13,1286.12,230,2,0.8620689655172413,73.0,1.7959309063996758
SiCo16_01,SiCo16,Si,Control,1,121.1715,0.0,0.0,0,0,4.547473508864641e-13,1238.93,185,5,2.6315789473684212,88.0,1.4351427115188582
SiCo17_01,SiCo17,Si,Control,1,121.1715,0.0,0.0,0,0,2.2737367544323206e-13,971.74,216,0,0.0,,
SiCo18_01,SiCo18,Si,Control,1,121.1715,0.0,0.0,0,0,2.2737367544323206e-13,834.35,215,3,1.3761467889908257,56.0,1.5187672928498617
SiCo19_01,SiCo19,Si,Control,1,121.1715,0.0,0.0,0,0,4.547473508864641e-13,1222.76,199,3,1.4851485148514851,80.0,1.5580530071355758
SiCo20_01,SiCo20,Si,Control,1,121.1715,0.0,0.0,0,0,4.547473508864641e-13,1599.84,199,6,2.926829268292683,86.0,1.896308939620226
SiCo21_01,SiCo21,Si,Control,1,121.1715,0.0,0.0,0,0,4.547473508864641e-13,1617.33,224,0,0.0,98.0,1.682300443113025
SiCo22_01,SiCo22,Si,Control,1,121.1715,0.0,0.0,0,0,4.547473508864641e-13,1371.59,238,0,0.0,88.0,1.5888124362895002
SiCo23_01,SiCo23,Si,Control,1,121.1715,0.0,0.0,0,0,3.410605131648481e-13,1017.17,213,0,0.0,76.0,1.364303342453994
SiCo24_01,SiCo24,Si,Control,1,121.1715,0.0,0.0,0,0,3.410605131648481e-13,1043.9,199,4,1.9704433497536946,73.0,1.4576962283384303
SiCo25_01,SiCo25,Si,Control,1,121.1715,0.0,0.0,0,0,4.547473508864641e-13,1175.46,210,0,0.0,80.0,1.4977828746177368
SiCo26_01,SiCo26,Si,Control,1,121.1715,0.0,0.0,0,0,3.410605131648481e-13,1026.85,197,0,0.0,72.0,1.453802808925133
SiCo27_01,SiCo27,Si,Control,1,121.1715,0.0,0.0,0,0,3.410605131648481e-13,1222.87,227,0,0.0,95.0,1.3121626696711195
SiCo28_01,SiCo28,Si,Control,1,121.1715,0.0,0.0,0,0,2.2737367544323206e-13,1031.69,202,0,0.0,72.0,1.460655227092536
SiCo29_01,SiCo29,Si,Control,1,121.1715,0.0,0.0,0,0,4.547473508864641e-13,1286.56,226,0,0.0,87.0,1.5074460730898567
SiCo30_01,SiCo30,Si,Control,1,121.1715,0.0,0.0,0,0,4.547473508864641e-13,1283.15,225,0,0.0,82.0,1.595124437482907
SiPt02_01,SiPt02,Si,PD,1,121.1715,0.0,0.0,0,0,2.2737367544323206e-13,1000.56,215,0,0.0,67.0,1.5222967730156556
SiPt04_01,SiPt04,Si,PD,1,121.1715,0.0,0.0,0,0,3.410605131648481e-13,927.08,201,3,1.4705882352941178,70.0,1.3500509683995923
SiPt05_01,SiPt05,Si,PD,1,121.1715,0.0,0.0,0,0,3.410605131648481e-13,1192.62,176,10,5.376344086021505,76.0,1.5996298084661191
SiPt07_01,SiPt07,Si,PD,1,121.1715,0.0,0.0,0,0,2.2737367544323206e-13,1122.66,198,4,1.9801980198019802,65.0,1.7606210303458012
SiPt08_01,SiPt08,Si,PD,1,121.1715,0.0,0.0,0,0,3.410605131648481e-13,1911.03,194,7,3.482587064676617,100.0,1.9480428134556576
SiPt09_01,SiPt09,Si,PD,1,121.1715,0.0,0.0,0,0,4.547473508864641e-13,1268.08,210,0,0.0,80.0,1.6158002038735981
SiPt10_01,SiPt10,Si,PD,1,121.1715,0.0,0.0,0,0,2.2737367544323206e-13,729.41,190,5,2.5641025641025643,60.0,1.2392286782195039
SiPt12_01,SiPt12,Si,PD,1,121.1715,0.0,0.0,0,0,3.410605131648481e-13,1007.05,196,2,1.0101010101010102,55.0,1.8664627930682973
SiPt13_01,SiPt13,Si,PD,1,121.1715,0.0,0.0,0,0,3.410605131648481e-13,1139.93,219,0,0.0,75.0,1.5493442065919132
SiPt14_01,SiPt14,Si,PD,1,121.1715,0.0,0.0,0,0,2.2737367544323206e-13,937.31,210,5,2.3255813953488373,65.0,1.4699443268250607
SiPt15_01,SiPt15,Si,PD,1,121.1715,0.0,0.0,0,0,2.2737367544323206e-13,1279.74,217,6,2.690582959641256,82.0,1.590885358394868
SiPt16_01,SiPt16,Si,PD,1,121.1715,0.0,0.0,0,0,3.410605131648481e-13,1093.95,197,0,0.0,69.0,1.6161414705491293
SiPt17_01,SiPt17,Si,PD,1,121.1715,0.0,0.0,0,0,3.410605131648481e-13,1195.7,209,0,0.0,80.0,1.523572884811417
SiPt18_01,SiPt18,Si,PD,1,121.1715,0.0,0.0,0,0,4.547473508864641e-13,1208.13,188,4,2.0833333333333335,88.0,1.3994648318042813
SiPt19_01,SiPt19,Si,PD,1,121.1715,0.0,0.0,0,0,4.547473508864641e-13,1173.59,212,0,0.0,76.0,1.5741053704597885
SiPt20_01,SiPt20,Si,PD,1,121.1715,0.0,0.0,0,0,3.410605131648481e-13,1108.03,182,4,2.150537634408602,77.0,1.4668705402650357
SiPt21_01,SiPt21,Si,PD,1,121.1715,0.0,0.0,0,0,3.410605131648481e-13,1129.26,220,2,0.9009009009009009,66.0,1.7441386340468907
SiPt22_01,SiPt22,Si,PD,1,121.1715,0.0,0.0,0,0,3.410605131648481e-13,1025.42,215,1,0.46296296296296297,67.0,1.5601198898473994
SiPt23_01,SiPt23,Si,PD,1,121.1715,0.0,0.0,0,0,4.547473508864641e-13,1245.31,215,2,0.9216589861751152,82.0,1.5480843340543495
SiPt24_01,SiPt24,Si,PD,1,121.1715,0.0,0.0,0,0,2.2737367544323206e-13,897.05,205,5,2.380952380952381,52.0,1.7585078020857836
SiPt25_01,SiPt25,Si,PD,1,121.1715,0.0,0.0,0,0,3.410605131648481e-13,1194.05,222,2,0.8928571428571429,80.0,1.5214704383282363
SiPt27_01,SiPt27,Si,PD,1,121.1715,0.0,0.0,0,0,3.410605131648481e-13,1182.94,206,5,2.3696682464454977,75.0,1.6078015630309208
SiPt28_01,SiPt28,Si,PD,1,121.1715,0.0,0.0,0,0,2.2737367544323206e-13,979.55,209,2,0.9478672985781991,72.0,1.386835995016423
SiPt29_01,SiPt29,Si,PD,1,121.1715,0.0,0.0,0,0,3.410605131648481e-13,1085.15,178,4,2.197802197802198,85.0,1.3013731486478384
SiPt30_01,SiPt30,Si,PD,1,121.1715,0.0,0.0,0,0,4.547473508864641e-13,1292.39,213,2,0.9302325581395349,89.0,1.4802483134613844
SiPt31_01,SiPt31,Si,PD,1,121.1715,0.0,0.0,0,0,3.410605131648481e-13,1001.0,206,3,1.4354066985645932,74.0,1.3789018376174338
SiPt32_01,SiPt32,Si,PD,1,121.1715,0.0,0.0,0,0,4.547473508864641e-13,1145.98,187,2,1.0582010582010581,75.0,1.5575671083927964
SiPt33_01,SiPt33,Si,PD,1,121.1715,0.0,0.0,0,0,4.547473508864641e-13,1196.47,206,2,0.9615384615384616,74.0,1.6481665151389921
SiPt34_01,SiPt34,Si,PD,1,121.1715,0.0,0.0,0,0,2.2737367544323206e-13,929.39,220,1,0.45248868778280543,68.0,1.3932212028542303
SiPt35_01,SiPt35,Si,PD,1,121.1715,0.0,0.0,0,0,4.547473508864641e-13,1227.6,198,2,1.0,95.0,1.3172380492515692
SiPt36_01,SiPt36,Si,PD,1,121.1715,0.0,0.0,0,0,2.2737367544323206e-13,916.19,224,0,0.0,62.0,1.5063463878201966
SiPt37_01,SiPt37,Si,PD,1,121.1715,0.0,0.0,0,0,2.2737367544323206e-13,808.83,191,3,1.5463917525773196,62.0,1.329831311038769
SiPt38_01,SiPt38,Si,PD,1,121.1715,0.0,0.0,0,0,2.2737367544323206e-13,759.99,206,0,0.0,60.0,1.2911824668705403
SiPt39_01,SiPt39,Si,PD,1,121.1715,0.0,0.0,0,0,4.547473508864641e-13,1138.83,222,1,0.4484304932735426,53.0,2.1903525474583114
SiPt40_01,SiPt40,Si,PD,1,121.1715,0.0,0.0,0,0,3.410605131648481e-13,1164.02,237,0,0.0,81.0,1.4648947282314595
