n_strides_left,n_strides_right,n_strides_removed,stride_time_mean_s,stride_time_cv_pct,swing_time_mean_s,swing_time_cv_pct,stance_time_mean_s,swing_pct_mean,cadence_strides_per_min,stride_time_asymmetry_pct,swing_time_asymmetry_pct,participant,group,walk
92,93,3,1.2324324324324325,3.242132974290023,0.45356756756756755,8.801547631110195,0.7788648648648651,36.82623690921842,46.54559859372873,0.12944946989731188,1.469371767549601,GaCo01,Control,1
100,103,7,1.1033990147783252,3.5923877026107105,0.39221674876847296,6.356865126915451,0.7111822660098522,35.56462409101476,51.00209207610701,0.3038204564521836,0.7452868834706602,GaCo02,Control,1
90,91,8,1.2417127071823204,4.875681015095061,0.41259668508287295,9.740288351074819,0.8291160220994475,33.26371808569999,46.54559859372873,0.3129881220860096,10.092578203050373,GaCo03,Control,1
95,95,1,1.2518947368421052,5.479448334453112,0.445421052631579,7.1349952654831625,0.8064736842105265,35.631036707194966,47.04076453621521,0.3699655259396203,3.2848871558549138,GaCo04,Control,1
105,114,5,1.0522831050228312,3.9388601961686884,0.33858447488584476,11.675281705943268,0.7136986301369863,32.148265175431895,54.46825367351234,0.12218023847772935,0.6018722446577488,GaCo05,Control,1
102,103,0,1.1690243902439024,5.191979862719979,0.4326829268292684,10.240756955164972,0.7363414634146341,36.99776534800722,50.50692613362053,0.2511868272253774,0.46747321378485407,GaCo06,Control,1
103,103,12,1.0436407766990292,3.895326688366595,0.38524271844660185,11.379986006320749,0.6583980582524273,36.94913554363891,53.97308773102586,0.10233034094609517,6.451612903225796,GaCo07,Control,1
96,95,5,1.210523560209424,5.573065241162576,0.43293193717277484,9.549867772326781,0.7775916230366493,35.81494425408903,48.52626236367463,0.13885850698572785,2.8126210863008025,GaCo08,Control,1
109,109,5,1.0642201834862386,4.579989968234632,0.38908256880733944,6.834734385655862,0.6751376146788991,36.60691429144996,55.4585855584853,0.31034482758620996,0.04715868898845611,GaCo09,Control,1
112,112,0,1.071607142857143,4.95696923232566,0.38767857142857143,6.036476254542,0.6839285714285713,36.20729785986371,55.4585855584853,0.03332777870355757,1.05941962229389,GaCo10,Control,1
116,110,6,1.01070796460177,4.23401858510231,0.3470353982300885,9.901456386232677,0.6636725663716815,34.341944779217776,58.42958121340415,0.34677311794937726,5.488107595793667,GaCo11,Control,1
115,117,5,1.0013793103448276,3.7543048782603905,0.37353448275862067,5.3075547206081435,0.6278448275862069,37.30860977872261,58.42958121340415,0.2606557510885826,2.924078988727822,GaCo12,Control,1
119,118,0,1.0080168776371308,3.824352213809326,0.34016877637130793,9.531139787913506,0.667848101265823,33.75886932861808,58.92474715589062,0.01003209564118443,2.033939467532877,GaCo13,Control,1
49,35,16,1.091904761904762,6.955432413246562,0.30583333333333335,27.606203539944982,0.7860714285714284,27.99990811339172,29.62016041655299,3.719674528478746,41.834127477384165,GaCo13,Control,10
99,99,13,1.090909090909091,5.140328908628208,0.4270707070707071,8.309640958540413,0.6638383838383838,39.21615767873642,52.48758990356644,0.314814814814827,3.4058656575213218,GaCo14,Control,1
100,102,13,1.0895544554455447,6.071295114592866,0.4241584158415842,7.734751918413596,0.6653960396039605,38.98658179914294,52.98275584605291,0.5353728489483972,2.3536372292531524,GaCo14,Control,10
112,109,6,1.0461990950226245,5.317093881842844,0.3916289592760181,5.95177528492121,0.6545701357466065,37.462735457097665,56.44891744345824,0.7366482504603913,1.2592506611536443,GaCo15,Control,1
111,112,7,1.0350224215246635,5.210304333437044,0.38771300448430496,6.640421800683086,0.6473094170403586,37.51102255923735,56.94408338594472,0.22094707256787838,0.3522814268020242,GaCo15,Control,10
108,105,11,1.0538028169014084,6.6524327405012205,0.3894366197183098,9.566080406923893,0.6643661971830985,36.999827536300124,54.963419615998816,1.389159135673353,1.4511658242295724,GaCo16,Control,1
28,27,7,1.1987272727272729,9.428855011515505,0.4238181818181819,11.867895401469129,0.7749090909090909,35.57769544520691,36.302316321989835,1.6123959143807818,4.174407168615441,GaCo16,Control,10
101,100,12,1.0954726368159204,5.536555020337815,0.43587064676616916,6.147646962119898,0.6596019900497512,39.814644794735464,52.98275584605291,0.8125415196063033,0.5801605095599435,GaCo17,Control,1
100,98,6,1.158080808080808,5.484164773206338,0.4483838383838384,7.363317351098775,0.7096969696969696,38.72451005903256,50.50692613362053,0.23015121957237894,2.4408119045343017,GaCo17,Control,10
103,107,7,1.0942857142857143,5.605832140296297,0.3874761904761905,10.83651027167955,0.7068095238095239,35.43151743775663,53.47792178853939,0.6293845464948558,0.9838465096400222,GaCo22,Control,1
102,105,9,1.0842028985507246,6.069870440777732,0.39101449275362316,10.919356086838185,0.6931884057971015,36.06489134786853,52.98275584605291,1.1208462414961458,1.6485701287117296,GaCo22,Control,10
73,76,4,1.5243624161073825,7.082016158592669,0.437986577181208,20.474931623160685,1.0863758389261746,28.619385194128483,37.137445686485684,0.09080976772563633,4.700752745670669,GaPt03,PD,1
90,91,2,1.2865193370165744,5.435854791067209,0.37878453038674037,9.877816696265006,0.9077348066298342,29.45615801584304,45.0601007662693,0.23489717909840385,8.746066300461349,GaPt04,PD,1
109,111,1,1.0847272727272728,5.449196227537655,0.3646818181818183,12.141182255111113,0.7200454545454545,33.61007355091672,54.46825367351234,0.07497622704998229,8.870055153243086,GaPt05,PD,1
103,104,0,1.1581159420289855,4.689107074877866,0.3631400966183575,9.572108884239103,0.794975845410628,31.37357459261254,51.00209207610701,0.04014267577536968,8.747189285020958,GaPt06,PD,1
74,77,7,1.4163576158940396,8.364559732964823,0.4164238410596027,23.36596635991127,0.9999337748344371,29.428598478732074,39.11810945643159,0.4686475762791575,11.757309552893137,GaPt07,PD,1
104,102,1,1.153252427184466,4.820318784958702,0.4015533980582524,10.102835999196312,0.7516990291262134,34.860405159604554,51.497258018593485,0.18817043893085045,5.942537777829991,GaPt08,PD,1
112,118,4,0.9868260869565216,4.713794355468957,0.330304347826087,10.64242758007061,0.6565217391304348,33.44676412748133,56.94408338594472,0.43124998082990074,1.0320919675025948,GaPt09,PD,1
117,120,3,0.9933755274261605,3.8814810429510005,0.34147679324894514,9.663098758775295,0.6518987341772153,34.356458843593195,58.92474715589062,0.008388909861173794,3.2975798354025168,GaPt12,PD,1
111,115,5,0.9777433628318584,4.584168016896679,0.2898672566371681,10.57662814006077,0.6878761061946902,29.576970851115874,56.44891744345824,0.5440854641210774,6.449083231815744,GaPt13,PD,1
95,95,6,1.1548421052631577,5.520674090851712,0.3234736842105263,11.84260774606054,0.8313684210526318,27.969478792871165,49.021428306161106,0.1276091513991413,4.685974617637483,GaPt13,PD,10
108,115,8,1.010358744394619,4.7516458983189915,0.36708520179372195,8.373208056801577,0.6432735426008969,36.35650248045652,55.95375150097177,0.28211442369763656,5.655350915610991,GaPt14,PD,1
107,107,8,1.0629906542056076,4.357121461628764,0.37411214953271027,7.516099413455078,0.6888785046728971,35.19434403342518,54.963419615998816,0.0,8.24381713714715,GaPt14,PD,10
105,104,7,1.0846889952153111,4.344238538349373,0.38851674641148326,11.549719655550522,0.6961722488038278,35.86236349783929,53.47792178853939,0.12765052123962223,6.768804394703161,GaPt15,PD,1
113,114,2,1.0450660792951543,3.5571208581285108,0.3651101321585903,8.238106156271197,0.6799559471365639,34.96433356609473,56.44891744345824,0.09700970914172183,8.049097132066553,GaPt15,PD,10
102,107,9,1.0576076555023926,2.212226533587251,0.36162679425837313,4.527209659153992,0.695980861244019,34.19053739320232,52.98275584605291,0.13757803741637578,4.573108581890682,GaPt16,PD,1
97,102,8,1.0960301507537686,2.7556205243258183,0.36924623115577887,3.852860536605797,0.7267839195979899,33.69020353117537,50.01176019113406,0.3944267509315523,1.2696006053797766,GaPt16,PD,10
100,101,2,1.17273631840796,5.5435013284479275,0.3727860696517413,13.361556131469863,0.799950248756219,31.723098890840866,50.01176019113406,0.07868524719156908,9.347546411790727,GaPt17,PD,1
94,94,8,1.203404255319149,6.817668385140619,0.321968085106383,13.899061397017228,0.881436170212766,26.818206773429782,48.52626236367463,0.17680339462518166,14.439121096976699,GaPt17,PD,10
102,105,1,1.146086956521739,4.771328566977256,0.366183574879227,14.246496492347022,0.779903381642512,31.89575962143274,51.00209207610701,0.18697413524463158,9.01592349384233,GaPt18,PD,1
91,95,3,1.2478494623655914,4.8643941531655095,0.3844086021505376,7.933228778850026,0.8634408602150538,30.833390290067555,46.54559859372873,0.47297190813851453,7.792966573606425,GaPt18,PD,10
118,125,5,0.9441563786008229,3.602195425503645,0.29695473251028803,9.036488788352319,0.647201646090535,31.44421812375365,60.410244983350054,0.4893961182234486,0.32920194781622436,GaPt19,PD,1
125,128,6,0.8972727272727272,5.839029136428925,0.2408695652173913,17.139643307926086,0.6564031620553359,26.73848274140392,63.381240638268906,0.1746282010961767,16.79759341897036,GaPt19,PD,10
100,102,6,1.1186633663366334,5.132418524235611,0.3696039603960396,8.114873575675613,0.7490594059405941,33.073554044119334,51.00209207610701,0.07729783592353612,3.9621290476569473,GaPt20,PD,1
94,95,6,1.1883597883597883,4.630869287504262,0.3778306878306878,8.287047822692141,0.8105291005291005,31.803425911783947,48.03109642118815,0.20335258492423308,4.558689084246695,GaPt20,PD,10
113,113,5,1.021858407079646,4.219241374312305,0.36659292035398233,8.882258090287818,0.6552654867256638,35.87715247699825,57.439249328431195,0.22516670996795612,2.389861194930605,GaPt21,PD,1
107,111,2,1.0887155963302755,5.090120819552811,0.37623853211009173,7.710802528082326,0.7124770642201834,34.573934456282004,53.97308773102586,0.35838440865414845,3.696830360840548,GaPt21,PD,10
95,96,0,1.2540314136125654,3.5835433977363547,0.43670157068062826,7.898969774832557,0.8173298429319372,34.83040703670262,47.04076453621521,0.02841710184907268,2.605580229927742,GaPt22,PD,1
91,92,2,1.2856830601092897,5.34245510695309,0.4204918032786885,10.356021250698749,0.865191256830601,32.69323254072162,45.555266708755774,0.06317518478741077,9.901428729648897,GaPt22,PD,10
71,68,3,1.6283453237410073,6.374845799862104,0.38366906474820145,13.821081378632872,1.2446762589928058,23.5793260009923,36.14711380151274,0.2166160953517819,31.04090219414823,GaPt23,PD,1
62,60,2,1.8974590163934424,7.033668880961562,0.36295081967213116,15.62466583937891,1.5345081967213112,19.159647153915113,31.195454376647977,0.004250164693901427,46.294602012808774,GaPt23,PD,10
102,106,12,1.028076923076923,5.2510915148702395,0.3737980769230769,10.367356435071919,0.654278846153846,36.330348328965414,53.47792178853939,0.3296173416145265,3.871867742103042,GaPt24,PD,1
103,101,11,1.0362254901960783,6.587808378816799,0.372843137254902,10.103129047936873,0.6633823529411765,35.960566136139484,53.47792178853939,0.05445357415355435,3.0886258734947973,GaPt24,PD,10
113,115,5,0.9727192982456141,4.966908970648344,0.3210964912280702,9.36551819447028,0.6516228070175438,33.03644409000918,57.439249328431195,0.3738841228200508,9.587630472596429,GaPt25,PD,1
109,113,10,0.9978828828828827,4.374029337104178,0.3298648648648649,10.087429722430826,0.6680180180180181,33.042909366063846,56.94408338594472,0.6850192816776669,9.325452299339688,GaPt25,PD,10
98,99,9,1.1225888324873095,4.448760948071814,0.36421319796954316,10.840045906548642,0.7583756345177667,32.42940885954374,51.00209207610701,0.6940488001054166,0.4856182293612209,GaPt26,PD,1
92,95,9,1.1976470588235295,7.3200335200574465,0.36459893048128333,18.129863881048514,0.8330481283422458,30.420513972885985,48.52626236367463,0.22593472731399486,3.9710002164631217,GaPt26,PD,10
107,98,5,1.1124878048780487,3.6841761520878995,0.3631219512195122,9.03889037230416,0.7493658536585366,32.62381945614687,52.98275584605291,0.16485035522551889,4.862052093977474,GaPt27,PD,1
78,78,0,1.5233333333333332,8.17896136948254,0.4507051282051282,16.679700915345,1.0726282051282052,29.54595874403699,38.62294351394512,0.10099309880491172,12.430664201393835,GaPt27,PD,10
104,105,3,1.1143062200956937,3.661814643594083,0.3346889952153109,11.478604937223151,0.7796172248803828,29.987936150509846,52.48758990356644,0.12392897587659296,5.648672389589278,GaPt28,PD,1
108,104,2,1.0992924528301888,4.393890408606518,0.32188679245283025,11.873170877048643,0.7774056603773585,29.221427550706654,53.47792178853939,0.023324975217229905,6.702564045863126,GaPt28,PD,10
117,118,3,1.0038297872340427,4.6426498376712955,0.3311489361702128,8.793294627517747,0.6726808510638298,33.00159767897788,58.92474715589062,0.1324065118027964,5.425195248853418,GaPt29,PD,1
105,106,10,1.0644549763033175,3.9801126066832238,0.33658767772511844,6.939557999713827,0.727867298578199,31.6245683138958,54.46825367351234,0.5837656429102916,6.241367576115498,GaPt29,PD,10
107,99,6,1.0871844660194174,4.21470692356998,0.32941747572815533,12.279747127448928,0.7577669902912622,30.27719317387357,53.97308773102586,0.5926070018636194,0.013755512951674306,GaPt30,PD,1
105,103,8,1.0553365384615385,5.221671970301159,0.2745673076923077,10.291645039509106,0.7807692307692308,26.020100452272207,53.47792178853939,0.12818114633197605,1.0476176044208336,GaPt30,PD,10
103,101,5,1.1081372549019608,4.715158307061262,0.3598039215686274,10.900874233627135,0.7483333333333333,32.38609731777734,51.992423961079965,0.4214017985477309,5.6654772333924415,GaPt31,PD,1
96,92,8,1.1514361702127658,4.043590985943931,0.33617021276595743,9.1519262438492,0.8152659574468084,29.175225215932613,49.516594248647586,0.24426652191612513,6.216047014156741,GaPt31,PD,10
119,119,2,0.9963445378151261,4.287605050055976,0.3497058823529412,8.726822072953254,0.646638655462185,35.09525780157155,59.4199130983771,0.00843419221524724,5.1183467499699535,GaPt32,PD,1
110,110,2,1.0759545454545456,5.231517739598901,0.37000000000000005,8.870175024871267,0.7059545454545455,34.397360575286086,54.963419615998816,0.059144100376020387,7.4692874692874955,GaPt32,PD,10
92,94,4,1.2335483870967743,3.8308701353193397,0.3323655913978495,9.572018112568593,0.9011827956989248,26.92874808709876,47.04076453621521,0.041058330013374535,3.2503130652567345,GaPt33,PD,1
96,96,5,1.1885416666666666,4.475054285939688,0.32401041666666663,10.868634946830571,0.8645312500000001,27.23091353058632,48.52626236367463,0.3856266432953405,7.876547178910141,GaPt33,PD,10
