feature,control_median,pd_median,auc_pd_higher,p_mann_whitney,n_control,n_pd
swing_time_asymmetry_pct,1.7280769993667038,5.310863407011358,0.7572431302270012,1.5315468386849862e-08,72,93
swing_pct_mean,35.64627726177811,33.89318715022098,0.2554510155316607,7.502300478245976e-08,72,93
swing_time_cv_pct,7.448124574045362,9.03889037230416,0.6724163679808841,0.00014961439464612392,72,93
stance_time_mean_s,0.6928242009132419,0.7227678571428571,0.62776284348865,0.00496522084642436,72,93
swing_time_mean_s,0.3872872023809524,0.3696039603960396,0.3859767025089606,0.012176200312052715,72,93
stride_time_cv_pct,4.0655663486537605,4.472989973597051,0.6013291517323776,0.025899796058850455,72,93
cadence_strides_per_min,53.86886763318785,52.609367253536995,0.42801672640382316,0.11353033092817282,72,93
stride_time_mean_s,1.0789224594881115,1.1058215962441313,0.5587664277180406,0.19660529177442387,72,93
stride_time_asymmetry_pct,0.1664374655568855,0.1600454144276069,0.4938769414575866,0.8941369779448487,72,93
