n_strides_left,n_strides_right,n_strides_removed,stride_time_mean_s,stride_time_cv_pct,swing_time_mean_s,swing_time_cv_pct,stance_time_mean_s,swing_pct_mean,cadence_strides_per_min,stride_time_asymmetry_pct,swing_time_asymmetry_pct,record,participant,study,group,Age,sex,HoehnYahr,UPDRSM,Speed_01
92,93,3,1.2324324324324325,3.242132974290023,0.45356756756756755,8.801547631110195,0.7788648648648651,36.82623690921842,46.54559859372873,0.12944946989731188,1.469371767549601,GaCo01_01,GaCo01,Ga,Control,66,M,0.0,0.0,1.075
100,103,7,1.1033990147783252,3.5923877026107105,0.39221674876847296,6.356865126915451,0.7111822660098522,35.56462409101476,51.00209207610701,0.3038204564521836,0.7452868834706602,GaCo02_01,GaCo02,Ga,Control,74,M,0.0,1.0,1.04
90,91,8,1.2417127071823204,4.875681015095061,0.41259668508287295,9.740288351074819,0.8291160220994475,33.26371808569999,46.54559859372873,0.3129881220860096,10.092578203050373,GaCo03_01,GaCo03,Ga,Control,69,M,0.0,0.0,1.051
95,95,1,1.2518947368421052,5.479448334453112,0.445421052631579,7.1349952654831625,0.8064736842105265,35.631036707194966,47.04076453621521,0.3699655259396203,3.2848871558549138,GaCo04_01,GaCo04,Ga,Control,86,M,0.0,3.0,1.175
105,114,5,1.0522831050228312,3.9388601961686884,0.33858447488584476,11.675281705943268,0.7136986301369863,32.148265175431895,54.46825367351234,0.12218023847772935,0.6018722446577488,GaCo05_01,GaCo05,Ga,Control,75,F,0.0,0.0,0.92
102,103,0,1.1690243902439024,5.191979862719979,0.4326829268292684,10.240756955164972,0.7363414634146341,36.99776534800722,50.50692613362053,0.2511868272253774,0.46747321378485407,GaCo06_01,GaCo06,Ga,Control,82,M,0.0,1.0,1.121
103,103,12,1.0436407766990292,3.895326688366595,0.38524271844660185,11.379986006320749,0.6583980582524273,36.94913554363891,53.97308773102586,0.10233034094609517,6.451612903225796,GaCo07_01,GaCo07,Ga,Control,79,M,0.0,1.0,1.282
96,95,5,1.210523560209424,5.573065241162576,0.43293193717277484,9.549867772326781,0.7775916230366493,35.81494425408903,48.52626236367463,0.13885850698572785,2.8126210863008025,GaCo08_01,GaCo08,Ga,Control,78,F,0.0,1.0,0.975
109,109,5,1.0642201834862386,4.579989968234632,0.38908256880733944,6.834734385655862,0.6751376146788991,36.60691429144996,55.4585855584853,0.31034482758620996,0.04715868898845611,GaCo09_01,GaCo09,Ga,Control,78,F,0.0,1.0,1.249
112,112,0,1.071607142857143,4.95696923232566,0.38767857142857143,6.036476254542,0.6839285714285713,36.20729785986371,55.4585855584853,0.03332777870355757,1.05941962229389,GaCo10_01,GaCo10,Ga,Control,69,M,0.0,0.0,1.164
116,110,6,1.01070796460177,4.23401858510231,0.3470353982300885,9.901456386232677,0.6636725663716815,34.341944779217776,58.42958121340415,0.34677311794937726,5.488107595793667,GaCo11_01,GaCo11,Ga,Control,70,M,0.0,3.0,1.515
115,117,5,1.0013793103448276,3.7543048782603905,0.37353448275862067,5.3075547206081435,0.6278448275862069,37.30860977872261,58.42958121340415,0.2606557510885826,2.924078988727822,GaCo12_01,GaCo12,Ga,Control,65,F,0.0,1.0,1.389
119,118,0,1.0080168776371308,3.824352213809326,0.34016877637130793,9.531139787913506,0.667848101265823,33.75886932861808,58.92474715589062,0.01003209564118443,2.033939467532877,GaCo13_01,GaCo13,Ga,Control,67,F,0.0,0.0,1.211
99,99,13,1.090909090909091,5.140328908628208,0.4270707070707071,8.309640958540413,0.6638383838383838,39.21615767873642,52.48758990356644,0.314814814814827,3.4058656575213218,GaCo14_01,GaCo14,Ga,Control,68,F,0.0,2.0,1.298
112,109,6,1.0461990950226245,5.317093881842844,0.3916289592760181,5.95177528492121,0.6545701357466065,37.462735457097665,56.44891744345824,0.7366482504603913,1.2592506611536443,GaCo15_01,GaCo15,Ga,Control,67,F,0.0,0.0,1.344
108,105,11,1.0538028169014084,6.6524327405012205,0.3894366197183098,9.566080406923893,0.6643661971830985,36.999827536300124,54.963419615998816,1.389159135673353,1.4511658242295724,GaCo16_01,GaCo16,Ga,Control,63,F,0.0,0.0,1.346
101,100,12,1.0954726368159204,5.536555020337815,0.43587064676616916,6.147646962119898,0.6596019900497512,39.814644794735464,52.98275584605291,0.8125415196063033,0.5801605095599435,GaCo17_01,GaCo17,Ga,Control,67,M,0.0,0.0,1.415
103,107,7,1.0942857142857143,5.605832140296297,0.3874761904761905,10.83651027167955,0.7068095238095239,35.43151743775663,53.47792178853939,0.6293845464948558,0.9838465096400222,GaCo22_01,GaCo22,Ga,Control,65,M,0.0,0.0,1.542
73,76,4,1.5243624161073825,7.082016158592669,0.437986577181208,20.474931623160685,1.0863758389261746,28.619385194128483,37.137445686485684,0.09080976772563633,4.700752745670669,GaPt03_01,GaPt03,Ga,PD,82,F,3.0,10.0,
90,91,2,1.2865193370165744,5.435854791067209,0.37878453038674037,9.877816696265006,0.9077348066298342,29.45615801584304,45.0601007662693,0.23489717909840385,8.746066300461349,GaPt04_01,GaPt04,Ga,PD,68,M,2.5,8.0,0.642
109,111,1,1.0847272727272728,5.449196227537655,0.3646818181818183,12.141182255111113,0.7200454545454545,33.61007355091672,54.46825367351234,0.07497622704998229,8.870055153243086,GaPt05_01,GaPt05,Ga,PD,82,F,2.5,5.0,0.908
103,104,0,1.1581159420289855,4.689107074877866,0.3631400966183575,9.572108884239103,0.794975845410628,31.37357459261254,51.00209207610701,0.04014267577536968,8.747189285020958,GaPt06_01,GaPt06,Ga,PD,72,M,2.0,13.0,0.848
74,77,7,1.4163576158940396,8.364559732964823,0.4164238410596027,23.36596635991127,0.9999337748344371,29.428598478732074,39.11810945643159,0.4686475762791575,11.757309552893137,GaPt07_01,GaPt07,Ga,PD,53,F,3.0,22.0,0.677
104,102,1,1.153252427184466,4.820318784958702,0.4015533980582524,10.102835999196312,0.7516990291262134,34.860405159604554,51.497258018593485,0.18817043893085045,5.942537777829991,GaPt08_01,GaPt08,Ga,PD,68,F,2.0,8.0,1.046
112,118,4,0.9868260869565216,4.713794355468957,0.330304347826087,10.64242758007061,0.6565217391304348,33.44676412748133,56.94408338594472,0.43124998082990074,1.0320919675025948,GaPt09_01,GaPt09,Ga,PD,69,M,3.0,17.0,0.894
117,120,3,0.9933755274261605,3.8814810429510005,0.34147679324894514,9.663098758775295,0.6518987341772153,34.356458843593195,58.92474715589062,0.008388909861173794,3.2975798354025168,GaPt12_01,GaPt12,Ga,PD,59,F,2.0,7.0,1.261
111,115,5,0.9777433628318584,4.584168016896679,0.2898672566371681,10.57662814006077,0.6878761061946902,29.576970851115874,56.44891744345824,0.5440854641210774,6.449083231815744,GaPt13_01,GaPt13,Ga,PD,70,M,2.0,21.0,0.726
108,115,8,1.010358744394619,4.7516458983189915,0.36708520179372195,8.373208056801577,0.6432735426008969,36.35650248045652,55.95375150097177,0.28211442369763656,5.655350915610991,GaPt14_01,GaPt14,Ga,PD,56,M,2.0,19.0,1.369
105,104,7,1.0846889952153111,4.344238538349373,0.38851674641148326,11.549719655550522,0.6961722488038278,35.86236349783929,53.47792178853939,0.12765052123962223,6.768804394703161,GaPt15_01,GaPt15,Ga,PD,81,M,2.0,20.0,0.948
102,107,9,1.0576076555023926,2.212226533587251,0.36162679425837313,4.527209659153992,0.695980861244019,34.19053739320232,52.98275584605291,0.13757803741637578,4.573108581890682,GaPt16_01,GaPt16,Ga,PD,79,M,2.0,10.0,1.048
100,101,2,1.17273631840796,5.5435013284479275,0.3727860696517413,13.361556131469863,0.799950248756219,31.723098890840866,50.01176019113406,0.07868524719156908,9.347546411790727,GaPt17_01,GaPt17,Ga,PD,71,M,3.0,27.0,0.731
102,105,1,1.146086956521739,4.771328566977256,0.366183574879227,14.246496492347022,0.779903381642512,31.89575962143274,51.00209207610701,0.18697413524463158,9.01592349384233,GaPt18_01,GaPt18,Ga,PD,76,F,2.0,20.0,0.889
118,125,5,0.9441563786008229,3.602195425503645,0.29695473251028803,9.036488788352319,0.647201646090535,31.44421812375365,60.410244983350054,0.4893961182234486,0.32920194781622436,GaPt19_01,GaPt19,Ga,PD,76,F,2.0,22.0,1.124
100,102,6,1.1186633663366334,5.132418524235611,0.3696039603960396,8.114873575675613,0.7490594059405941,33.073554044119334,51.00209207610701,0.07729783592353612,3.9621290476569473,GaPt20_01,GaPt20,Ga,PD,81,M,2.0,36.0,0.722
113,113,5,1.021858407079646,4.219241374312305,0.36659292035398233,8.882258090287818,0.6552654867256638,35.87715247699825,57.439249328431195,0.22516670996795612,2.389861194930605,GaPt21_01,GaPt21,Ga,PD,80,M,3.0,27.0,1.166
95,96,0,1.2540314136125654,3.5835433977363547,0.43670157068062826,7.898969774832557,0.8173298429319372,34.83040703670262,47.04076453621521,0.02841710184907268,2.605580229927742,GaPt22_01,GaPt22,Ga,PD,78,M,2.0,29.0,0.802
71,68,3,1.6283453237410073,6.374845799862104,0.38366906474820145,13.821081378632872,1.2446762589928058,23.5793260009923,36.14711380151274,0.2166160953517819,31.04090219414823,GaPt23_01,GaPt23,Ga,PD,71,F,3.0,25.0,0.36
102,106,12,1.028076923076923,5.2510915148702395,0.3737980769230769,10.367356435071919,0.654278846153846,36.330348328965414,53.47792178853939,0.3296173416145265,3.871867742103042,GaPt24_01,GaPt24,Ga,PD,68,M,2.5,15.0,1.255
113,115,5,0.9727192982456141,4.966908970648344,0.3210964912280702,9.36551819447028,0.6516228070175438,33.03644409000918,57.439249328431195,0.3738841228200508,9.587630472596429,GaPt25_01,GaPt25,Ga,PD,81,M,2.5,18.0,1.128
98,99,9,1.1225888324873095,4.448760948071814,0.36421319796954316,10.840045906548642,0.7583756345177667,32.42940885954374,51.00209207610701,0.6940488001054166,0.4856182293612209,GaPt26_01,GaPt26,Ga,PD,78,F,2.5,5.0,1.244
107,98,5,1.1124878048780487,3.6841761520878995,0.3631219512195122,9.03889037230416,0.7493658536585366,32.62381945614687,52.98275584605291,0.16485035522551889,4.862052093977474,GaPt27_01,GaPt27,Ga,PD,72,M,2.0,10.0,1.423
104,105,3,1.1143062200956937,3.661814643594083,0.3346889952153109,11.478604937223151,0.7796172248803828,29.987936150509846,52.48758990356644,0.12392897587659296,5.648672389589278,GaPt28_01,GaPt28,Ga,PD,61,M,2.5,29.0,0.987
117,118,3,1.0038297872340427,4.6426498376712955,0.3311489361702128,8.793294627517747,0.6726808510638298,33.00159767897788,58.92474715589062,0.1324065118027964,5.425195248853418,GaPt29_01,GaPt29,Ga,PD,68,M,2.0,16.0,1.092
107,99,6,1.0871844660194174,4.21470692356998,0.32941747572815533,12.279747127448928,0.7577669902912622,30.27719317387357,53.97308773102586,0.5926070018636194,0.013755512951674306,GaPt30_01,GaPt30,Ga,PD,69,M,2.0,12.0,1.064
103,101,5,1.1081372549019608,4.715158307061262,0.3598039215686274,10.900874233627135,0.7483333333333333,32.38609731777734,51.992423961079965,0.4214017985477309,5.6654772333924415,GaPt31_01,GaPt31,Ga,PD,67,M,2.5,13.0,0.876
119,119,2,0.9963445378151261,4.287605050055976,0.3497058823529412,8.726822072953254,0.646638655462185,35.09525780157155,59.4199130983771,0.00843419221524724,5.1183467499699535,GaPt32_01,GaPt32,Ga,PD,63,M,2.0,24.0,1.242
92,94,4,1.2335483870967743,3.8308701353193397,0.3323655913978495,9.572018112568593,0.9011827956989248,26.92874808709876,47.04076453621521,0.041058330013374535,3.2503130652567345,GaPt33_01,GaPt33,Ga,PD,63,M,2.5,31.0,0.825
41,43,1,1.1919047619047618,3.973735861201454,0.4163095238095238,9.039560460945399,0.7755952380952378,34.9363165149986,47.12367908774541,0.28742742933284976,2.3891133840775685,JuCo01_01,JuCo01,Ju,Control,78,M,,0.0,1.089
36,34,1,1.058,3.079622881836124,0.36499999999999994,7.610598647947711,0.693,34.49081217843866,53.561863952865565,0.5513981882630979,0.6267908309455565,JuCo02_01,JuCo02,Ju,Control,71,M,,3.0,1.329
35,36,2,1.009718309859155,3.789765958942627,0.3718309859154929,4.933705889820363,0.637887323943662,36.85201060499344,53.31069274283514,0.726312314295155,3.7257537929710125,JuCo03_01,JuCo03,Ju,Control,66,F,,1.0,1.322
81,83,3,1.0620731707317073,4.765786024231798,0.3860975609756097,11.262872231987505,0.6759756097560976,36.39170448537932,54.163639448531484,0.4775836786828236,0.48077478706068627,JuCo04_01,JuCo04,Ju,Control,68,F,,1.0,1.239
77,76,3,1.0943790849673203,5.1458931494787326,0.4107843137254902,5.837095807297372,0.6835947712418301,37.59943564632775,52.80152718263236,0.22172741269091417,0.5753019503277096,JuCo05_01,JuCo05,Ju,Control,55,F,,0.0,1.248
109,110,0,1.0279908675799088,4.694182084061397,0.34465753424657536,7.612253514554932,0.6833333333333333,33.57629393309444,56.76496959081484,0.14392843495273508,0.38330494037479085,JuCo06_01,JuCo06,Ju,Control,74,F,,0.0,0.954
78,80,4,0.9612658227848101,4.34163174655934,0.34537974683544304,8.237505545521877,0.6158860759493671,35.93798093842284,60.51972245605471,0.8396160040546788,7.258446369384167,JuCo07_01,JuCo07,Ju,Control,62,F,,2.0,1.332
73,77,4,1.0420666666666667,3.2912819468690637,0.38226666666666664,7.993831469667434,0.6597999999999999,36.67129596159274,53.89172726531394,0.5144223504815948,4.648433679955664,JuCo08_01,JuCo08,Ju,Control,77,F,,0.0,1.286
75,80,5,0.917032258064516,4.795117754053614,0.3339354838709677,7.676615917109167,0.5830967741935483,36.421923673937634,60.23584650670703,0.8379609012169443,4.530130110131609,JuCo09_01,JuCo09,Ju,Control,65,M,,0.0,1.051
74,73,1,1.1939455782312924,5.541101335861085,0.45210884353741504,5.220385847973494,0.7418367346938777,37.92358670769746,49.15653366724348,0.4285537087571225,0.8062320220290886,JuCo11_01,JuCo11,Ju,Control,72,M,,0.0,1.203
81,81,6,1.0911111111111111,5.254667770122198,0.39067901234567903,6.698210011406017,0.700432098765432,35.858262097093004,52.28579164734479,0.22629554197784033,1.4220255964607453,JuCo12_01,JuCo12,Ju,Control,72,F,,0.0,1.143
77,78,2,1.1131612903225805,2.8974155731820552,0.40077419354838706,9.12110828837265,0.7123870967741934,35.99483406909775,51.940153401025704,0.2397692351989489,1.2903225806451628,JuCo13_01,JuCo13,Ju,Control,61,M,,0.0,1.17
71,70,0,1.0949645390070921,2.8968494984428292,0.3701418439716312,6.882373654076345,0.7248226950354609,33.779349776019316,53.84600800106175,0.03234116994179236,5.2115688240680855,JuCo14_01,JuCo14,Ju,Control,55,M,,0.0,1.42
78,77,4,1.1113548387096774,4.256067104092259,0.393741935483871,4.3705325245293505,0.7176129032258064,35.4482066961068,52.838064541695836,0.26547850552980495,2.7648756355641075,JuCo15_01,JuCo15,Ju,Control,53,F,,0.0,1.164
72,72,1,0.9782638888888887,5.149286557639167,0.3682638888888889,11.357816224046928,0.6099999999999999,37.622768154736704,57.59012920963465,0.12777738340313494,1.018291533094453,JuCo16_01,JuCo16,Ju,Control,66,M,,0.0,1.484
63,63,4,1.0577777777777777,4.387594466386906,0.39531746031746023,7.596999472408511,0.6624603174603175,37.434633003449996,54.54164044472415,0.12004801920762388,4.135715719734989,JuCo17_01,JuCo17,Ju,Control,65,F,,0.0,1.54
79,77,1,1.089102564102564,2.2976562925170567,0.3857051282051282,9.557834580428278,0.7033974358974359,35.40757037401594,52.61189184149391,0.2846839721112186,3.8526388039212742,JuCo18_01,JuCo18,Ju,Control,64,F,,0.0,1.231
78,77,0,1.072258064516129,4.91418825506785,0.38870967741935486,10.1798402030641,0.6835483870967741,36.25076735411257,54.75989890480203,0.20186523476927679,0.13706962280152996,JuCo19_01,JuCo19,Ju,Control,59,F,,0.0,1.253
99,96,1,1.0648205128205128,4.971796235222663,0.3675897435897436,11.797666660698173,0.6972307692307691,34.5029931614014,55.60105773055952,0.38002638248678744,3.0629160403693705,JuCo20_01,JuCo20,Ju,Control,67,F,,0.0,1.031
78,74,2,1.1911842105263157,2.962758006408416,0.40118421052631575,6.602986858031921,0.79,33.672267290514945,49.1527969306809,0.4590478683946576,2.5452943158549637,JuCo21_01,JuCo21,Ju,Control,60,M,,0.0,1.13
82,83,3,1.1155151515151516,5.704372381540697,0.38375757575757574,9.237301061218615,0.7317575757575758,34.381494096145126,52.22624741977467,0.35260266737265483,0.11447846254275836,JuCo22_01,JuCo22,Ju,Control,62,F,,0.0,1.144
71,71,3,1.333943661971831,5.335856882362705,0.4735915492957746,9.283874367603833,0.8603521126760565,35.50988500685856,43.75875554961301,0.14781966001473848,6.750929368029753,JuCo23_01,JuCo23,Ju,Control,68,M,,0.0,1.17
76,76,0,1.0520394736842105,4.626120178882871,0.38197368421052635,13.022497340942621,0.6700657894736842,36.20119663771628,55.756422687484026,0.21261959852417417,3.513606613847728,JuCo24_01,JuCo24,Ju,Control,64,M,,0.0,1.391
65,64,2,1.2572093023255815,5.3966409435720415,0.448062015503876,8.545461750885773,0.8091472868217054,35.64207859422867,46.64085715530816,0.05277266834674101,4.38727534591566,JuCo25_01,JuCo25,Ju,Control,53,M,,0.0,1.265
71,71,0,1.1072535211267605,4.147933376892934,0.4067605633802817,6.050255729695344,0.7004929577464788,36.7954529623096,51.78437278913549,0.06360109393878559,5.540166204986154,JuCo26_01,JuCo26,Ju,Control,60,M,,0.0,1.349
71,71,0,1.1072535211267605,4.147933376892934,0.4067605633802817,6.050255729695344,0.7004929577464788,36.7954529623096,51.78437278913549,0.06360109393878559,5.540166204986154,JuPt01_01,JuPt01,Ju,PD,77,M,2.0,11.0,1.013
50,51,2,1.0394059405940594,4.818985624440729,0.32643564356435645,11.740602484988202,0.7129702970297032,31.381759659716128,55.59986990357239,0.2656082580021942,1.0703281258446202,JuPt02_01,JuPt02,Ju,PD,72,F,2.5,21.0,0.906
43,42,3,1.138705882352941,3.8828355717911673,0.3916470588235293,4.643336377027032,0.7470588235294118,34.40161639895378,49.0376363859262,0.5193441092372991,1.191915335835935,JuPt03_01,JuPt03,Ju,PD,74,F,2.5,10.0,0.993
57,56,1,1.0695575221238938,3.998040809570822,0.31327433628318585,11.752079120600305,0.7562831858407078,29.268828557832656,54.41908423183166,0.41299438503377617,12.135856759068878,JuPt04_01,JuPt04,Ju,PD,70,M,2.5,19.0,0.807
36,37,2,1.1175342465753424,3.341735248025356,0.4460273972602739,5.266233697898363,0.6715068493150685,39.94432116356629,50.25250753221706,0.006046131987048797,3.6500774462926877,JuPt05_01,JuPt05,Ju,PD,74,M,2.0,14.0,1.234
62,64,1,1.0454761904761904,4.604469370185949,0.33484126984126983,8.499088521596207,0.7106349206349205,32.049381436742834,54.90578863885935,0.028926536240102513,6.263601382540541,JuPt06_01,JuPt06,Ju,PD,78,M,2.5,12.0,0.832
49,50,1,0.8686868686868685,5.031132740365555,0.3161616161616161,7.086336408772613,0.5525252525252525,36.40756554985889,65.59269559741827,0.3054152472688993,2.836723758368457,JuPt07_01,JuPt07,Ju,PD,51,F,3.0,14.0,1.185
43,42,3,0.9231764705882353,4.460256037531403,0.3251764705882353,7.765714292110676,0.5980000000000001,35.219509942614245,60.52699756287127,0.17034140255751565,3.7997957099080524,JuPt08_01,JuPt08,Ju,PD,54,F,2.0,16.0,1.246
93,95,2,1.0095744680851064,4.201131351220544,0.31845744680851057,10.854549100053248,0.6911170212765958,31.539881411218698,57.35606830253496,0.2520261308943729,2.2946677493812073,JuPt09_01,JuPt09,Ju,PD,61,M,2.5,10.0,1.146
80,83,4,1.0621472392638036,5.281193173887139,0.35944785276073615,10.404428716768003,0.7026993865030675,33.88409594318258,53.15776327503058,0.5125969095298174,5.3694004120634435,JuPt10_01,JuPt10,Ju,PD,69,M,3.0,20.0,1.218
128,128,7,0.9821093750000001,5.2644798254329235,0.31839843749999996,9.683771273978333,0.6637109375000001,32.41859343340421,57.913137661591286,0.3341022989420107,1.5458225984541665,JuPt11_01,JuPt11,Ju,PD,74,M,2.0,16.0,0.785
89,91,5,1.03,4.76300704938104,0.3182777777777778,9.716207320124948,0.7117222222222221,30.887164968112987,56.004731994022094,0.9278862176528658,0.6754253414467201,JuPt12_01,JuPt12,Ju,PD,58,F,2.5,14.0,1.052
142,140,7,1.0892198581560284,6.8070759285422335,0.32765957446808514,19.636412437381715,0.7615602836879433,29.907124996227584,53.12701325427382,0.27450552982706034,7.155163676902805,JuPt13_01,JuPt13,Ju,PD,80,M,3.0,23.0,0.664
89,86,4,1.287942857142857,4.996080626193451,0.43845714285714293,7.498304649269869,0.8494857142857141,34.082654328365535,45.611305522262114,1.0884656023463624,7.674440765180938,JuPt14_01,JuPt14,Ju,PD,67,F,2.0,8.0,0.906
90,91,6,0.9916574585635359,3.0908601785218375,0.3477900552486188,6.495073925622645,0.6438674033149172,35.09131748343305,57.8219167861791,0.2655875709449306,1.581520260485662,JuPt15_01,JuPt15,Ju,PD,64,F,2.5,10.0,1.099
113,111,5,1.1946875,5.421196398746092,0.41785714285714287,6.79787620746803,0.7768303571428572,35.027591900232,48.31256126592915,0.3891301163419201,9.757773578422968,JuPt16_01,JuPt16,Ju,PD,64,F,2.0,16.0,0.755
89,89,6,1.019494382022472,4.782466582735486,0.357247191011236,6.838776733056268,0.662247191011236,35.09949523722336,56.70075559919962,0.12123215958560828,21.04104418933794,JuPt17_01,JuPt17,Ju,PD,64,M,2.5,18.0,1.112
164,163,8,1.5169418960244647,5.452852363982176,0.42672782874617743,16.372040676899424,1.0902140672782874,28.067785179840055,38.23518813191899,0.1600454144276069,16.620792519371935,JuPt18_01,JuPt18,Ju,PD,82,M,3.0,16.0,0.413
85,80,4,1.0405454545454547,3.418860427540313,0.36684848484848487,9.27283034765279,0.6736969696969697,35.21417771443627,55.457930967773144,0.13143297271708,16.164518429962126,JuPt19_01,JuPt19,Ju,PD,68,F,2.0,13.0,1.183
89,88,0,1.0375141242937853,5.019961360871018,0.3704519774011299,10.384251741105045,0.6670621468926553,35.70002875434951,56.57774566290259,0.089837418884836,3.4762736139285173,JuPt20_01,JuPt20,Ju,PD,64,M,2.0,24.0,1.212
132,138,4,1.2546666666666666,5.252622689549761,0.35900000000000004,13.066259583715421,0.8956666666666666,28.57384630985022,45.475598972588315,0.19611008943090263,9.663331052440636,JuPt21_01,JuPt21,Ju,PD,84,M,2.5,18.0,0.616
85,84,0,0.9947928994082841,3.223160268749752,0.36189349112426034,8.250720566182054,0.6328994082840236,36.399048112095976,59.472444434078874,0.006194722659471266,5.096128165726744,JuPt22_01,JuPt22,Ju,PD,69,M,2.5,18.0,1.178
85,86,3,0.9653801169590642,4.002500097196775,0.3527485380116959,7.223305509159388,0.6126315789473684,36.53695568573893,59.45803311443712,0.030749893544453996,4.2859109354127405,JuPt23_01,JuPt23,Ju,PD,68,M,2.0,16.0,1.247
104,104,6,1.0742788461538462,3.5755055720549924,0.3804807692307693,8.018945366805355,0.6937980769230769,35.40342002553071,52.609367253536995,0.06265383754755163,5.913570887035623,JuPt24_01,JuPt24,Ju,PD,68,M,2.5,23.0,0.918
81,79,6,1.1260000000000001,5.994078743321918,0.37368750000000006,13.896146597942401,0.7523125,33.07419180259234,51.52678779551226,0.6306740189785452,16.21773229711091,JuPt25_01,JuPt25,Ju,PD,45,M,2.0,14.0,1.087
95,96,0,1.1947643979057592,4.920633868674723,0.3953403141361257,7.68841197213569,0.7994240837696335,33.09639054168477,49.13289067759428,0.09223377821218608,5.310863407011358,JuPt26_01,JuPt26,Ju,PD,66,F,2.0,11.0,0.94
84,84,5,1.1044642857142857,4.827330494187188,0.39178571428571435,10.077446358646892,0.7126785714285715,35.5385268231733,51.635673721893426,0.33414174077069664,2.1877848678213856,JuPt27_01,JuPt27,Ju,PD,58,F,2.0,13.0,1.135
84,81,6,1.0635757575757576,4.0790816443202464,0.362969696969697,9.904292489575983,0.7006060606060606,34.12675222763352,54.61276795712262,0.22883295194508205,10.475728155339814,JuPt28_01,JuPt28,Ju,PD,57,F,2.5,25.0,1.118
91,88,9,1.0486592178770948,5.01123155779999,0.37357541899441343,6.904364603068631,0.6750837988826816,35.65946781786914,53.86882091546753,0.5371974394104624,3.4991632435721876,JuPt29_01,JuPt29,Ju,PD,69,F,2.5,15.0,1.044
93,91,2,1.2691847826086957,4.788947146687764,0.4420652173913044,3.8959351959829034,0.8271195652173913,34.87379904957357,46.050432651242254,0.6952057616329476,0.9445687298036308,SiCo01_01,SiCo01,Si,Control,53,F,,,0.906
115,115,0,1.0351304347826087,3.0771625952968567,0.38399999999999995,4.644585054878609,0.6511304347826087,37.103462829287686,56.94408338594472,0.016801075268805095,0.6793478260869583,SiCo03_01,SiCo03,Si,Control,65,F,,,1.371
110,107,3,1.0589861751152077,3.064675156238723,0.3814746543778802,9.194346235325352,0.6775115207373272,36.03580459704664,54.963419615998816,0.22897817486582542,4.4853978944272805,SiCo04_01,SiCo04,Si,Control,71,M,,,1.427
104,109,3,1.085586854460094,4.300144615744971,0.36680751173708925,8.462374468937913,0.7187793427230047,33.773866480464605,52.48758990356644,0.3825881748723558,5.07858222712533,SiCo05_01,SiCo05,Si,Control,55,F,,,1.07
112,112,0,1.064375,3.831851621185326,0.3870982142857143,4.3988284770558925,0.6772767857142856,36.38140048234049,55.4585855584853,0.06710846405500366,0.8995502248875474,SiCo06_01,SiCo06,Si,Control,70,F,,,1.263
112,112,2,1.0442410714285713,3.301427136489365,0.39727678571428576,7.157521252419397,0.6469642857142858,38.05521667890493,55.95375150097177,0.05985207985976323,2.0901224856725706,SiCo07_01,SiCo07,Si,Control,57,F,,,1.348
118,117,0,1.0174893617021274,3.138739710706816,0.3591063829787234,8.409466787991288,0.6583829787234043,35.26317022971153,58.42958121340415,0.09410974107005503,0.12061777276662503,SiCo08_01,SiCo08,Si,Control,65,F,,,1.191
110,109,0,1.0914155251141555,2.9632095630968585,0.3987671232876713,6.487863982537574,0.692648401826484,36.543042147739314,54.46825367351234,0.05738933544143541,2.035370097711131,SiCo09_01,SiCo09,Si,Control,56,M,,,1.31
122,122,0,0.9820491803278688,3.9858539456703936,0.36659836065573775,3.98893259088077,0.6154508196721312,37.34627817577182,60.410244983350054,0.11685168182955524,1.72163219675798,SiCo10_01,SiCo10,Si,Control,50,M,,,1.442
131,131,5,0.8903435114503816,4.353429841007105,0.32629770992366414,6.905566369726833,0.5640458015267176,36.695022877863664,65.85707035070129,0.07716380160328334,1.3334892969937928,SiCo11_01,SiCo11,Si,Control,60,F,,,1.465
130,129,0,0.9213899613899613,3.3043616030950247,0.2974131274131274,12.958400126395961,0.623976833976834,32.283193286243005,64.37157252324185,0.11616863543920773,13.641564244465616,SiCo12_01,SiCo12,Si,Control,37,F,,,1.538
113,114,0,1.0575770925110133,3.681949632763719,0.37770925110132164,7.865566825679103,0.6798678414096916,35.70888068325862,55.95375150097177,0.04367390784955265,1.3116816119995787,SiCo13_01,SiCo13,Si,Control,61,M,,,1.299
104,104,0,1.1416346153846155,4.059622362077265,0.33115384615384613,10.783983867810612,0.8104807692307692,29.021045211827563,51.497258018593485,0.0,22.938443670150992,SiCo14_01,SiCo14,Si,Control,52,M,,,1.151
113,117,2,1.0208695652173911,3.780431195674139,0.3413478260869565,5.037572264413622,0.6795217391304349,33.50357228853053,56.94408338594472,0.423075156226621,0.5723801641355226,SiCo15_01,SiCo15,Si,Control,54,F,,,1.469
93,92,5,1.2352432432432432,2.9851242750588147,0.38183783783783776,10.244060452068421,0.8534054054054053,30.918569138154496,47.04076453621521,0.004163220970510901,5.214133892788426,SiCo16_01,SiCo16,Si,Control,60,M,,,1.073
108,108,0,1.105462962962963,4.412486049488567,0.3785185185185185,5.81014042910384,0.7269444444444444,34.29116758827154,53.47792178853939,0.01675182176062578,1.3209393346379952,SiCo17_01,SiCo17,Si,Control,64,F,,,1.202
107,108,3,1.089953488372093,5.180498638154649,0.3897209302325581,8.746069394290988,0.7002325581395347,35.76365941167556,53.97308773102586,0.16212074899468187,0.5258062510547027,SiCo18_01,SiCo18,Si,Control,61,F,,,1.27
100,99,3,1.1738190954773868,3.337696699855211,0.4129145728643216,3.1051742454544073,0.7609045226130654,35.19638614019424,50.01176019113406,0.42484586751985015,0.04158665313062847,SiCo19_01,SiCo19,Si,Control,51,M,,,1.086
98,101,6,1.1342211055276383,3.2994434151806407,0.3903517587939699,7.299249675682214,0.7438693467336683,34.40816879230952,50.50692613362053,0.17075418211908913,1.619888021163633,SiCo20_01,SiCo20,Si,Control,62,M,,,1.25
113,111,0,1.065714285714286,2.1181575621271915,0.3724107142857143,3.9529291177170345,0.6933035714285714,34.94233458682913,55.95375150097177,0.10772645559766061,5.141453099383144,SiCo21_01,SiCo21,Si,Control,56,M,,,1.458
119,119,0,1.008529411764706,3.558953195532112,0.34882352941176475,6.326094871309732,0.6597058823529414,34.591467387692795,58.92474715589062,0.10831979335914982,1.7345218019754276,SiCo22_01,SiCo22,Si,Control,52,M,,,1.418
106,107,0,1.1274647887323945,1.769498528664743,0.3989671361502347,4.536886214056638,0.7284976525821597,35.38297384250088,52.48758990356644,0.03542467974092841,0.09657298497817615,SiCo23_01,SiCo23,Si,Control,53,M,,,1.16
99,100,4,1.1628643216080403,4.588080183519573,0.411608040201005,4.489042822747356,0.7512562814070352,35.41320972714528,50.01176019113406,0.09259637275860831,3.7638900646700333,SiCo24_01,SiCo24,Si,Control,54,M,,,1.03
105,105,0,1.1286666666666665,3.8745408547815545,0.4005714285714286,5.322006877607645,0.7280952380952381,35.4974447350809,51.992423961079965,0.05062863893341214,5.75368521160247,SiCo25_01,SiCo25,Si,Control,57,M,,,1.13
98,99,0,1.2194416243654824,2.9653557296049105,0.4253299492385788,4.731567220467074,0.7941116751269035,34.87806364684855,48.52626236367463,0.07539514833911462,2.3982744831931644,SiCo26_01,SiCo26,Si,Control,60,M,,,1.0
114,113,0,1.0407488986784141,2.537755046201311,0.365330396475771,3.992368910722402,0.6754185022026431,35.108827597146565,56.44891744345824,0.009099771536072469,0.4936109992594564,SiCo27_01,SiCo27,Si,Control,67,M,,,1.12
101,101,0,1.186089108910891,3.479132537096219,0.39341584158415843,5.055582560686121,0.7926732673267327,33.182158022609855,50.01176019113406,0.04173796903042702,0.42783440291936925,SiCo28_01,SiCo28,Si,Control,61,M,,,0.99
113,113,0,1.0551769911504425,4.071510335230257,0.38159292035398223,6.419277095838234,0.6735840707964601,36.186177502152916,55.95375150097177,0.04193399589045689,0.6029684601113001,SiCo29_01,SiCo29,Si,Control,53,M,,,1.29
113,112,0,1.0664444444444445,3.628670209394941,0.3803111111111111,6.474318048738169,0.6861333333333333,35.65047592932755,55.95375150097177,0.05297510799699059,2.2678073568700925,SiCo30_01,SiCo30,Si,Control,63,M,,,1.42
108,107,0,1.1193953488372095,4.184501699871406,0.3430232558139535,10.533655260559794,0.7763720930232559,30.617828171408448,53.47792178853939,0.15839903337164368,1.8251098282227356,SiPt02_01,SiPt02,Si,PD,77,F,2.5,,0.77
103,98,3,1.161542288557214,4.2420117594227715,0.4505970149253732,5.971758942312448,0.7109452736318407,38.793822042601114,51.00209207610701,1.0135518415303901,0.6121398950742815,SiPt04_01,SiPt04,Si,PD,73,M,2.0,19.0,1.147
88,88,10,1.0957954545454547,7.097459752975793,0.3939204545454546,13.093692998271617,0.701875,35.82713782996189,45.0601007662693,0.1451830343254272,0.3750180297129782,SiPt05_01,SiPt05,Si,PD,56,M,2.5,32.0,1.276
100,98,4,1.1655050505050504,4.206784074838154,0.43060606060606055,7.3333228313972905,0.7348989898989898,36.96609399439535,50.50692613362053,0.01645955065426105,8.397979027555039,SiPt07_01,SiPt07,Si,PD,54,F,2.0,,1.088
97,97,7,1.1221649484536083,4.31218797120947,0.4006185567010309,11.415051846707541,0.7215463917525774,35.65390287947886,50.01176019113406,0.0,6.330416881111666,SiPt08_01,SiPt08,Si,PD,67,M,2.0,33.0,1.187
105,105,0,1.1347142857142858,4.869457396644172,0.4016666666666667,8.84572718841343,0.7330476190476191,35.373812210023,51.992423961079965,0.1091107474086217,7.468879668049811,SiPt09_01,SiPt09,Si,PD,63,M,2.0,12.0,1.352
94,96,5,1.2129999999999999,5.783053204686777,0.4324736842105264,9.28105143723148,0.7805263157894737,35.696456822095065,48.03109642118815,0.29855818687108693,3.0543621117678224,SiPt10_01,SiPt10,Si,PD,77,F,2.0,27.0,0.935
98,98,2,1.205969387755102,5.3005717191219865,0.4128061224489796,9.230690940276038,0.7931632653061224,34.2559019413898,49.021428306161106,0.04230655328510897,8.132492893338307,SiPt12_01,SiPt12,Si,PD,64,F,2.0,34.0,0.988
109,110,0,1.089771689497717,3.2617699140120746,0.3791324200913242,6.285038287624536,0.7106392694063927,34.78433887362479,53.97308773102586,0.1091354649698923,8.217701204304982,SiPt13_01,SiPt13,Si,PD,52,M,2.0,27.0,1.107
106,104,5,1.0941428571428573,4.414743098953574,0.3913809523809524,4.7532492972207585,0.7027619047619047,35.80223499336094,53.47792178853939,0.48899187915319947,4.058186033033902,SiPt14_01,SiPt14,Si,PD,60,M,2.5,32.0,1.218
108,109,6,1.0430414746543777,4.545878481444323,0.3492626728110599,7.501409347767261,0.693778801843318,33.489994412533406,54.46825367351234,0.06800413562874083,5.275266170884384,SiPt15_01,SiPt15,Si,PD,62,M,2.0,19.0,1.031
99,98,0,1.2034010152284262,3.8156597250242488,0.4188324873096447,6.492671432494414,0.7845685279187817,34.7919510864957,49.021428306161106,0.028178894008403385,0.7485991450909224,SiPt16_01,SiPt16,Si,PD,50,M,2.0,26.0,1.139
104,105,0,1.1460287081339713,2.7973272902803332,0.39842105263157895,8.100877774716764,0.7476076555023924,34.76649416664203,51.497258018593485,0.09516880476849768,1.3248686394123141,SiPt17_01,SiPt17,Si,PD,64,M,2.0,24.0,1.215
94,94,4,1.2343085106382978,3.840768356504495,0.40031914893617015,11.098977388244588,0.8339893617021278,32.489301411999556,47.53593047870168,0.09480715363068024,5.3149083178315255,SiPt18_01,SiPt18,Si,PD,57,M,2.0,30.0,1.117
106,106,0,1.1218396226415093,3.200703837974192,0.38070754716981137,14.730647200073907,0.7411320754716981,33.89318715022098,52.48758990356644,0.04204684017998273,4.286953289555227,SiPt19_01,SiPt19,Si,PD,53,M,2.0,29.0,1.298
91,91,4,1.2361538461538462,3.2743353164065097,0.43373626373626367,5.354067668018828,0.8024175824175825,35.127751902603165,46.050432651242254,0.05333807449553208,19.609830250823386,SiPt20_01,SiPt20,Si,PD,59,M,2.0,18.0,1.032
111,109,2,1.063818181818182,3.118494194019151,0.3625909090909091,7.646516931543609,0.7012272727272727,34.096726886288614,55.4585855584853,0.006526228445962029,15.267755412077467,SiPt21_01,SiPt21,Si,PD,58,M,2.0,15.0,1.151
107,108,1,1.0989767441860467,3.932247827629009,0.36055813953488375,9.839711049319511,0.7384186046511627,32.81926609696667,53.47792178853939,0.15323160413647874,6.656080884020864,SiPt22_01,SiPt22,Si,PD,71,M,2.0,19.0,1.021
108,107,2,1.1025116279069769,3.5617544923543347,0.39767441860465125,5.22123939686726,0.7048372093023256,36.080439101344965,53.97308773102586,0.01899435114280395,7.819896445679667,SiPt23_01,SiPt23,Si,PD,50,F,2.0,20.0,1.088
104,101,5,1.1236585365853657,3.773804744814089,0.4170731707317073,8.039043585899854,0.7065853658536586,37.0961274296504,52.48758990356644,0.34653352097543155,16.55873947438485,SiPt24_01,SiPt24,Si,PD,36,F,2.0,17.0,1.192
114,108,2,1.0483783783783784,4.688448240664485,0.3653603603603604,6.40312843865118,0.6830180180180181,34.883564481238146,56.44891744345824,0.5759830412741166,2.216158880312757,SiPt25_01,SiPt25,Si,PD,63,M,2.0,24.0,1.167
103,103,5,1.1169902912621361,4.484393425070432,0.3694174757281553,8.40414527896732,0.7475728155339806,33.10960337971849,51.992423961079965,0.15645371577575673,4.783180026281186,SiPt27_01,SiPt27,Si,PD,50,M,2.0,26.0,1.259
105,104,2,1.1191387559808612,4.747779395247708,0.37454545454545457,5.137266247016008,0.7445933014354067,33.524168359919855,52.48758990356644,0.10334699428401804,7.445306684690989,SiPt28_01,SiPt28,Si,PD,70,F,2.5,18.0,1.204
89,89,4,1.2742696629213484,4.302945599286055,0.40292134831460674,9.797854713134026,0.8713483146067417,31.61266627598273,45.0601007662693,0.10581077506393527,3.457891801450099,SiPt29_01,SiPt29,Si,PD,72,F,2.5,44.0,0.856
107,106,2,1.1058215962441313,5.188493641051833,0.4084976525821596,4.575168198175472,0.6973239436619718,36.97879662291935,53.47792178853939,0.06298730447025856,8.63767015096718,SiPt30_01,SiPt30,Si,PD,60,M,2.0,12.0,1.162
104,102,3,1.128495145631068,4.160173667076184,0.3336893203883496,6.832572386246106,0.7948058252427186,29.57868435572106,51.992423961079965,0.2521107382634561,11.33293572613721,SiPt31_01,SiPt31,Si,PD,56,F,2.0,24.0,0.903
93,94,2,1.2585026737967913,4.847268298115159,0.4185561497326204,7.917173371168834,0.8399465240641711,33.28528322276326,47.04076453621521,0.5961830288261245,3.3945919357262615,SiPt32_01,SiPt32,Si,PD,64,M,2.0,23.0,1.12
103,103,2,1.1403883495145632,4.472989973597051,0.39786407766990295,8.001403968192992,0.7425242718446601,34.87496714484438,51.497258018593485,0.3916226800612762,8.638360175695487,SiPt33_01,SiPt33,Si,PD,67,M,2.0,15.0,1.08
111,109,1,1.0794090909090908,5.092946260868747,0.4020909090909091,6.648593915419483,0.6773181818181819,37.290862271788136,54.963419615998816,0.3800285538278907,5.192289899768723,SiPt34_01,SiPt34,Si,PD,71,M,2.0,22.0,1.386
94,104,2,1.1482323232323233,4.042656018459741,0.4107070707070707,9.383286305255487,0.7375252525252524,35.758696369174466,47.53593047870168,0.7653959074931329,3.3387425249707943,SiPt35_01,SiPt35,Si,PD,57,M,2.0,29.0,1.28
112,112,0,1.0666071428571429,4.081567794579457,0.3438392857142857,9.851165132370975,0.7227678571428571,32.20766357873031,55.4585855584853,0.06696802276912334,6.284082056608681,SiPt36_01,SiPt36,Si,PD,53,F,2.0,32.0,0.97
92,99,3,1.2127748691099476,5.5241059876057745,0.4080628272251308,11.741909038261664,0.8047120418848167,33.68674561910153,47.04076453621521,0.4241701859513457,1.018472936220333,SiPt37_01,SiPt37,Si,PD,66,F,2.5,21.0,1.01
103,103,0,1.1638349514563107,3.9483452027764434,0.3909708737864079,6.326389380097918,0.7728640776699028,33.57792546476836,51.00209207610701,0.10844629822730596,0.7946362056121115,SiPt38_01,SiPt38,Si,PD,65,F,2.0,14.0,1.07
110,112,1,1.072792792792793,3.106089947207696,0.3263063063063063,8.8308647113572,0.7464864864864866,30.397074554416914,54.963419615998816,0.23046652447252017,6.604348355875875,SiPt39_01,SiPt39,Si,PD,69,F,2.0,20.0,0.88
118,119,0,1.0067088607594936,4.170514256928143,0.3344303797468354,6.4542966392652765,0.6722784810126582,33.22072247555293,58.42958121340415,0.014006583094041519,1.931906266770037,SiPt40_01,SiPt40,Si,PD,69,M,2.5,24.0,1.07
