model,C,input,odds_ratio_per_sd,ci_low,ci_high,vif
logreg: gait only,0.31622776601683794,stride_time_mean_s,0.8824706100630141,0.587194012049239,1.2978801102004243,1.3067605217149743
logreg: gait only,0.31622776601683794,stride_time_cv_pct,1.4634147768127976,1.040944864386556,2.1036875576691,1.6819083456818291
logreg: gait only,0.31622776601683794,swing_time_cv_pct,1.1459429141934532,0.8089777217671483,1.738499619636015,1.9624648034744803
logreg: gait only,0.31622776601683794,swing_pct_mean,0.43490484666384993,0.266206413443211,0.6497739316580644,1.6801445888241135
logreg: gait only,0.31622776601683794,stride_time_asymmetry_pct,0.9996451010650066,0.7144671268904943,1.4421352282111866,1.177772901764909
logreg: gait only,0.31622776601683794,log(1 + swing_time_asymmetry_pct),2.2718636734813944,1.614370182538685,3.4999089223932023,1.1961409647470365
logreg: gait + covariates,0.31622776601683794,stride_time_mean_s,0.8504541679356661,0.5679406715975717,1.2649564617009306,1.3179212996615814
logreg: gait + covariates,0.31622776601683794,stride_time_cv_pct,1.4628266801464689,1.0385239290191788,2.1645391166811994,1.73239687770752
logreg: gait + covariates,0.31622776601683794,swing_time_cv_pct,1.0853849408262843,0.7566220452544676,1.6601560585390762,1.9885712790489984
logreg: gait + covariates,0.31622776601683794,swing_pct_mean,0.43241404534311695,0.266200236432879,0.6392468672715006,1.6895153316634424
logreg: gait + covariates,0.31622776601683794,stride_time_asymmetry_pct,1.008802798015199,0.7047315857157092,1.448911417799601,1.1876650767759869
logreg: gait + covariates,0.31622776601683794,log(1 + swing_time_asymmetry_pct),2.3411746031893688,1.6503739619674966,3.576829852898836,1.237098711211187
logreg: gait + covariates,0.31622776601683794,Age,1.3053750294224231,0.9134719304424002,1.9234997103502898,1.1014473735807155
logreg: gait + covariates,0.31622776601683794,sex_male,1.121817841261147,0.8189571505436579,1.5920843101056357,1.0712121045070868
