model,scheme,repeat,fold,auc,balanced_accuracy,sensitivity,specificity,n_test,n_test_pd
logreg: covariates only,cv,0,0,0.5888888888888888,0.5,1.0,0.0,33,18
logreg: covariates only,cv,0,1,0.5639097744360902,0.5,1.0,0.0,33,19
logreg: covariates only,cv,0,2,0.6203703703703703,0.5,1.0,0.0,33,18
logreg: covariates only,cv,0,3,0.5112781954887218,0.518796992481203,0.8947368421052632,0.1428571428571429,33,19
logreg: covariates only,cv,0,4,0.6898496240601504,0.518796992481203,0.8947368421052632,0.1428571428571429,33,19
logreg: covariates only,cv,1,0,0.5263157894736842,0.5451127819548872,0.9473684210526315,0.1428571428571429,33,19
logreg: covariates only,cv,1,1,0.48703703703703705,0.5611111111111111,0.7222222222222222,0.4,33,18
logreg: covariates only,cv,1,2,0.5796296296296296,0.5,1.0,0.0,33,18
logreg: covariates only,cv,1,3,0.5939849624060151,0.5281954887218044,0.8421052631578947,0.2142857142857143,33,19
logreg: covariates only,cv,1,4,0.6203007518796992,0.5,1.0,0.0,33,19
logreg: covariates only,cv,2,0,0.3778195488721805,0.5,1.0,0.0,33,19
logreg: covariates only,cv,2,1,0.5921052631578947,0.42105263157894735,0.8421052631578947,0.0,33,19
logreg: covariates only,cv,2,2,0.6353383458646616,0.5,1.0,0.0,33,19
logreg: covariates only,cv,2,3,0.5703703703703703,0.5,1.0,0.0,33,18
logreg: covariates only,cv,2,4,0.7648148148148148,0.5,1.0,0.0,33,18
logreg: covariates only,cv,3,0,0.6166666666666667,0.5,1.0,0.0,33,18
logreg: covariates only,cv,3,1,0.6033834586466165,0.5469924812030075,0.7368421052631579,0.3571428571428571,33,19
logreg: covariates only,cv,3,2,0.4887218045112782,0.4849624060150376,0.6842105263157895,0.2857142857142857,33,19
logreg: covariates only,cv,3,3,0.5150375939849624,0.5,1.0,0.0,33,19
logreg: covariates only,cv,3,4,0.7055555555555555,0.5,1.0,0.0,33,18
logreg: covariates only,cv,4,0,0.4548872180451128,0.4398496240601504,0.7368421052631579,0.1428571428571429,33,19
logreg: covariates only,cv,4,1,0.6074074074074074,0.5,1.0,0.0,33,18
logreg: covariates only,cv,4,2,0.6555555555555556,0.5,1.0,0.0,33,18
logreg: covariates only,cv,4,3,0.6560150375939849,0.5,1.0,0.0,33,19
logreg: covariates only,cv,4,4,0.5939849624060151,0.5,1.0,0.0,33,19
logreg: covariates only,cv,5,0,0.524074074074074,0.5444444444444444,0.8888888888888888,0.19999999999999996,33,18
logreg: covariates only,cv,5,1,0.575187969924812,0.5,1.0,0.0,33,19
logreg: covariates only,cv,5,2,0.5921052631578947,0.5018796992481203,0.7894736842105263,0.2142857142857143,33,19
logreg: covariates only,cv,5,3,0.7537037037037037,0.5,1.0,0.0,33,18
logreg: covariates only,cv,5,4,0.45300751879699247,0.42293233082706766,0.631578947368421,0.2142857142857143,33,19
logreg: covariates only,cv,6,0,0.5281954887218046,0.5545112781954887,0.8947368421052632,0.2142857142857143,33,19
logreg: covariates only,cv,6,1,0.425925925925926,0.4444444444444444,0.8888888888888888,0.0,33,18
logreg: covariates only,cv,6,2,0.6351851851851852,0.5,1.0,0.0,33,18
logreg: covariates only,cv,6,3,0.644736842105263,0.5,1.0,0.0,33,19
logreg: covariates only,cv,6,4,0.6052631578947368,0.47368421052631576,0.9473684210526315,0.0,33,19
logreg: covariates only,cv,7,0,0.6425925925925926,0.5,1.0,0.0,33,18
logreg: covariates only,cv,7,1,0.4041353383458647,0.4755639097744361,0.7368421052631579,0.2142857142857143,33,19
logreg: covariates only,cv,7,2,0.524074074074074,0.5222222222222223,0.7777777777777778,0.2666666666666667,33,18
logreg: covariates only,cv,7,3,0.37593984962406013,0.5,1.0,0.0,33,19
logreg: covariates only,cv,7,4,0.6052631578947368,0.5,1.0,0.0,33,19
logreg: covariates only,cv,8,0,0.6052631578947367,0.5,1.0,0.0,33,19
logreg: covariates only,cv,8,1,0.575187969924812,0.5,1.0,0.0,33,19
logreg: covariates only,cv,8,2,0.5481481481481482,0.5,1.0,0.0,33,18
logreg: covariates only,cv,8,3,0.5451127819548872,0.5545112781954887,0.8947368421052632,0.2142857142857143,33,19
logreg: covariates only,cv,8,4,0.6555555555555556,0.42777777777777776,0.7222222222222222,0.1333333333333333,33,18
logreg: covariates only,cv,9,0,0.6296296296296295,0.5444444444444444,0.8888888888888888,0.19999999999999996,33,18
logreg: covariates only,cv,9,1,0.5526315789473684,0.5,1.0,0.0,33,19
logreg: covariates only,cv,9,2,0.6334586466165415,0.46616541353383456,0.7894736842105263,0.1428571428571429,33,19
logreg: covariates only,cv,9,3,0.6842105263157896,0.5,1.0,0.0,33,19
logreg: covariates only,cv,9,4,0.5037037037037038,0.5888888888888889,0.7777777777777778,0.4,33,18
logreg: covariates only,cv,10,0,0.5444444444444444,0.5,1.0,0.0,33,18
logreg: covariates only,cv,10,1,0.4736842105263158,0.39473684210526316,0.7894736842105263,0.0,33,19
logreg: covariates only,cv,10,2,0.6785714285714286,0.599624060150376,0.8421052631578947,0.3571428571428571,33,19
logreg: covariates only,cv,10,3,0.5563909774436091,0.5,1.0,0.0,33,19
logreg: covariates only,cv,10,4,0.5555555555555556,0.5,1.0,0.0,33,18
logreg: covariates only,cv,11,0,0.6166666666666667,0.5,1.0,0.0,33,18
logreg: covariates only,cv,11,1,0.6710526315789473,0.5,1.0,0.0,33,19
logreg: covariates only,cv,11,2,0.662962962962963,0.5,1.0,0.0,33,18
logreg: covariates only,cv,11,3,0.6917293233082706,0.5,1.0,0.0,33,19
logreg: covariates only,cv,11,4,0.39285714285714285,0.5,1.0,0.0,33,19
logreg: covariates only,cv,12,0,0.5203703703703704,0.5277777777777778,0.7222222222222222,0.33333333333333337,33,18
logreg: covariates only,cv,12,1,0.6555555555555556,0.5,1.0,0.0,33,18
logreg: covariates only,cv,12,2,0.5657894736842105,0.5,1.0,0.0,33,19
logreg: covariates only,cv,12,3,0.5958646616541354,0.5,1.0,0.0,33,19
logreg: covariates only,cv,12,4,0.6203007518796992,0.5,1.0,0.0,33,19
logreg: covariates only,cv,13,0,0.48496240601503765,0.5,1.0,0.0,33,19
logreg: covariates only,cv,13,1,0.5944444444444444,0.5,1.0,0.0,33,18
logreg: covariates only,cv,13,2,0.5777777777777778,0.5,1.0,0.0,33,18
logreg: covariates only,cv,13,3,0.6879699248120301,0.5,1.0,0.0,33,19
logreg: covariates only,cv,13,4,0.4492481203007519,0.5281954887218044,0.8421052631578947,0.2142857142857143,33,19
logreg: covariates only,cv,14,0,0.5488721804511278,0.42105263157894735,0.8421052631578947,0.0,33,19
logreg: covariates only,cv,14,1,0.34814814814814815,0.5,1.0,0.0,33,18
logreg: covariates only,cv,14,2,0.7293233082706766,0.5,1.0,0.0,33,19
logreg: covariates only,cv,14,3,0.5827067669172932,0.5,1.0,0.0,33,19
logreg: covariates only,cv,14,4,0.4944444444444444,0.5,1.0,0.0,33,18
logreg: covariates only,cv,15,0,0.5981481481481482,0.5,1.0,0.0,33,18
logreg: covariates only,cv,15,1,0.5796296296296296,0.5,1.0,0.0,33,18
logreg: covariates only,cv,15,2,0.6691729323308271,0.5,1.0,0.0,33,19
logreg: covariates only,cv,15,3,0.5037593984962406,0.5,1.0,0.0,33,19
logreg: covariates only,cv,15,4,0.6165413533834587,0.5,1.0,0.0,33,19
logreg: covariates only,cv,16,0,0.6518518518518519,0.47777777777777775,0.8888888888888888,0.06666666666666665,33,18
logreg: covariates only,cv,16,1,0.47744360902255634,0.5,1.0,0.0,33,19
logreg: covariates only,cv,16,2,0.6259398496240601,0.5,1.0,0.0,33,19
logreg: covariates only,cv,16,3,0.6333333333333333,0.47777777777777775,0.8888888888888888,0.06666666666666665,33,18
logreg: covariates only,cv,16,4,0.5939849624060151,0.5,1.0,0.0,33,19
logreg: covariates only,cv,17,0,0.7648148148148148,0.5,1.0,0.0,33,18
logreg: covariates only,cv,17,1,0.537593984962406,0.5,1.0,0.0,33,19
logreg: covariates only,cv,17,2,0.5413533834586466,0.5,1.0,0.0,33,19
logreg: covariates only,cv,17,3,0.6616541353383458,0.5,1.0,0.0,33,19
logreg: covariates only,cv,17,4,0.5296296296296297,0.5222222222222223,0.7777777777777778,0.2666666666666667,33,18
logreg: covariates only,cv,18,0,0.7055555555555555,0.5388888888888889,0.9444444444444444,0.1333333333333333,33,18
logreg: covariates only,cv,18,1,0.4796296296296296,0.5,1.0,0.0,33,18
logreg: covariates only,cv,18,2,0.45676691729323304,0.5,1.0,0.0,33,19
logreg: covariates only,cv,18,3,0.6860902255639099,0.5,1.0,0.0,33,19
logreg: covariates only,cv,18,4,0.5112781954887218,0.5281954887218044,0.8421052631578947,0.2142857142857143,33,19
logreg: covariates only,cv,19,0,0.5203703703703704,0.45555555555555555,0.7777777777777778,0.1333333333333333,33,18
logreg: covariates only,cv,19,1,0.7293233082706767,0.5,1.0,0.0,33,19
logreg: covariates only,cv,19,2,0.5093984962406015,0.5,1.0,0.0,33,19
logreg: covariates only,cv,19,3,0.6611111111111111,0.5,1.0,0.0,33,18
logreg: covariates only,cv,19,4,0.6033834586466166,0.5,1.0,0.0,33,19
logreg: gait only,cv,0,0,0.8222222222222222,0.7388888888888889,0.9444444444444444,0.5333333333333333,33,18
logreg: gait only,cv,0,1,0.7894736842105262,0.744360902255639,0.631578947368421,0.8571428571428572,33,19
logreg: gait only,cv,0,2,0.9222222222222222,0.8777777777777778,0.8888888888888888,0.8666666666666667,33,18
logreg: gait only,cv,0,3,0.7744360902255638,0.5,1.0,0.0,33,19
logreg: gait only,cv,0,4,0.7593984962406015,0.7161654135338347,0.7894736842105263,0.6428571428571428,33,19
logreg: gait only,cv,1,0,0.8458646616541353,0.6898496240601504,0.7368421052631579,0.6428571428571428,33,19
logreg: gait only,cv,1,1,0.8185185185185185,0.6833333333333333,0.8333333333333334,0.5333333333333333,33,18
logreg: gait only,cv,1,2,0.7481481481481481,0.7555555555555555,0.7777777777777778,0.7333333333333334,33,18
logreg: gait only,cv,1,3,0.631578947368421,0.6541353383458646,0.7368421052631579,0.5714285714285714,33,19
logreg: gait only,cv,1,4,0.8609022556390977,0.849624060150376,0.8421052631578947,0.8571428571428572,33,19
logreg: gait only,cv,2,0,0.8796992481203006,0.7424812030075187,0.8421052631578947,0.6428571428571428,33,19
logreg: gait only,cv,2,1,0.7781954887218046,0.6710526315789473,0.8421052631578947,0.5,33,19
logreg: gait only,cv,2,2,0.6522556390977443,0.6278195488721805,0.6842105263157895,0.5714285714285714,33,19
logreg: gait only,cv,2,3,0.7740740740740741,0.5,1.0,0.0,33,18
logreg: gait only,cv,2,4,0.888888888888889,0.8111111111111111,0.8888888888888888,0.7333333333333334,33,18
logreg: gait only,cv,3,0,0.75,0.6666666666666666,0.6666666666666666,0.6666666666666667,33,18
logreg: gait only,cv,3,1,0.7518796992481203,0.6898496240601504,0.7368421052631579,0.6428571428571428,33,19
logreg: gait only,cv,3,2,0.793233082706767,0.5,1.0,0.0,33,19
logreg: gait only,cv,3,3,0.8007518796992481,0.7161654135338347,0.7894736842105263,0.6428571428571428,33,19
logreg: gait only,cv,3,4,0.8592592592592593,0.711111111111111,0.8888888888888888,0.5333333333333333,33,18
logreg: gait only,cv,4,0,0.7593984962406015,0.5,1.0,0.0,33,19
logreg: gait only,cv,4,1,0.9185185185185185,0.8722222222222222,0.9444444444444444,0.8,33,18
logreg: gait only,cv,4,2,0.7740740740740741,0.7166666666666667,0.8333333333333334,0.6,33,18
logreg: gait only,cv,4,3,0.7932330827067668,0.744360902255639,0.631578947368421,0.8571428571428572,33,19
logreg: gait only,cv,4,4,0.7857142857142857,0.6635338345864662,0.6842105263157895,0.6428571428571428,33,19
logreg: gait only,cv,5,0,0.7666666666666667,0.7222222222222222,0.7777777777777778,0.6666666666666667,33,18
logreg: gait only,cv,5,1,0.7481203007518797,0.706766917293233,0.8421052631578947,0.5714285714285714,33,19
logreg: gait only,cv,5,2,0.8458646616541353,0.7781954887218046,0.8421052631578947,0.7142857142857143,33,19
logreg: gait only,cv,5,3,0.874074074074074,0.7555555555555555,0.7777777777777778,0.7333333333333334,33,18
logreg: gait only,cv,5,4,0.6691729323308271,0.5357142857142857,1.0,0.0714285714285714,33,19
logreg: gait only,cv,6,0,0.8308270676691729,0.7518796992481203,0.7894736842105263,0.7142857142857143,33,19
logreg: gait only,cv,6,1,0.7851851851851852,0.6944444444444444,0.7222222222222222,0.6666666666666667,33,18
logreg: gait only,cv,6,2,0.8296296296296296,0.7166666666666667,0.8333333333333334,0.6,33,18
logreg: gait only,cv,6,3,0.8157894736842105,0.7424812030075187,0.8421052631578947,0.6428571428571428,33,19
logreg: gait only,cv,6,4,0.7969924812030076,0.7255639097744361,0.7368421052631579,0.7142857142857143,33,19
logreg: gait only,cv,7,0,0.8592592592592592,0.7555555555555555,0.7777777777777778,0.7333333333333334,33,18
logreg: gait only,cv,7,1,0.8007518796992482,0.5,1.0,0.0,33,19
logreg: gait only,cv,7,2,0.7185185185185186,0.6611111111111111,0.7222222222222222,0.6,33,18
logreg: gait only,cv,7,3,0.7894736842105263,0.706766917293233,0.8421052631578947,0.5714285714285714,33,19
logreg: gait only,cv,7,4,0.8533834586466166,0.8063909774436091,0.6842105263157895,0.9285714285714286,33,19
logreg: gait only,cv,8,0,0.7105263157894737,0.6635338345864662,0.6842105263157895,0.6428571428571428,33,19
logreg: gait only,cv,8,1,0.7406015037593985,0.6466165413533835,0.5789473684210527,0.7142857142857143,33,19
logreg: gait only,cv,8,2,0.8777777777777778,0.8277777777777777,0.7222222222222222,0.9333333333333333,33,18
logreg: gait only,cv,8,3,0.8383458646616542,0.7424812030075187,0.8421052631578947,0.6428571428571428,33,19
logreg: gait only,cv,8,4,0.9185185185185185,0.7666666666666666,1.0,0.5333333333333333,33,18
logreg: gait only,cv,9,0,0.7407407407407407,0.6666666666666666,0.6666666666666666,0.6666666666666667,33,18
logreg: gait only,cv,9,1,0.7481203007518797,0.6823308270676691,0.5789473684210527,0.7857142857142857,33,19
logreg: gait only,cv,9,2,0.9360902255639098,0.8308270676691729,0.9473684210526315,0.7142857142857143,33,19
logreg: gait only,cv,9,3,0.7819548872180452,0.7255639097744361,0.7368421052631579,0.7142857142857143,33,19
logreg: gait only,cv,9,4,0.9,0.8111111111111111,0.8888888888888888,0.7333333333333334,33,18
logreg: gait only,cv,10,0,0.8222222222222222,0.7611111111111111,0.7222222222222222,0.8,33,18
logreg: gait only,cv,10,1,0.8045112781954887,0.7161654135338347,0.7894736842105263,0.6428571428571428,33,19
logreg: gait only,cv,10,2,0.8684210526315789,0.8233082706766917,0.7894736842105263,0.8571428571428572,33,19
logreg: gait only,cv,10,3,0.6879699248120301,0.618421052631579,0.7368421052631579,0.5,33,19
logreg: gait only,cv,10,4,0.8518518518518517,0.8222222222222222,0.7777777777777778,0.8666666666666667,33,18
logreg: gait only,cv,11,0,0.8444444444444444,0.6944444444444444,0.7222222222222222,0.6666666666666667,33,18
logreg: gait only,cv,11,1,0.7406015037593985,0.6278195488721805,0.6842105263157895,0.5714285714285714,33,19
logreg: gait only,cv,11,2,0.8444444444444444,0.8055555555555556,0.9444444444444444,0.6666666666666667,33,18
logreg: gait only,cv,11,3,0.8195488721804511,0.7612781954887218,0.7368421052631579,0.7857142857142857,33,19
logreg: gait only,cv,11,4,0.8157894736842106,0.7781954887218046,0.8421052631578947,0.7142857142857143,33,19
logreg: gait only,cv,12,0,0.837037037037037,0.7833333333333333,0.8333333333333334,0.7333333333333334,33,18
logreg: gait only,cv,12,1,0.9074074074074074,0.8722222222222222,0.9444444444444444,0.8,33,18
logreg: gait only,cv,12,2,0.7048872180451128,0.6898496240601504,0.7368421052631579,0.6428571428571428,33,19
logreg: gait only,cv,12,3,0.8609022556390977,0.7518796992481203,0.7894736842105263,0.7142857142857143,33,19
logreg: gait only,cv,12,4,0.7067669172932332,0.6992481203007519,0.6842105263157895,0.7142857142857143,33,19
logreg: gait only,cv,13,0,0.8345864661654135,0.7255639097744361,0.7368421052631579,0.7142857142857143,33,19
logreg: gait only,cv,13,1,0.8444444444444446,0.8388888888888888,0.9444444444444444,0.7333333333333334,33,18
logreg: gait only,cv,13,2,0.6962962962962962,0.5666666666666667,0.6666666666666666,0.4666666666666667,33,18
logreg: gait only,cv,13,3,0.7030075187969924,0.5206766917293233,0.6842105263157895,0.3571428571428571,33,19
logreg: gait only,cv,13,4,0.819548872180451,0.7781954887218046,0.8421052631578947,0.7142857142857143,33,19
logreg: gait only,cv,14,0,0.8609022556390977,0.6992481203007519,0.6842105263157895,0.7142857142857143,33,19
logreg: gait only,cv,14,1,0.7333333333333333,0.5777777777777777,0.8888888888888888,0.2666666666666667,33,18
logreg: gait only,cv,14,2,0.8947368421052632,0.8139097744360901,0.8421052631578947,0.7857142857142857,33,19
logreg: gait only,cv,14,3,0.7932330827067668,0.8139097744360901,0.8421052631578947,0.7857142857142857,33,19
logreg: gait only,cv,14,4,0.8185185185185184,0.8222222222222222,0.7777777777777778,0.8666666666666667,33,18
logreg: gait only,cv,15,0,0.8037037037037037,0.5,1.0,0.0,33,18
logreg: gait only,cv,15,1,0.8111111111111111,0.7388888888888889,0.6111111111111112,0.8666666666666667,33,18
logreg: gait only,cv,15,2,0.7443609022556391,0.5827067669172932,0.7368421052631579,0.4285714285714286,33,19
logreg: gait only,cv,15,3,0.81203007518797,0.7781954887218046,0.8421052631578947,0.7142857142857143,33,19
logreg: gait only,cv,15,4,0.894736842105263,0.8665413533834586,0.9473684210526315,0.7857142857142857,33,19
logreg: gait only,cv,16,0,0.7814814814814814,0.7277777777777777,0.7222222222222222,0.7333333333333334,33,18
logreg: gait only,cv,16,1,0.8195488721804511,0.8063909774436091,0.6842105263157895,0.9285714285714286,33,19
logreg: gait only,cv,16,2,0.8007518796992481,0.7330827067669172,0.8947368421052632,0.5714285714285714,33,19
logreg: gait only,cv,16,3,0.8444444444444444,0.7388888888888889,0.9444444444444444,0.5333333333333333,33,18
logreg: gait only,cv,16,4,0.849624060150376,0.7255639097744361,0.7368421052631579,0.7142857142857143,33,19
logreg: gait only,cv,17,0,0.8111111111111111,0.8111111111111111,0.8888888888888888,0.7333333333333334,33,18
logreg: gait only,cv,17,1,0.7969924812030076,0.6541353383458646,0.7368421052631579,0.5714285714285714,33,19
logreg: gait only,cv,17,2,0.7781954887218044,0.6729323308270676,0.631578947368421,0.7142857142857143,33,19
logreg: gait only,cv,17,3,0.8345864661654135,0.7781954887218046,0.8421052631578947,0.7142857142857143,33,19
logreg: gait only,cv,17,4,0.8703703703703703,0.8166666666666667,0.8333333333333334,0.8,33,18
logreg: gait only,cv,18,0,0.7185185185185186,0.6277777777777778,0.7222222222222222,0.5333333333333333,33,18
logreg: gait only,cv,18,1,0.9407407407407408,0.8388888888888888,0.9444444444444444,0.7333333333333334,33,18
logreg: gait only,cv,18,2,0.8571428571428571,0.8214285714285714,1.0,0.6428571428571428,33,19
logreg: gait only,cv,18,3,0.8458646616541353,0.7349624060150376,0.6842105263157895,0.7857142857142857,33,19
logreg: gait only,cv,18,4,0.6879699248120301,0.6541353383458646,0.7368421052631579,0.5714285714285714,33,19
logreg: gait only,cv,19,0,0.7888888888888889,0.6833333333333333,0.8333333333333334,0.5333333333333333,33,18
logreg: gait only,cv,19,1,0.8120300751879699,0.7518796992481203,0.7894736842105263,0.7142857142857143,33,19
logreg: gait only,cv,19,2,0.7857142857142857,0.6992481203007519,0.6842105263157895,0.7142857142857143,33,19
logreg: gait only,cv,19,3,0.8,0.55,0.8333333333333334,0.2666666666666667,33,18
logreg: gait only,cv,19,4,0.8571428571428572,0.7781954887218046,0.8421052631578947,0.7142857142857143,33,19
logreg: gait + covariates,cv,0,0,0.8222222222222222,0.7444444444444445,0.8888888888888888,0.6,33,18
logreg: gait + covariates,cv,0,1,0.7518796992481203,0.7706766917293233,0.6842105263157895,0.8571428571428572,33,19
logreg: gait + covariates,cv,0,2,0.8777777777777778,0.7277777777777777,0.7222222222222222,0.7333333333333334,33,18
logreg: gait + covariates,cv,0,3,0.7706766917293233,0.5,1.0,0.0,33,19
logreg: gait + covariates,cv,0,4,0.7781954887218046,0.7255639097744361,0.7368421052631579,0.7142857142857143,33,19
logreg: gait + covariates,cv,1,0,0.8157894736842105,0.706766917293233,0.8421052631578947,0.5714285714285714,33,19
logreg: gait + covariates,cv,1,1,0.7259259259259259,0.5333333333333333,1.0,0.06666666666666665,33,18
logreg: gait + covariates,cv,1,2,0.7481481481481482,0.5444444444444444,0.8888888888888888,0.19999999999999996,33,18
logreg: gait + covariates,cv,1,3,0.6203007518796991,0.6635338345864662,0.6842105263157895,0.6428571428571428,33,19
logreg: gait + covariates,cv,1,4,0.8721804511278195,0.849624060150376,0.8421052631578947,0.8571428571428572,33,19
logreg: gait + covariates,cv,2,0,0.6992481203007519,0.6729323308270676,0.631578947368421,0.7142857142857143,33,19
logreg: gait + covariates,cv,2,1,0.7218045112781954,0.5,1.0,0.0,33,19
logreg: gait + covariates,cv,2,2,0.6390977443609023,0.6015037593984962,0.631578947368421,0.5714285714285714,33,19
logreg: gait + covariates,cv,2,3,0.7481481481481481,0.5,1.0,0.0,33,18
logreg: gait + covariates,cv,2,4,0.9185185185185185,0.5,1.0,0.0,33,18
logreg: gait + covariates,cv,3,0,0.7481481481481482,0.5,1.0,0.0,33,18
logreg: gait + covariates,cv,3,1,0.68796992481203,0.6015037593984962,0.631578947368421,0.5714285714285714,33,19
logreg: gait + covariates,cv,3,2,0.8345864661654135,0.8233082706766917,0.7894736842105263,0.8571428571428572,33,19
logreg: gait + covariates,cv,3,3,0.7819548872180451,0.6541353383458646,0.7368421052631579,0.5714285714285714,33,19
logreg: gait + covariates,cv,3,4,0.8296296296296297,0.5,1.0,0.0,33,18
logreg: gait + covariates,cv,4,0,0.6729323308270677,0.5714285714285714,1.0,0.1428571428571429,33,19
logreg: gait + covariates,cv,4,1,0.8740740740740741,0.75,0.8333333333333334,0.6666666666666667,33,18
logreg: gait + covariates,cv,4,2,0.7962962962962964,0.6833333333333333,0.8333333333333334,0.5333333333333333,33,18
logreg: gait + covariates,cv,4,3,0.800751879699248,0.7086466165413534,0.631578947368421,0.7857142857142857,33,19
logreg: gait + covariates,cv,4,4,0.7819548872180451,0.7255639097744361,0.7368421052631579,0.7142857142857143,33,19
logreg: gait + covariates,cv,5,0,0.7629629629629631,0.75,0.8333333333333334,0.6666666666666667,33,18
logreg: gait + covariates,cv,5,1,0.7368421052631579,0.7161654135338347,0.7894736842105263,0.6428571428571428,33,19
logreg: gait + covariates,cv,5,2,0.8007518796992481,0.6992481203007519,0.6842105263157895,0.7142857142857143,33,19
logreg: gait + covariates,cv,5,3,0.8925925925925926,0.8444444444444444,0.8888888888888888,0.8,33,18
logreg: gait + covariates,cv,5,4,0.6052631578947368,0.5,1.0,0.0,33,19
logreg: gait + covariates,cv,6,0,0.7819548872180451,0.6992481203007519,0.6842105263157895,0.7142857142857143,33,19
logreg: gait + covariates,cv,6,1,0.6888888888888889,0.5,1.0,0.0,33,18
logreg: gait + covariates,cv,6,2,0.8222222222222223,0.75,0.8333333333333334,0.6666666666666667,33,18
logreg: gait + covariates,cv,6,3,0.8233082706766917,0.7161654135338347,0.7894736842105263,0.6428571428571428,33,19
logreg: gait + covariates,cv,6,4,0.7744360902255639,0.7518796992481203,0.7894736842105263,0.7142857142857143,33,19
logreg: gait + covariates,cv,7,0,0.837037037037037,0.6777777777777778,0.8888888888888888,0.4666666666666667,33,18
logreg: gait + covariates,cv,7,1,0.7857142857142857,0.7142857142857143,1.0,0.4285714285714286,33,19
logreg: gait + covariates,cv,7,2,0.7481481481481482,0.6611111111111111,0.7222222222222222,0.6,33,18
logreg: gait + covariates,cv,7,3,0.800751879699248,0.7330827067669172,0.8947368421052632,0.5714285714285714,33,19
logreg: gait + covariates,cv,7,4,0.8082706766917294,0.7706766917293233,0.6842105263157895,0.8571428571428572,33,19
logreg: gait + covariates,cv,8,0,0.7067669172932332,0.637218045112782,0.631578947368421,0.6428571428571428,33,19
logreg: gait + covariates,cv,8,1,0.7406015037593985,0.6729323308270676,0.631578947368421,0.7142857142857143,33,19
logreg: gait + covariates,cv,8,2,0.8481481481481481,0.5,1.0,0.0,33,18
logreg: gait + covariates,cv,8,3,0.7669172932330828,0.7518796992481203,0.7894736842105263,0.7142857142857143,33,19
logreg: gait + covariates,cv,8,4,0.9111111111111112,0.7444444444444445,0.8888888888888888,0.6,33,18
logreg: gait + covariates,cv,9,0,0.7481481481481481,0.6388888888888888,0.6111111111111112,0.6666666666666667,33,18
logreg: gait + covariates,cv,9,1,0.6992481203007518,0.706766917293233,0.8421052631578947,0.5714285714285714,33,19
logreg: gait + covariates,cv,9,2,0.924812030075188,0.8045112781954887,0.8947368421052632,0.7142857142857143,33,19
logreg: gait + covariates,cv,9,3,0.7894736842105263,0.7255639097744361,0.7368421052631579,0.7142857142857143,33,19
logreg: gait + covariates,cv,9,4,0.8666666666666667,0.8388888888888888,0.9444444444444444,0.7333333333333334,33,18
logreg: gait + covariates,cv,10,0,0.8185185185185185,0.7055555555555556,0.6111111111111112,0.8,33,18
logreg: gait + covariates,cv,10,1,0.7593984962406015,0.6710526315789473,0.8421052631578947,0.5,33,19
logreg: gait + covariates,cv,10,2,0.8872180451127819,0.8139097744360901,0.8421052631578947,0.7857142857142857,33,19
logreg: gait + covariates,cv,10,3,0.6691729323308271,0.5281954887218044,0.8421052631578947,0.2142857142857143,33,19
logreg: gait + covariates,cv,10,4,0.7814814814814814,0.6833333333333333,0.8333333333333334,0.5333333333333333,33,18
logreg: gait + covariates,cv,11,0,0.7962962962962963,0.5,1.0,0.0,33,18
logreg: gait + covariates,cv,11,1,0.7781954887218046,0.7161654135338347,0.7894736842105263,0.6428571428571428,33,19
logreg: gait + covariates,cv,11,2,0.8444444444444444,0.7833333333333333,0.8333333333333334,0.7333333333333334,33,18
logreg: gait + covariates,cv,11,3,0.8233082706766918,0.6992481203007519,0.6842105263157895,0.7142857142857143,33,19
logreg: gait + covariates,cv,11,4,0.6691729323308271,0.6109022556390977,0.5789473684210527,0.6428571428571428,33,19
logreg: gait + covariates,cv,12,0,0.7851851851851852,0.6555555555555556,0.7777777777777778,0.5333333333333333,33,18
logreg: gait + covariates,cv,12,1,0.874074074074074,0.5,1.0,0.0,33,18
logreg: gait + covariates,cv,12,2,0.7481203007518797,0.7424812030075187,0.8421052631578947,0.6428571428571428,33,19
logreg: gait + covariates,cv,12,3,0.8233082706766918,0.5,1.0,0.0,33,19
logreg: gait + covariates,cv,12,4,0.7218045112781954,0.7349624060150376,0.6842105263157895,0.7857142857142857,33,19
logreg: gait + covariates,cv,13,0,0.8233082706766917,0.7255639097744361,0.7368421052631579,0.7142857142857143,33,19
logreg: gait + covariates,cv,13,1,0.8222222222222222,0.7277777777777777,0.7222222222222222,0.7333333333333334,33,18
logreg: gait + covariates,cv,13,2,0.7148148148148148,0.5944444444444444,0.7222222222222222,0.4666666666666667,33,18
logreg: gait + covariates,cv,13,3,0.7067669172932332,0.5,1.0,0.0,33,19
logreg: gait + covariates,cv,13,4,0.8157894736842105,0.7518796992481203,0.7894736842105263,0.7142857142857143,33,19
logreg: gait + covariates,cv,14,0,0.8345864661654134,0.7969924812030075,0.7368421052631579,0.8571428571428572,33,19
logreg: gait + covariates,cv,14,1,0.6296296296296297,0.5555555555555556,0.7777777777777778,0.33333333333333337,33,18
logreg: gait + covariates,cv,14,2,0.9060150375939849,0.8402255639097744,0.8947368421052632,0.7857142857142857,33,19
logreg: gait + covariates,cv,14,3,0.7744360902255639,0.7518796992481203,0.7894736842105263,0.7142857142857143,33,19
logreg: gait + covariates,cv,14,4,0.7962962962962963,0.7611111111111111,0.7222222222222222,0.8,33,18
logreg: gait + covariates,cv,15,0,0.7888888888888888,0.5,1.0,0.0,33,18
logreg: gait + covariates,cv,15,1,0.8185185185185184,0.7388888888888889,0.6111111111111112,0.8666666666666667,33,18
logreg: gait + covariates,cv,15,2,0.7593984962406015,0.6710526315789473,0.8421052631578947,0.5,33,19
logreg: gait + covariates,cv,15,3,0.7218045112781954,0.5,1.0,0.0,33,19
logreg: gait + covariates,cv,15,4,0.8796992481203008,0.6785714285714286,1.0,0.3571428571428571,33,19
logreg: gait + covariates,cv,16,0,0.837037037037037,0.7555555555555555,0.7777777777777778,0.7333333333333334,33,18
logreg: gait + covariates,cv,16,1,0.7706766917293233,0.7180451127819549,0.5789473684210527,0.8571428571428572,33,19
logreg: gait + covariates,cv,16,2,0.8458646616541353,0.768796992481203,0.8947368421052632,0.6428571428571428,33,19
logreg: gait + covariates,cv,16,3,0.8148148148148148,0.7444444444444445,0.8888888888888888,0.6,33,18
logreg: gait + covariates,cv,16,4,0.8045112781954887,0.6992481203007519,0.6842105263157895,0.7142857142857143,33,19
logreg: gait + covariates,cv,17,0,0.8037037037037038,0.7222222222222222,0.7777777777777778,0.6666666666666667,33,18
logreg: gait + covariates,cv,17,1,0.7593984962406015,0.6635338345864662,0.6842105263157895,0.6428571428571428,33,19
logreg: gait + covariates,cv,17,2,0.7481203007518797,0.7086466165413534,0.631578947368421,0.7857142857142857,33,19
logreg: gait + covariates,cv,17,3,0.8496240601503761,0.8402255639097744,0.8947368421052632,0.7857142857142857,33,19
logreg: gait + covariates,cv,17,4,0.8592592592592593,0.7444444444444445,0.8888888888888888,0.6,33,18
logreg: gait + covariates,cv,18,0,0.6703703703703703,0.5111111111111111,0.5555555555555556,0.4666666666666667,33,18
logreg: gait + covariates,cv,18,1,0.8592592592592592,0.7277777777777777,0.7222222222222222,0.7333333333333334,33,18
logreg: gait + covariates,cv,18,2,0.8458646616541353,0.7593984962406015,0.9473684210526315,0.5714285714285714,33,19
logreg: gait + covariates,cv,18,3,0.849624060150376,0.5357142857142857,1.0,0.0714285714285714,33,19
logreg: gait + covariates,cv,18,4,0.7067669172932332,0.6804511278195489,0.7894736842105263,0.5714285714285714,33,19
logreg: gait + covariates,cv,19,0,0.7481481481481481,0.5944444444444444,0.7222222222222222,0.4666666666666667,33,18
logreg: gait + covariates,cv,19,1,0.8270676691729323,0.7781954887218046,0.8421052631578947,0.7142857142857143,33,19
logreg: gait + covariates,cv,19,2,0.7218045112781954,0.5,1.0,0.0,33,19
logreg: gait + covariates,cv,19,3,0.8111111111111111,0.5,1.0,0.0,33,18
logreg: gait + covariates,cv,19,4,0.8721804511278195,0.7781954887218046,0.8421052631578947,0.7142857142857143,33,19
