model,label,auc_within,auc_within_low,auc_within_high,brier_within,brier_within_low,brier_within_high,balanced_accuracy_within,balanced_accuracy_within_low,balanced_accuracy_within_high,sensitivity_within,sensitivity_within_low,sensitivity_within_high,specificity_within,specificity_within_low,specificity_within_high,auc_within_repeat_low,auc_within_repeat_high,auc_across,auc_across_low,auc_across_high,auc_Ga,auc_Ga_low,auc_Ga_high,auc_Ju,auc_Ju_low,auc_Ju_high,auc_Si,auc_Si_low,auc_Si_high,auc_within_pooled,drop,drop_low,drop_high
logreg: gait only,Logistic regression: gait features,0.8116520467836259,0.7501110421939169,0.8731930513733349,0.19572151158626677,0.16544640122240264,0.2259966219501309,0.69646992481203,0.5893007358121835,0.8036391138118765,0.8590350877192983,0.7476413165595331,0.9704288588790634,0.5339047619047619,0.2553697372704055,0.8124397865391182,0.7865239487607908,0.8249908103592314,0.7318548387096775,0.6525006415861803,0.8048005955264019,0.8065134099616859,0.6581746411483254,0.9213730920158201,0.7524137931034482,0.6086518719806764,0.8802374708624708,0.710344827586207,0.573395094096367,0.8392996651785714,0.812873357228196,0.08101851851851849,0.037370697467430485,0.1250379723380319
logreg: gait + covariates,"Logistic regression: gait features + age, sex",0.7952509050403787,0.7311015042731314,0.8594003058076259,0.2070627177864549,0.17580991489911824,0.23831552067379158,0.6543157894736842,0.5377901745838136,0.7708414043635547,0.8826315789473683,0.762964061214016,1.0,0.42599999999999993,0.10962998080402753,0.7423700191959723,0.7691747424115846,0.81048858256753,0.6639784946236559,0.5806374967665291,0.7445994565217391,0.7969348659003832,0.65,0.9148275089605734,0.7558620689655173,0.6082162305943802,0.8819483901515152,0.7054187192118226,0.5683375827432267,0.8339107379805053,0.8015232974910395,0.13754480286738358,0.0747350877192982,0.20105535092943794
logreg: covariates only,Logistic regression: age and sex only,0.579889724310777,0.49105256189846186,0.6687268867230921,0.24642415066069848,0.23979064229544703,0.2530576590259499,0.5005814536340852,0.4702355997038887,0.5309273075642817,0.9408771929824562,0.8433493780678797,1.0,0.06028571428571428,0.0,0.1697210942092325,0.5247925368978,0.6070325814536341,0.5806451612903225,0.49269669091579454,0.667490301891901,0.5268199233716475,0.35473544973544974,0.7078953052995391,0.5910344827586206,0.4326388888888889,0.7481234643410771,0.6073891625615764,0.46473772321428575,0.7439308701122724,0.5716845878136201,-0.008960573476702427,-0.06559081457946324,0.047959340419336
single: swing_time_asymmetry_pct,Swing-time asymmetry alone,0.7572964355332776,0.6820940473807707,0.8324988236857845,0.20218995737164508,0.17495187555178696,0.2294280391915032,0.6824018379281536,0.6069884564816905,0.7578152193746166,0.7776608187134505,0.6834617254137775,0.8718599120131235,0.5871428571428571,0.45900120979733194,0.7152845044883822,0.7446208576998051,0.7709043441938178,0.7524641577060932,0.6771014384177404,0.8272467590757693,0.7624521072796934,0.6028010357368754,0.909095491202346,0.737241379310345,0.5930689655172413,0.8569619273024777,0.7576354679802956,0.6277036777036776,0.869972803776683,0.7510454002389485,-0.0014187574671447045,-0.010610139896698073,0.0076036993309720035
single: swing_pct_mean,Swing fraction of the stride alone,0.7447561960456696,0.6838796541558272,0.8056327379355119,0.20571996455963443,0.18563139673365298,0.22580853238561588,0.6826979949874687,0.6198586774232946,0.7455373125516429,0.723157894736842,0.6305002077562735,0.8158155817174105,0.642238095238095,0.5271481328451149,0.7573280576310752,0.7344249512670565,0.7575511695906433,0.7291666666666666,0.6491929196566293,0.8060723180076628,0.8793103448275862,0.7636195286195286,0.9666758241758241,0.7468965517241379,0.6096206896551724,0.8643753382034631,0.612807881773399,0.4665748355263158,0.7470782403870638,0.739994026284349,0.01082735961768233,-0.0021420954659591013,0.02521815074199211
single: swing_time_cv_pct,Swing-time variability alone,0.6723153717627404,0.5867666386736698,0.7578641048518109,0.2261926016388446,0.2046791002296093,0.2477061030480799,0.6196971595655806,0.5467490869388132,0.692645232192348,0.7439181286549709,0.6318519157773829,0.8559843415325589,0.49547619047619035,0.3659987110767345,0.6249536698756462,0.6630694792536898,0.6842382344750766,0.6574820788530465,0.5749524779012074,0.7385581305490686,0.7164750957854407,0.5563874530075188,0.854978354978355,0.5951724137931035,0.4382169117647059,0.7513972701149425,0.7201970443349754,0.5843231732348112,0.8411788048552754,0.6618876941457587,0.004405615292712106,-0.012204498340539624,0.02084711784545908
single: stride_time_cv_pct,Stride-time variability alone,0.6017035644667224,0.5013585134435863,0.7020486154898584,0.23936356368146527,0.22326353412760272,0.25546359323532786,0.5868596491228069,0.5185364442239723,0.6551828540216414,0.817719298245614,0.7149287416154433,0.9205098548757846,0.3559999999999999,0.23316538418640442,0.47883461581359543,0.592334447229184,0.6127521581732108,0.5737007168458781,0.48294058006338403,0.6630870089971472,0.4559386973180076,0.276313136672326,0.6322059232480532,0.5634482758620689,0.3969701056098115,0.7190934065934066,0.7379310344827587,0.6041003351487223,0.8502463054187193,0.5899044205495818,0.01620370370370372,-0.00956487818620179,0.04283638156374527
single: stride_time_mean_s,Mean stride time alone,0.5626949317738792,0.4717200862533482,0.6536697772944101,0.24570929534819208,0.23573373263483452,0.2556848580615496,0.4881353383458646,0.44126894003330575,0.5350017366584234,0.8851754385964913,0.7698377884442786,1.0,0.09109523809523809,0.005391356900850117,0.17679911928962605,0.5532988025619605,0.5752261904761905,0.5212813620071686,0.43273088546807276,0.6090761259995003,0.5114942528735632,0.3429105090311987,0.6923076923076923,0.4379310344827586,0.27349568774878374,0.5904677457885733,0.6847290640394089,0.5473883077872891,0.8088410364145657,0.5440561529271206,0.022774790919952048,-0.008154734961286504,0.05658443036316599
single: stride_time_asymmetry_pct,Stride-time asymmetry alone,0.4396630465051517,0.35235117388034387,0.5269749191299595,0.2509096263872459,0.2421908597737212,0.2596283930007706,0.4868613199665831,0.4532446459418646,0.5204779939913017,0.9611988304093566,0.8837515585338189,1.0,0.012523809523809522,0.0,0.04640960891391895,0.37492119186856027,0.5206845586187691,0.3984468339307049,0.3154051172707889,0.48148325790371244,0.3831417624521073,0.21270670995670996,0.5512820512820513,0.4351724137931035,0.2815934065934066,0.5904417178863131,0.38374384236453196,0.24998759920634922,0.5273546006944444,0.38500597371565115,-0.013440860215053752,-0.11776821013501346,0.09122808803097586
baseline: chance,Chance (share of PD in training),0.5,0.5,0.5,0.2460743801652892,0.24410166182847481,0.2480470985021036,0.5,0.5,0.5,1.0,1.0,1.0,0.0,0.0,0.0,0.5,0.5,0.46654719235364395,0.38524123273258537,0.5502546462271851,0.5,0.5,0.5,0.5,0.5,0.5,0.5,0.5,0.5,0.417562724014337,-0.048984468339306975,-0.16803171104989278,0.06670871557578259
